date,hour,fuel type,percent marginal,co2 rate
2019-01-01,0,Gas,0.7906052725145918,981
2019-01-01,0,Other,0.08320065906432397,2048
2019-01-01,0,Pumped Storage,0.125,0
2019-01-01,0,Wind,0.0011940684210842583,0
2019-01-01,1,Gas,0.75,868
2019-01-01,1,Other,0.25000000000000006,2044
2019-01-01,2,Gas,1.0,973
2019-01-01,3,Gas,0.8318031243542303,853
2019-01-01,3,Wind,0.1681968756457697,0
2019-01-01,4,Gas,0.16636074363134437,1263
2019-01-01,4,Hydro,0.3996940769646777,0
2019-01-01,4,Wind,0.43394517940397787,0
2019-01-01,5,Gas,0.8316473288281467,981
2019-01-01,5,Wind,0.16835267117185332,0
2019-01-01,6,Gas,0.08317004534956073,851
2019-01-01,6,Pumped Storage Demand,0.9148704988451678,0
2019-01-01,6,Wind,0.001959455805271438,0
2019-01-01,7,Hydro,0.4833333333333333,0
2019-01-01,7,Other,0.16631775720085928,2100
2019-01-01,7,Pumped Storage Demand,0.08315887860042964,0
2019-01-01,7,Wind,0.2671900308653778,0
2019-01-01,8,Gas,0.08316261825652677,1291
2019-01-01,8,Hydro,0.9166666666666666,0
2019-01-01,8,Wind,0.000170715076806557,0
2019-01-01,9,Gas,0.9979744654874806,967
2019-01-01,9,Wind,0.0020255345125194343,0
2019-01-01,10,Gas,0.4999999999999999,846
2019-01-01,10,Hydro,0.4166666666666666,0
2019-01-01,10,Wind,0.08333333333333331,0
2019-01-01,11,Hydro,0.8333333333333333,0
2019-01-01,11,Wind,0.16666666666666666,0
2019-01-01,12,Pumped Storage Demand,0.5,0
2019-01-01,12,Wind,0.5,0
2019-01-01,13,Gas,0.1663325343894931,1291
2019-01-01,13,Pumped Storage Demand,0.8316626719474656,0
2019-01-01,13,Wind,0.002004793663041222,0
2019-01-01,14,Gas,0.7470807069406766,1048
2019-01-01,14,Wind,0.2529192930593232,0
2019-01-01,15,Gas,0.6636110032674906,1333
2019-01-01,15,Wind,0.33638899673250955,0
2019-01-01,16,Gas,0.8300522031819338,946
2019-01-01,16,Wind,0.169947796818066,0
2019-01-01,17,Gas,0.9949727214567851,873
2019-01-01,17,Wind,0.0050272785432148165,0
2019-01-01,18,Gas,0.995115234157933,821
2019-01-01,18,Wind,0.0048847658420669475,0
2019-01-01,19,Gas,0.5804603242780195,831
2019-01-01,19,Pumped Storage,0.4146145173414425,0
2019-01-01,19,Wind,0.004925158380537909,0
2019-01-01,20,Gas,0.9951253995546597,893
2019-01-01,20,Wind,0.004874600445340231,0
2019-01-01,21,Gas,0.9964480893883062,930
2019-01-01,21,Wind,0.003551910611693828,0
2019-01-01,22,Gas,0.831828571104585,825
2019-01-01,22,Wind,0.16817142889541514,0
2019-01-01,23,Gas,0.8317988745318611,844
2019-01-01,23,Hydro,0.08333333333333334,0
2019-01-01,23,Wind,0.08486779213480551,0
2019-01-02,0,Hydro,0.5833333333333334,0
2019-01-02,0,Wind,0.4166666666666667,0
2019-01-02,1,Hydro,0.25,0
2019-01-02,1,Pumped Storage Demand,0.3327264962049404,0
2019-01-02,1,Wind,0.4172735037950596,0
2019-01-02,2,Gas,0.9986751467368966,1045
2019-01-02,2,Wind,0.0013248532631035188,0
2019-01-02,3,Gas,1.0,842
2019-01-02,4,Gas,0.75,837
2019-01-02,4,Wind,0.25,0
2019-01-02,5,Gas,0.75,849
2019-01-02,5,Hydro,0.25,0
2019-01-02,6,Gas,1.0000000000000002,824
2019-01-02,7,Gas,1.0,878
2019-01-02,8,Gas,1.0,851
2019-01-02,9,Gas,1.0,862
2019-01-02,10,Gas,1.0,866
2019-01-02,11,Gas,1.0,880
2019-01-02,12,Gas,1.0,881
2019-01-02,13,Gas,1.0,879
2019-01-02,14,Gas,0.9999999999999999,868
2019-01-02,15,Gas,1.0,856
2019-01-02,16,Gas,0.5,854
2019-01-02,16,Pumped Storage,0.49999999999999994,0
2019-01-02,17,Gas,0.6666666666666666,869
2019-01-02,17,Pumped Storage,0.3333333333333333,0
2019-01-02,18,Gas,0.25,941
2019-01-02,18,Pumped Storage,0.7499999999999999,0
2019-01-02,19,Gas,0.8333333333333334,847
2019-01-02,19,Pumped Storage,0.16666666666666669,0
2019-01-02,20,Gas,0.5833333333333333,865
2019-01-02,20,Pumped Storage,0.41666666666666663,0
2019-01-02,21,Gas,0.9442126164041122,855
2019-01-02,21,Other,0.02777777777777778,2048
2019-01-02,21,Pumped Storage,0.02777777777777778,0
2019-01-02,21,Wind,0.0002318280403322975,0
2019-01-02,22,Gas,1.0,860
2019-01-02,23,Gas,0.9143669326609796,825
2019-01-02,23,Pumped Storage Demand,0.08310335993276462,0
2019-01-02,23,Wind,0.0025297074062559303,0
2019-01-03,0,Gas,0.16620100507631994,866
2019-01-03,0,Pumped Storage Demand,0.8310050253815996,0
2019-01-03,0,Wind,0.0027939695420803926,0
2019-01-03,1,Gas,0.8310064258893451,824
2019-01-03,1,Pumped Storage Demand,0.16620128517786903,0
2019-01-03,1,Wind,0.00279228893278573,0
2019-01-03,2,Gas,0.9971432314292381,841
2019-01-03,2,Wind,0.002856768570761965,0
2019-01-03,3,Gas,0.9971894738978069,849
2019-01-03,3,Wind,0.002810526102193048,0
2019-01-03,4,Gas,0.7469991069268487,844
2019-01-03,4,Pumped Storage Demand,0.2493072381110443,0
2019-01-03,4,Wind,0.003693654962107197,0
2019-01-03,5,Gas,0.7469181184580423,818
2019-01-03,5,Other,0.16639949337852739,2048
2019-01-03,5,Pumped Storage Demand,0.08319974668926369,0
2019-01-03,5,Wind,0.003482641474166581,0
2019-01-03,6,Gas,0.41600238445173104,860
2019-01-03,6,Pumped Storage,0.49986714355701295,0
2019-01-03,6,Pumped Storage Demand,0.08320047689034621,0
2019-01-03,6,Wind,0.0009299951009099623,0
2019-01-03,7,Gas,0.33283737329249724,904
2019-01-03,7,Pumped Storage,0.6666666666666666,0
2019-01-03,7,Wind,0.0004959600408361296,0
2019-01-03,8,Gas,0.6656969651085699,891
2019-01-03,8,Pumped Storage,0.33284848255428495,0
2019-01-03,8,Wind,0.0014545523371451176,0
2019-01-03,9,Gas,0.9153411867473329,863
2019-01-03,9,Pumped Storage,0.08321283515884845,0
2019-01-03,9,Wind,0.0014459780938186775,0
2019-01-03,10,Gas,0.7494780215156008,874
2019-01-03,10,Pumped Storage,0.24986950537890024,0
2019-01-03,10,Wind,0.0006524731054992297,0
2019-01-03,11,Gas,1.0,850
2019-01-03,12,Gas,1.0,848
2019-01-03,13,Gas,1.0,873
2019-01-03,14,Gas,1.0,895
2019-01-03,15,Gas,1.0,873
2019-01-03,16,Gas,0.7083333333333334,969
2019-01-03,16,Other,0.16666666666666669,2044
2019-01-03,16,Pumped Storage,0.12500000000000003,0
2019-01-03,17,Gas,0.9166666666666667,868
2019-01-03,17,Pumped Storage,0.08333333333333333,0
2019-01-03,18,Gas,0.9166666666666666,876
2019-01-03,18,Pumped Storage,0.08333333333333333,0
2019-01-03,19,Gas,0.8333333333333334,851
2019-01-03,19,Pumped Storage,0.16666666666666669,0
2019-01-03,20,Gas,0.75,851
2019-01-03,20,Pumped Storage,0.25,0
2019-01-03,21,Gas,1.0000000000000002,841
2019-01-03,22,Gas,1.0,860
2019-01-03,23,Gas,0.9166666666666667,857
2019-01-03,23,Pumped Storage Demand,0.08333333333333334,0
2019-01-04,0,Gas,0.7500000000000001,825
2019-01-04,0,Pumped Storage Demand,0.25,0
2019-01-04,1,Gas,1.0,845
2019-01-04,2,Gas,0.9999999999999998,844
2019-01-04,3,Gas,1.0,872
2019-01-04,4,Gas,1.0,843
2019-01-04,5,Gas,1.0,845
2019-01-04,6,Gas,0.9994399042039228,833
2019-01-04,6,Wind,0.0005600957960771846,0
2019-01-04,7,Gas,1.0,827
2019-01-04,8,Gas,0.9999999999999999,892
2019-01-04,9,Gas,0.9995733757030965,877
2019-01-04,9,Wind,0.0004266242969035421,0
2019-01-04,10,Gas,1.0,949
2019-01-04,11,Gas,1.0000000000000002,871
2019-01-04,12,Gas,1.0000000000000002,849
2019-01-04,13,Gas,0.9999999999999999,854
2019-01-04,14,Gas,1.0,879
2019-01-04,15,Gas,1.0,856
2019-01-04,16,Gas,0.9166666666666665,887
2019-01-04,16,Pumped Storage,0.08333333333333331,0
2019-01-04,17,Gas,0.916666666666667,906
2019-01-04,17,Pumped Storage,0.08333333333333334,0
2019-01-04,18,Gas,0.7499999999999999,855
2019-01-04,18,Wind,0.24999999999999997,0
2019-01-04,19,Gas,1.0000000000000002,872
2019-01-04,20,Gas,1.0,869
2019-01-04,21,Gas,0.9999999999999998,876
2019-01-04,22,Gas,1.0,846
2019-01-04,23,Gas,0.7500000000000001,811
2019-01-04,23,Other,0.25,2044
2019-01-05,0,Gas,0.9166666666666667,854
2019-01-05,0,Other,0.08333333333333334,2044
2019-01-05,1,Gas,1.0,849
2019-01-05,2,Gas,1.0,840
2019-01-05,3,Gas,1.0,855
2019-01-05,4,Gas,0.9166666666666666,853
2019-01-05,4,Pumped Storage Demand,0.08333333333333333,0
2019-01-05,5,Gas,0.75,847
2019-01-05,5,Pumped Storage Demand,0.25,0
2019-01-05,6,Gas,1.0,850
2019-01-05,7,Gas,0.9999999999999999,872
2019-01-05,8,Gas,0.75,847
2019-01-05,8,Hydro,0.25,0
2019-01-05,9,Gas,0.9999999999999999,862
2019-01-05,10,Gas,1.0,840
2019-01-05,11,Gas,0.9999999999999998,896
2019-01-05,12,Gas,0.9999999999999999,868
2019-01-05,13,Gas,1.0,920
2019-01-05,14,Gas,1.0,840
2019-01-05,15,Gas,1.0,839
2019-01-05,16,Gas,0.9166666666666665,842
2019-01-05,16,Pumped Storage,0.08333333333333331,0
2019-01-05,17,Gas,0.33333333333333337,888
2019-01-05,17,Pumped Storage,0.6666666666666666,0
2019-01-05,18,Gas,1.0,845
2019-01-05,19,Gas,1.0000000000000002,921
2019-01-05,20,Gas,1.0,843
2019-01-05,21,Gas,1.0,907
2019-01-05,22,Gas,1.0,861
2019-01-05,23,Gas,0.9999999999999998,831
2019-01-06,0,Gas,0.8333333333333333,822
2019-01-06,0,Hydro,0.16666666666666666,0
2019-01-06,1,Gas,0.8333333333333333,1033
2019-01-06,1,Wind,0.16666666666666666,0
2019-01-06,2,Gas,0.5833333333333333,887
2019-01-06,2,Pumped Storage Demand,0.4166666666666667,0
2019-01-06,3,Gas,0.9166666666666667,833
2019-01-06,3,Pumped Storage Demand,0.08333333333333333,0
2019-01-06,4,Gas,1.0,823
2019-01-06,5,Gas,1.0,835
2019-01-06,6,Gas,1.0,814
2019-01-06,7,Gas,1.0,858
2019-01-06,8,Gas,0.75,858
2019-01-06,8,Pumped Storage,0.25,0
2019-01-06,9,Gas,0.8333333333333334,861
2019-01-06,9,Pumped Storage,0.16666666666666669,0
2019-01-06,10,Gas,0.7916666666666667,818
2019-01-06,10,Pumped Storage,0.20833333333333334,0
2019-01-06,11,Gas,0.9999999999999999,902
2019-01-06,12,Gas,0.9999999999999999,843
2019-01-06,13,Gas,1.0,844
2019-01-06,14,Gas,0.9984286112594571,837
2019-01-06,14,Wind,0.0015713887405429993,0
2019-01-06,15,Gas,0.9991208956039639,858
2019-01-06,15,Wind,0.0008791043960361714,0
2019-01-06,16,Gas,0.9975677940137354,843
2019-01-06,16,Wind,0.0024322059862646613,0
2019-01-06,17,Gas,0.7466286619726921,890
2019-01-06,17,Pumped Storage,0.24887622065756407,0
2019-01-06,17,Wind,0.004495117369744001,0
2019-01-06,18,Gas,0.5116524962651825,895
2019-01-06,18,Pumped Storage,0.48399560457517254,0
2019-01-06,18,Wind,0.004351899159644898,0
2019-01-06,19,Gas,0.5808001127626452,866
2019-01-06,19,Pumped Storage,0.41485722340188946,0
2019-01-06,19,Wind,0.0043426638354653185,0
2019-01-06,20,Gas,0.8298529782968624,871
2019-01-06,20,Pumped Storage,0.16597059565937247,0
2019-01-06,20,Wind,0.004176426043765089,0
2019-01-06,21,Gas,0.9958229395273692,862
2019-01-06,21,Wind,0.004177060472630764,0
2019-01-06,22,Gas,0.9959044904758098,846
2019-01-06,22,Wind,0.004095509524190348,0
2019-01-06,23,Gas,0.33234672430485807,842
2019-01-06,23,Pumped Storage Demand,0.6638005637219837,0
2019-01-06,23,Wind,0.00385271197315812,0
2019-01-07,0,Gas,0.5819137214286667,836
2019-01-07,0,Wind,0.4180862785713332,0
2019-01-07,1,Gas,0.4155187465439475,829
2019-01-07,1,Hydro,0.0013097180655195519,0
2019-01-07,1,Pumped Storage Demand,0.2495634273114935,0
2019-01-07,1,Wind,0.3336081080790395,0
2019-01-07,2,Gas,0.08318655637304448,818
2019-01-07,2,Hydro,0.0001467769602888594,0
2019-01-07,2,Pumped Storage Demand,0.9150521201034892,0
2019-01-07,2,Wind,0.0016145465631774534,0
2019-01-07,3,Gas,0.8281181319605708,974
2019-01-07,3,Hydro,0.0010547585643228378,0
2019-01-07,3,Wind,0.1708271094751064,0
2019-01-07,4,Gas,0.9029834356848595,841
2019-01-07,4,Hydro,0.0021416852995027823,0
2019-01-07,4,Wind,0.0948748790156376,0
2019-01-07,5,Gas,0.3321376091896828,954
2019-01-07,5,Hydro,0.5273591129059642,0
2019-01-07,5,Wind,0.14050327790435296,0
2019-01-07,6,Gas,0.9956729536187833,843
2019-01-07,6,Wind,0.004327046381216562,0
2019-01-07,7,Gas,0.9975386352508419,829
2019-01-07,7,Wind,0.002461364749158112,0
2019-01-07,8,Gas,0.9984160691797338,888
2019-01-07,8,Wind,0.0015839308202659056,0
2019-01-07,9,Gas,0.9983875913461859,852
2019-01-07,9,Wind,0.0016124086538141858,0
2019-01-07,10,Gas,0.9982925266043212,886
2019-01-07,10,Wind,0.0017074733956787208,0
2019-01-07,11,Gas,0.9151605219887161,903
2019-01-07,11,Hydro,0.08333333333333334,0
2019-01-07,11,Wind,0.0015061446779505519,0
2019-01-07,12,Gas,0.9983973667302203,981
2019-01-07,12,Wind,0.0016026332697796624,0
2019-01-07,13,Gas,0.9984669874414216,878
2019-01-07,13,Wind,0.0015330125585784463,0
2019-01-07,14,Gas,0.9987462283031747,875
2019-01-07,14,Wind,0.0012537716968252358,0
2019-01-07,15,Gas,0.9999999999999999,875
2019-01-07,16,Gas,0.9999999999999999,860
2019-01-07,17,Gas,0.9999999999999996,876
2019-01-07,18,Gas,0.6666666666666667,877
2019-01-07,18,Pumped Storage,0.33333333333333337,0
2019-01-07,19,Gas,0.999150055680971,855
2019-01-07,19,Wind,0.0008499443190290122,0
2019-01-07,20,Gas,0.9973594124291774,858
2019-01-07,20,Wind,0.002640587570822714,0
2019-01-07,21,Gas,0.9974495101551798,854
2019-01-07,21,Wind,0.0025504898448201105,0
2019-01-07,22,Gas,0.9974732068934868,869
2019-01-07,22,Wind,0.0025267931065130413,0
2019-01-07,23,Gas,0.9143612324862993,847
2019-01-07,23,Pumped Storage,0.08312374840784541,0
2019-01-07,23,Wind,0.0025150191058549184,0
2019-01-08,0,Gas,0.9974775647186084,848
2019-01-08,0,Wind,0.0025224352813916886,0
2019-01-08,1,Gas,0.9972929599400738,847
2019-01-08,1,Wind,0.0027070400599261478,0
2019-01-08,2,Gas,0.5822553503170602,956
2019-01-08,2,Pumped Storage Demand,0.16623547346015743,0
2019-01-08,2,Wind,0.25150917622278235,0
2019-01-08,3,Pumped Storage Demand,0.9973947334449933,0
2019-01-08,3,Wind,0.0026052665550068167,0
2019-01-08,4,Pumped Storage Demand,0.9973419982701599,0
2019-01-08,4,Wind,0.0026580017298401303,0
2019-01-08,5,Gas,0.8310142539934267,866
2019-01-08,5,Pumped Storage Demand,0.16620285079868533,0
2019-01-08,5,Wind,0.0027828952078881777,0
2019-01-08,6,Gas,0.9973687553883614,852
2019-01-08,6,Wind,0.002631244611638515,0
2019-01-08,7,Gas,0.9973164282913652,840
2019-01-08,7,Wind,0.002683571708634778,0
2019-01-08,8,Gas,0.9973294617458639,853
2019-01-08,8,Wind,0.0026705382541360933,0
2019-01-08,9,Gas,0.7481021326888532,881
2019-01-08,9,Pumped Storage,0.24936737756295102,0
2019-01-08,9,Wind,0.0025304897481960215,0
2019-01-08,10,Gas,0.24899573104300135,855
2019-01-08,10,Pumped Storage,0.7471071692383848,0
2019-01-08,10,Wind,0.0038970997186137213,0
2019-01-08,11,Gas,0.16614118997817326,869
2019-01-08,11,Pumped Storage,0.830925885471639,0
2019-01-08,11,Wind,0.0029329245501877855,0
2019-01-08,12,Pumped Storage,0.9993492845304617,0
2019-01-08,12,Wind,0.000650715469538345,0
2019-01-08,13,Pumped Storage,1.0,0
2019-01-08,14,Gas,1.0,847
2019-01-08,15,Gas,1.0,833
2019-01-08,16,Gas,0.33333333333333326,870
2019-01-08,16,Pumped Storage,0.6666666666666666,0
2019-01-08,17,Gas,0.08333333333333334,882
2019-01-08,17,Pumped Storage,0.9166666666666667,0
2019-01-08,18,Gas,0.20833333333333334,911
2019-01-08,18,Pumped Storage,0.7916666666666666,0
2019-01-08,19,Gas,0.16666666666666666,879
2019-01-08,19,Pumped Storage,0.8333333333333334,0
2019-01-08,20,Gas,0.41666666666666674,861
2019-01-08,20,Pumped Storage,0.5833333333333331,0
2019-01-08,21,Gas,0.9166666666666666,867
2019-01-08,21,Pumped Storage,0.08333333333333334,0
2019-01-08,22,Gas,1.0,839
2019-01-08,23,Gas,0.9990498112560664,896
2019-01-08,23,Wind,0.0009501887439336733,0
2019-01-09,0,Gas,0.8322221167973681,846
2019-01-09,0,Wind,0.16777788320263196,0
2019-01-09,1,Gas,0.9153054549298869,871
2019-01-09,1,Wind,0.0846945450701132,0
2019-01-09,2,Gas,0.33282497601714106,866
2019-01-09,2,Pumped Storage Demand,0.4160312200214263,0
2019-01-09,2,Wind,0.25114380396143265,0
2019-01-09,3,Gas,0.4992248629051329,859
2019-01-09,3,Pumped Storage Demand,0.33281657527008857,0
2019-01-09,3,Wind,0.1679585618247785,0
2019-01-09,4,Gas,0.41599797149051043,851
2019-01-09,4,Pumped Storage Demand,0.5823971600867146,0
2019-01-09,4,Wind,0.0016048684227750933,0
2019-01-09,5,Gas,0.8319839249199075,823
2019-01-09,5,Pumped Storage Demand,0.1663967849839815,0
2019-01-09,5,Wind,0.0016192900961110226,0
2019-01-09,6,Gas,0.5832017130139221,872
2019-01-09,6,Hydro,0.08320171301392211,0
2019-01-09,6,Pumped Storage Demand,0.3329384723750997,0
2019-01-09,6,Wind,0.0006581015970560823,0
2019-01-09,7,Gas,0.9996395244940345,863
2019-01-09,7,Wind,0.00036047550596567796,0
2019-01-09,8,Gas,1.0,874
2019-01-09,9,Gas,0.9999999999999999,941
2019-01-09,10,Gas,0.9999999999999999,871
2019-01-09,11,Gas,1.0000000000000002,855
2019-01-09,12,Gas,1.0,911
2019-01-09,13,Gas,1.0000000000000002,860
2019-01-09,14,Gas,1.0,865
2019-01-09,15,Gas,1.0,932
2019-01-09,16,Gas,1.0,858
2019-01-09,17,Gas,0.8333333333333334,863
2019-01-09,17,Pumped Storage,0.16666666666666666,0
2019-01-09,18,Gas,0.75,877
2019-01-09,18,Other,0.08333333333333333,2044
2019-01-09,18,Pumped Storage,0.16666666666666666,0
2019-01-09,19,Gas,0.8333333333333334,865
2019-01-09,19,Pumped Storage,0.16666666666666669,0
2019-01-09,20,Gas,0.49999999999999994,869
2019-01-09,20,Other,0.08333333333333333,2048
2019-01-09,20,Pumped Storage,0.41666666666666663,0
2019-01-09,21,Gas,0.75,865
2019-01-09,21,Pumped Storage Demand,0.25,0
2019-01-09,22,Gas,0.5833333333333334,859
2019-01-09,22,Pumped Storage Demand,0.41666666666666663,0
2019-01-09,23,Gas,1.0,818
2019-01-10,0,Gas,0.8999999999999999,826
2019-01-10,0,Hydro,0.09999999999999999,0
2019-01-10,1,Gas,0.33333333333333337,818
2019-01-10,1,Pumped Storage Demand,0.6666666666666666,0
2019-01-10,2,Gas,0.75,832
2019-01-10,2,Hydro,0.25,0
2019-01-10,3,Gas,1.0,842
2019-01-10,4,Gas,0.75,837
2019-01-10,4,Hydro,0.16666666666666666,0
2019-01-10,4,Wind,0.08333333333333333,0
2019-01-10,5,Gas,0.5833333333333334,838
2019-01-10,5,Hydro,0.33333333333333337,0
2019-01-10,5,Wind,0.08333333333333334,0
2019-01-10,6,Gas,1.0,885
2019-01-10,7,Gas,0.75,884
2019-01-10,7,Pumped Storage,0.25,0
2019-01-10,8,Gas,0.25,920
2019-01-10,8,Pumped Storage,0.75,0
2019-01-10,9,Pumped Storage,1.0,0
2019-01-10,10,Gas,0.5827988998396485,924
2019-01-10,10,Hydro,0.0005344334936849178,0
2019-01-10,10,Pumped Storage,0.4166666666666667,0
2019-01-10,11,Gas,0.6666666666666667,835
2019-01-10,11,Other,0.25,2044
2019-01-10,11,Pumped Storage,0.08333333333333333,0
2019-01-10,12,Gas,1.0,824
2019-01-10,13,Gas,1.0,899
2019-01-10,14,Gas,1.0,831
2019-01-10,15,Gas,1.0,821
2019-01-10,16,Gas,0.6666666666666667,870
2019-01-10,16,Other,0.16666666666666669,2044
2019-01-10,16,Pumped Storage,0.16666666666666669,0
2019-01-10,17,Demand Response,0.16666666666666663,0
2019-01-10,17,Gas,0.5416666666666665,878
2019-01-10,17,Other,0.04166666666666666,2044
2019-01-10,17,Pumped Storage,0.24999999999999997,0
2019-01-10,18,Gas,0.41666666666666663,889
2019-01-10,18,Pumped Storage,0.5833333333333334,0
2019-01-10,19,Gas,0.5,877
2019-01-10,19,Pumped Storage,0.5,0
2019-01-10,20,Gas,1.0,928
2019-01-10,21,Gas,1.0,866
2019-01-10,22,Gas,0.9997430631749633,835
2019-01-10,22,Other,0.0002569368250366168,2362
2019-01-10,23,Gas,0.9968562586361683,900
2019-01-10,23,Hydro,0.0010479137879438468,0
2019-01-10,23,Other,0.002095827575887694,3029
2019-01-11,0,Gas,0.9989610488267798,851
2019-01-11,0,Hydro,0.0007792133799150329,0
2019-01-11,0,Other,0.00025973779330501094,4141
2019-01-11,1,Gas,1.0,841
2019-01-11,2,Gas,1.0,850
2019-01-11,3,Gas,1.0,857
2019-01-11,4,Demand Response,0.04166666666666667,0
2019-01-11,4,Gas,0.9583333333333335,844
2019-01-11,5,Gas,0.375,870
2019-01-11,5,Hydro,0.16666666666666669,0
2019-01-11,5,Pumped Storage,0.45833333333333337,0
2019-01-11,6,Gas,0.3333333333333333,891
2019-01-11,6,Pumped Storage,0.6666666666666666,0
2019-01-11,7,Gas,0.6666666666666667,866
2019-01-11,7,Pumped Storage,0.3333333333333333,0
2019-01-11,8,Gas,0.9999999999999999,900
2019-01-11,9,Gas,1.0,862
2019-01-11,10,Gas,1.0000000000000002,861
2019-01-11,11,Gas,0.7500000000000001,965
2019-01-11,11,Pumped Storage Demand,0.25,0
2019-01-11,12,Gas,0.9166666666666667,1138
2019-01-11,12,Pumped Storage Demand,0.08333333333333333,0
2019-01-11,13,Gas,0.08333333333333334,1291
2019-01-11,13,Pumped Storage Demand,0.9166666666666666,0
2019-01-11,14,Gas,0.4166666666666667,856
2019-01-11,14,Pumped Storage Demand,0.5833333333333333,0
2019-01-11,15,Gas,1.0000000000000002,879
2019-01-11,16,Gas,0.9999999999999998,879
2019-01-11,17,Gas,1.0,880
2019-01-11,18,Gas,0.9999999999999999,884
2019-01-11,19,Gas,1.0,870
2019-01-11,20,Gas,0.9999999999999999,873
2019-01-11,21,Gas,1.0000000000000002,880
2019-01-11,22,Gas,1.0000000000000002,862
2019-01-11,23,Gas,1.0,832
2019-01-12,0,Gas,0.9999999999999999,936
2019-01-12,1,Gas,0.3333333333333333,959
2019-01-12,1,Pumped Storage Demand,0.6666666666666666,0
2019-01-12,2,Gas,0.16666666666666666,889
2019-01-12,2,Hydro,0.4166666666666667,0
2019-01-12,2,Pumped Storage Demand,0.4166666666666667,0
2019-01-12,3,Demand Response,0.16666666666666666,0
2019-01-12,3,Gas,0.7499999999999999,875
2019-01-12,3,Hydro,0.08333333333333333,0
2019-01-12,4,Gas,1.0,879
2019-01-12,5,Gas,0.75,878
2019-01-12,5,Hydro,0.24999999999999994,0
2019-01-12,6,Demand Response,0.041666666666666664,0
2019-01-12,6,Gas,0.9583333333333334,806
2019-01-12,7,Gas,0.8750000000000001,873
2019-01-12,7,Other,0.04166666666666667,4141
2019-01-12,7,Pumped Storage,0.08333333333333334,0
2019-01-12,8,Gas,0.3333333333333333,874
2019-01-12,8,Pumped Storage,0.6666666666666666,0
2019-01-12,9,Gas,0.41666666666666674,861
2019-01-12,9,Pumped Storage,0.5833333333333335,0
2019-01-12,10,Gas,1.0,828
2019-01-12,11,Gas,0.8333333333333333,850
2019-01-12,11,Pumped Storage Demand,0.16666666666666666,0
2019-01-12,12,Pumped Storage Demand,1.0,0
2019-01-12,13,Gas,1.0,845
2019-01-12,14,Gas,0.6666666666666666,855
2019-01-12,14,Pumped Storage Demand,0.3333333333333333,0
2019-01-12,15,Gas,0.41666666666666674,899
2019-01-12,15,Pumped Storage Demand,0.5833333333333334,0
2019-01-12,16,Coal,0.08333333333333334,2573
2019-01-12,16,Gas,0.25,893
2019-01-12,16,Pumped Storage,0.6666666666666667,0
2019-01-12,17,Coal,0.08333333333333333,2573
2019-01-12,17,Gas,0.8333333333333333,1118
2019-01-12,17,Other,0.08333333333333333,2044
2019-01-12,18,Gas,0.25,827
2019-01-12,18,Other,0.16666666666666669,2044
2019-01-12,18,Pumped Storage,0.5833333333333334,0
2019-01-12,19,Gas,0.41666666666666663,860
2019-01-12,19,Pumped Storage,0.5833333333333333,0
2019-01-12,20,Coal,0.08333333333333334,2573
2019-01-12,20,Gas,0.33333333333333337,917
2019-01-12,20,Pumped Storage,0.5833333333333334,0
2019-01-12,21,Coal,0.04166666666666667,2573
2019-01-12,21,Gas,0.9583333333333335,872
2019-01-12,22,Gas,1.0,835
2019-01-12,23,Gas,1.0,819
2019-01-13,0,Gas,1.0000000000000002,838
2019-01-13,1,Gas,0.6666666666666665,839
2019-01-13,1,Pumped Storage Demand,0.3333333333333333,0
2019-01-13,2,Gas,0.75,838
2019-01-13,2,Pumped Storage Demand,0.25,0
2019-01-13,3,Gas,1.0,862
2019-01-13,4,Gas,0.9166666666666667,831
2019-01-13,4,Pumped Storage Demand,0.08333333333333334,0
2019-01-13,5,Gas,0.41666666666666663,842
2019-01-13,5,Pumped Storage Demand,0.5833333333333334,0
2019-01-13,6,Gas,1.0,820
2019-01-13,7,Gas,1.0,833
2019-01-13,8,Gas,0.4999999999999999,877
2019-01-13,8,Pumped Storage Demand,0.49999999999999983,0
2019-01-13,9,Gas,1.0,878
2019-01-13,10,Gas,1.0,859
2019-01-13,11,Gas,0.8333333333333333,884
2019-01-13,11,Other,0.16666666666666666,2044
2019-01-13,12,Gas,0.8333333333333334,866
2019-01-13,12,Other,0.16666666666666669,2044
2019-01-13,13,Gas,1.0,852
2019-01-13,14,Gas,1.0,824
2019-01-13,15,Gas,0.9999999999999998,823
2019-01-13,16,Gas,0.6666666666666666,875
2019-01-13,16,Pumped Storage,0.3333333333333333,0
2019-01-13,17,Gas,0.5833333333333333,1267
2019-01-13,17,Pumped Storage,0.41666666666666663,0
2019-01-13,18,Gas,0.6666666666666667,1243
2019-01-13,18,Pumped Storage,0.33333333333333337,0
2019-01-13,19,Gas,0.1666666666666667,805
2019-01-13,19,Pumped Storage,0.8333333333333335,0
2019-01-13,20,Gas,0.45833333333333337,891
2019-01-13,20,Pumped Storage,0.5416666666666666,0
2019-01-13,21,Gas,0.9166666666666667,861
2019-01-13,21,Other,0.08333333333333334,4016
2019-01-13,22,Gas,0.8333333333333334,812
2019-01-13,22,Other,0.16666666666666669,4016
2019-01-13,23,Gas,0.8333333333333334,845
2019-01-13,23,Hydro,0.16666666666666669,0
2019-01-14,0,Gas,0.75,882
2019-01-14,0,Hydro,0.25,0
2019-01-14,1,Coal,0.08333333333333334,2573
2019-01-14,1,Gas,0.5833333333333334,874
2019-01-14,1,Pumped Storage Demand,0.33333333333333337,0
2019-01-14,2,Gas,1.0,805
2019-01-14,3,Hydro,0.6666666666666666,0
2019-01-14,3,Pumped Storage Demand,0.33333333333333337,0
2019-01-14,4,Coal,0.25,2573
2019-01-14,4,Gas,0.5,829
2019-01-14,4,Pumped Storage Demand,0.25,0
2019-01-14,5,Gas,0.25,897
2019-01-14,5,Pumped Storage Demand,0.75,0
2019-01-14,6,Gas,0.75,893
2019-01-14,6,Pumped Storage,0.25,0
2019-01-14,7,Gas,0.6666666666666667,879
2019-01-14,7,Pumped Storage,0.33333333333333326,0
2019-01-14,8,Gas,0.5,869
2019-01-14,8,Pumped Storage,0.5,0
2019-01-14,9,Gas,0.08333333333333334,837
2019-01-14,9,Pumped Storage,0.9166666666666666,0
2019-01-14,10,Gas,0.6666666666666666,888
2019-01-14,10,Pumped Storage,0.3333333333333333,0
2019-01-14,11,Coal,0.25,2592
2019-01-14,11,Gas,0.75,829
2019-01-14,12,Gas,0.7500000000000001,833
2019-01-14,12,Pumped Storage Demand,0.25,0
2019-01-14,13,Gas,0.75,826
2019-01-14,13,Pumped Storage Demand,0.25,0
2019-01-14,14,Gas,0.7499999999999999,833
2019-01-14,14,Pumped Storage Demand,0.25,0
2019-01-14,15,Gas,1.0,833
2019-01-14,16,Gas,0.9166666666666665,870
2019-01-14,16,Pumped Storage Demand,0.08333333333333331,0
2019-01-14,17,Gas,0.3333333333333333,1292
2019-01-14,17,Pumped Storage,0.6666666666666666,0
2019-01-14,18,Gas,0.4166666666666667,901
2019-01-14,18,Pumped Storage,0.5833333333333334,0
2019-01-14,19,Pumped Storage,1.0,0
2019-01-14,20,Gas,0.41666666666666663,890
2019-01-14,20,Hydro,0.25,0
2019-01-14,20,Pumped Storage,0.3333333333333333,0
2019-01-14,21,Gas,0.7499999999999999,864
2019-01-14,21,Pumped Storage,0.25,0
2019-01-14,22,Gas,0.16666666666666669,876
2019-01-14,22,Hydro,0.25,0
2019-01-14,22,Pumped Storage,0.5833333333333334,0
2019-01-14,23,Coal,0.08333333333333334,2573
2019-01-14,23,Gas,0.6661513948905691,884
2019-01-14,23,Hydro,0.08384860510943101,0
2019-01-14,23,Other,0.0005152717760976651,2362
2019-01-14,23,Pumped Storage Demand,0.16615139489056902,0
2019-01-15,0,Demand Response,0.24919649623731635,0
2019-01-15,0,Gas,0.7494643308248775,820
2019-01-15,0,Other,0.0013391729378060399,2362
2019-01-15,1,Demand Response,0.08306403399688922,0
2019-01-15,1,Gas,0.4153201699844461,811
2019-01-15,1,Hydro,0.49919210199066766,0
2019-01-15,1,Other,0.0024236940279970124,3348
2019-01-15,2,Gas,0.9992244516895076,790
2019-01-15,2,Hydro,0.0005170322069950032,0
2019-01-15,2,Other,0.0002585161034975016,4141
2019-01-15,3,Gas,0.9999999999999999,875
2019-01-15,4,Gas,0.24999999999999994,982
2019-01-15,4,Pumped Storage Demand,0.75,0
2019-01-15,5,Gas,0.8333333333333333,808
2019-01-15,5,Hydro,0.16666666666666666,0
2019-01-15,6,Gas,0.49999999999999994,876
2019-01-15,6,Pumped Storage,0.5,0
2019-01-15,7,Gas,0.3055555555555555,1217
2019-01-15,7,Hydro,0.27777777777777773,0
2019-01-15,7,Pumped Storage,0.41666666666666663,0
2019-01-15,8,Oil,0.49999999999999994,1273
2019-01-15,8,Pumped Storage,0.5,0
2019-01-15,9,Gas,0.5833333333333333,828
2019-01-15,9,Pumped Storage,0.4166666666666667,0
2019-01-15,10,Gas,0.8333333333333331,818
2019-01-15,10,Hydro,0.16666666666666663,0
2019-01-15,11,Gas,1.0,844
2019-01-15,12,Gas,1.0,829
2019-01-15,13,Gas,1.0,824
2019-01-15,14,Demand Response,0.16666666666666666,0
2019-01-15,14,Gas,0.6666666666666666,861
2019-01-15,14,Pumped Storage Demand,0.16666666666666666,0
2019-01-15,15,Gas,1.0,875
2019-01-15,16,Gas,0.5833333333333334,866
2019-01-15,16,Pumped Storage,0.41666666666666663,0
2019-01-15,17,Gas,0.5,1222
2019-01-15,17,Pumped Storage,0.49999999999999994,0
2019-01-15,18,Gas,0.6666666666666666,1215
2019-01-15,18,Pumped Storage,0.3333333333333333,0
2019-01-15,19,Gas,0.5833333333333334,1034
2019-01-15,19,Pumped Storage,0.41666666666666674,0
2019-01-15,20,Gas,0.41666666666666663,875
2019-01-15,20,Pumped Storage,0.5833333333333334,0
2019-01-15,21,Gas,1.0,954
2019-01-15,22,Gas,0.8333333333333333,846
2019-01-15,22,Hydro,0.16666666666666666,0
2019-01-15,23,Gas,0.9166666666666665,839
2019-01-15,23,Hydro,0.08333333333333333,0
2019-01-16,0,Gas,0.6666666666666667,840
2019-01-16,0,Hydro,0.33333333333333337,0
2019-01-16,1,Gas,0.16666666666666663,845
2019-01-16,1,Pumped Storage Demand,0.8333333333333333,0
2019-01-16,2,Gas,0.41666666666666663,805
2019-01-16,2,Pumped Storage Demand,0.5833333333333334,0
2019-01-16,3,Gas,0.3333333333333333,805
2019-01-16,3,Pumped Storage Demand,0.6666666666666666,0
2019-01-16,4,Gas,0.75,805
2019-01-16,4,Pumped Storage Demand,0.24999999999999994,0
2019-01-16,5,Gas,0.75,805
2019-01-16,5,Pumped Storage Demand,0.25000000000000006,0
2019-01-16,6,Gas,0.5833333333333334,836
2019-01-16,6,Pumped Storage,0.1666666666666667,0
2019-01-16,6,Pumped Storage Demand,0.25000000000000006,0
2019-01-16,7,Gas,0.24999999999999997,844
2019-01-16,7,Pumped Storage,0.7494593000782939,0
2019-01-16,7,Wind,0.00054069992170613,0
2019-01-16,8,Gas,0.33290198150445455,864
2019-01-16,8,Pumped Storage,0.6658039630089091,0
2019-01-16,8,Wind,0.001294055486636299,0
2019-01-16,9,Gas,0.9988527924229836,864
2019-01-16,9,Wind,0.0011472075770165252,0
2019-01-16,10,Gas,0.5833333333333334,820
2019-01-16,10,Pumped Storage Demand,0.4166666666666667,0
2019-01-16,11,Gas,1.0,829
2019-01-16,12,Gas,0.9999999999999999,846
2019-01-16,13,Gas,1.0,880
2019-01-16,14,Gas,1.0,855
2019-01-16,15,Gas,1.0,887
2019-01-16,16,Gas,0.8328619228610172,871
2019-01-16,16,Other,0.0005363202716597181,3398
2019-01-16,16,Pumped Storage Demand,0.16606543659566328,0
2019-01-16,16,Wind,0.0005363202716597181,0
2019-01-16,17,Gas,0.3322980469308432,854
2019-01-16,17,Pumped Storage,0.6645960938616865,0
2019-01-16,17,Wind,0.0031058592074702674,0
2019-01-16,18,Gas,0.6637216212364956,796
2019-01-16,18,Pumped Storage,0.3319709393222898,0
2019-01-16,18,Wind,0.004307439441214727,0
2019-01-16,19,Gas,0.9956257438068217,873
2019-01-16,19,Wind,0.004374256193178388,0
2019-01-16,20,Gas,0.9956211272584323,868
2019-01-16,20,Wind,0.004378872741567755,0
2019-01-16,21,Coal,0.08296694257250965,2334
2019-01-16,21,Gas,0.9131378113158942,866
2019-01-16,21,Hydro,0.0015043290548641872,0
2019-01-16,21,Wind,0.0023909170567319757,0
2019-01-16,22,Gas,0.9956207360176139,857
2019-01-16,22,Hydro,0.002253769234712285,0
2019-01-16,22,Wind,0.002125494747673707,0
2019-01-16,23,Gas,0.9977983793042928,806
2019-01-16,23,Hydro,0.0007847818447864129,0
2019-01-16,23,Wind,0.001416838850920823,0
2019-01-17,0,Coal,0.16641527115164878,2375
2019-01-17,0,Gas,0.8320763557582439,824
2019-01-17,0,Wind,0.0015083730901072618,0
2019-01-17,1,Gas,0.9993496891367242,827
2019-01-17,1,Wind,0.0006503108632760021,0
2019-01-17,2,Gas,0.9166666666666667,813
2019-01-17,2,Other,0.08333333333333333,2048
2019-01-17,3,Gas,0.9166666666666667,820
2019-01-17,3,Wind,0.08333333333333334,0
2019-01-17,4,Gas,0.8333333333333333,820
2019-01-17,4,Wind,0.16666666666666666,0
2019-01-17,5,Gas,1.0,827
2019-01-17,6,Coal,0.08333333333333333,2375
2019-01-17,6,Gas,0.9166666666666667,868
2019-01-17,7,Gas,1.0,871
2019-01-17,8,Gas,1.0,856
2019-01-17,9,Gas,1.0,821
2019-01-17,10,Coal,0.3333333333333333,2334
2019-01-17,10,Gas,0.6666666666666665,846
2019-01-17,11,Coal,0.08333333333333334,2334
2019-01-17,11,Gas,0.9166666666666666,875
2019-01-17,12,Coal,0.16666666666666669,2334
2019-01-17,12,Gas,0.8333333333333333,868
2019-01-17,13,Gas,1.0,855
2019-01-17,14,Gas,0.9999999999999998,822
2019-01-17,15,Gas,1.0000000000000002,883
2019-01-17,16,Gas,1.0,856
2019-01-17,17,Gas,1.0,862
2019-01-17,18,Demand Response,0.25000000000000006,0
2019-01-17,18,Gas,0.7500000000000001,843
2019-01-17,19,Gas,1.0,833
2019-01-17,20,Gas,1.0,873
2019-01-17,21,Gas,1.0,832
2019-01-17,22,Coal,0.08333333333333334,2573
2019-01-17,22,Gas,0.9166666666666665,811
2019-01-17,23,Gas,0.9999999999999998,862
2019-01-18,0,Gas,1.0000000000000002,844
2019-01-18,1,Coal,0.5,2375
2019-01-18,1,Gas,0.5,853
2019-01-18,2,Coal,0.25,2375
2019-01-18,2,Gas,0.75,989
2019-01-18,3,Coal,0.4166666666666666,2375
2019-01-18,3,Gas,0.5833333333333333,1016
2019-01-18,4,Coal,0.5000000000000001,2540
2019-01-18,4,Gas,0.25,1263
2019-01-18,4,Other,0.25,4016
2019-01-18,5,Coal,0.08322290846782765,2375
2019-01-18,5,Gas,0.8327812090058049,932
2019-01-18,5,Hydro,0.08322290846782765,0
2019-01-18,5,Wind,0.0007729740585397307,0
2019-01-18,6,Gas,0.416454730039718,892
2019-01-18,6,Pumped Storage,0.583227365019859,0
2019-01-18,6,Wind,0.00031790494042290533,0
2019-01-18,7,Pumped Storage,1.0,0
2019-01-18,8,Gas,0.7489026138368153,972
2019-01-18,8,Pumped Storage,0.25,0
2019-01-18,8,Wind,0.0010973861631846688,0
2019-01-18,9,Coal,0.16666666666666666,3041
2019-01-18,9,Gas,0.8322146762277839,868
2019-01-18,9,Wind,0.0011186571055495729,0
2019-01-18,10,Gas,1.0000000000000002,913
2019-01-18,11,Gas,0.9999999999999999,876
2019-01-18,12,Coal,0.16666666666666666,3041
2019-01-18,12,Gas,0.8333333333333331,903
2019-01-18,13,Gas,1.0,830
2019-01-18,14,Coal,0.16666666666666666,2846
2019-01-18,14,Gas,0.8333333333333334,827
2019-01-18,15,Gas,0.9166666666666665,837
2019-01-18,15,Pumped Storage,0.08333333333333331,0
2019-01-18,16,Gas,0.6666666666666666,854
2019-01-18,16,Pumped Storage,0.3333333333333333,0
2019-01-18,17,Gas,0.6666666666666666,840
2019-01-18,17,Pumped Storage,0.3333333333333333,0
2019-01-18,18,Gas,0.08333333333333331,857
2019-01-18,18,Pumped Storage,0.9166666666666666,0
2019-01-18,19,Coal,0.25,3041
2019-01-18,19,Gas,0.6666666666666667,869
2019-01-18,19,Pumped Storage,0.08333333333333334,0
2019-01-18,20,Gas,0.9978608343673134,870
2019-01-18,20,Hydro,0.0021391656326864633,0
2019-01-18,21,Coal,0.16666666666666666,3041
2019-01-18,21,Gas,0.8321940686844989,870
2019-01-18,21,Other,0.0011392646488345556,2360
2019-01-18,22,Coal,0.33333333333333337,2375
2019-01-18,22,Gas,0.6648231635715153,819
2019-01-18,22,Hydro,0.0011521894344696593,0
2019-01-18,22,Other,0.0006913136606817956,2362
2019-01-18,23,Gas,0.58250872006703,832
2019-01-18,23,Pumped Storage Demand,0.4160776571907357,0
2019-01-18,23,Wind,0.0014136227422342168,0
2019-01-19,0,Coal,0.3328608232478166,2375
2019-01-19,0,Gas,0.6657216464956331,846
2019-01-19,0,Wind,0.0014175302565502467,0
2019-01-19,1,Coal,0.24960958829798777,2375
2019-01-19,1,Gas,0.7488287648939633,839
2019-01-19,1,Wind,0.001561646808048925,0
2019-01-19,2,Coal,0.24962262474137642,2375
2019-01-19,2,Gas,0.7491194577298783,845
2019-01-19,2,Wind,0.0012579175287453308,0
2019-01-19,3,Coal,0.6655925875700566,2425
2019-01-19,3,Gas,0.33333333333333337,832
2019-01-19,3,Wind,0.001074079096610263,0
2019-01-19,4,Coal,0.08320604888036144,2375
2019-01-19,4,Gas,0.6656483910428915,816
2019-01-19,4,Pumped Storage Demand,0.2496181466410843,0
2019-01-19,4,Wind,0.0015274134356625694,0
2019-01-19,5,Coal,0.3332022519942051,2375
2019-01-19,5,Gas,0.24960675598261542,811
2019-01-19,5,Hydro,0.24999999999999994,0
2019-01-19,5,Wind,0.16719099202317933,0
2019-01-19,6,Coal,0.5,2375
2019-01-19,6,Gas,0.5,870
2019-01-19,7,Gas,1.0,860
2019-01-19,8,Gas,0.9999999999999999,857
2019-01-19,9,Coal,0.16666666666666666,2375
2019-01-19,9,Gas,0.8333333333333334,844
2019-01-19,10,Gas,1.0,915
2019-01-19,11,Gas,0.9999999999999998,912
2019-01-19,12,Coal,0.5833333333333334,2358
2019-01-19,12,Gas,0.4166666666666667,815
2019-01-19,13,Coal,0.25,2270
2019-01-19,13,Gas,0.75,889
2019-01-19,14,Coal,0.25,3375
2019-01-19,14,Gas,0.75,862
2019-01-19,15,Gas,0.9166666666666667,846
2019-01-19,15,Pumped Storage,0.08333333333333334,0
2019-01-19,16,Gas,0.08333333333333334,805
2019-01-19,16,Pumped Storage,0.9166666666666667,0
2019-01-19,17,Gas,0.7500000000000002,872
2019-01-19,17,Pumped Storage,0.25000000000000006,0
2019-01-19,18,Gas,0.75,855
2019-01-19,18,Hydro,0.25,0
2019-01-19,19,Gas,1.0000000000000002,840
2019-01-19,20,Coal,0.25,3254
2019-01-19,20,Gas,0.75,834
2019-01-19,21,Coal,0.08333333333333336,3011
2019-01-19,21,Gas,0.9166666666666669,840
2019-01-19,22,Coal,0.25,2865
2019-01-19,22,Gas,0.5,841
2019-01-19,22,Pumped Storage Demand,0.25,0
2019-01-19,23,Gas,0.5833333333333333,832
2019-01-19,23,Pumped Storage Demand,0.4166666666666667,0
2019-01-20,0,Gas,0.6666666666666666,966
2019-01-20,0,Hydro,0.3333333333333333,0
2019-01-20,1,Gas,0.6666666666666666,971
2019-01-20,1,Hydro,0.3333333333333333,0
2019-01-20,2,Gas,0.8333333333333334,915
2019-01-20,2,Hydro,0.16666666666666666,0
2019-01-20,3,Coal,0.6648050414730358,2374
2019-01-20,3,Demand Response,0.08310063018412947,0
2019-01-20,3,Gas,0.24930189055238844,842
2019-01-20,3,Hydro,0.0009308125968154429,0
2019-01-20,3,Other,0.0018616251936308858,2472
2019-01-20,4,Coal,0.747897103070173,2495
2019-01-20,4,Gas,0.24976634478557477,1263
2019-01-20,4,Hydro,0.0011682760721260902,0
2019-01-20,4,Other,0.0011682760721260902,2362
2019-01-20,5,Coal,0.08297460791825478,2375
2019-01-20,5,Gas,0.6642748462399826,1056
2019-01-20,5,Hydro,0.002392296915924884,0
2019-01-20,5,Other,0.0004784593831849769,2362
2019-01-20,5,Pumped Storage Demand,0.24928231092522257,0
2019-01-20,5,Wind,0.0005974786174302767,0
2019-01-20,6,Coal,0.4148607600394294,2629
2019-01-20,6,Gas,0.4148607600394294,846
2019-01-20,6,Hydro,0.002855909623407069,0
2019-01-20,6,Pumped Storage Demand,0.08297215200788587,0
2019-01-20,6,Wind,0.08445041828984841,0
2019-01-20,7,Coal,0.16592205180172706,2375
2019-01-20,7,Gas,0.16592205180172706,856
2019-01-20,7,Hydro,0.16891028057379046,0
2019-01-20,7,Wind,0.49924561582275534,0
2019-01-20,8,Coal,0.4155605039172289,2119
2019-01-20,8,Gas,0.5812479930786525,826
2019-01-20,8,Hydro,0.0009758407372145372,0
2019-01-20,8,Other,0.0007318805529109029,2362
2019-01-20,8,Wind,0.0014837817139932024,0
2019-01-20,9,Coal,0.1664152324156263,2247
2019-01-20,9,Gas,0.8315641008133821,814
2019-01-20,9,Other,0.0005120612647494956,3240
2019-01-20,9,Wind,0.0015086055062420506,0
2019-01-20,10,Gas,0.998260807121552,870
2019-01-20,10,Other,0.00025974174865643694,4141
2019-01-20,10,Wind,0.0014794511297918599,0
2019-01-20,11,Gas,0.9981952447939237,863
2019-01-20,11,Other,0.00024928947949521174,4141
2019-01-20,11,Wind,0.001555465726581142,0
2019-01-20,12,Gas,0.9984356514084033,850
2019-01-20,12,Wind,0.001564348591596769,0
2019-01-20,13,Gas,0.9984387148822202,934
2019-01-20,13,Wind,0.001561285117779971,0
2019-01-20,14,Gas,0.9984226630236546,844
2019-01-20,14,Wind,0.0015773369763454675,0
2019-01-20,15,Gas,0.998474189764406,961
2019-01-20,15,Wind,0.0015258102355938496,0
2019-01-20,16,Coal,0.4160128998923205,2375
2019-01-20,16,Gas,0.5818644204904135,844
2019-01-20,16,Wind,0.0021226796172660084,0
2019-01-20,17,Gas,0.9983535912674999,917
2019-01-20,17,Wind,0.0016464087325000285,0
2019-01-20,18,Gas,0.4985212641710224,847
2019-01-20,18,Pumped Storage,0.5000000000000001,0
2019-01-20,18,Wind,0.0014787358289776872,0
2019-01-20,19,Coal,0.3318966324954485,2119
2019-01-20,19,Gas,0.6648663008686897,850
2019-01-20,19,Hydro,0.0004629670195059531,0
2019-01-20,19,Wind,0.0027740996163560516,0
2019-01-20,20,Gas,0.9972045726181404,848
2019-01-20,20,Wind,0.0027954273818596156,0
2019-01-20,21,Coal,0.2496376551553313,3375
2019-01-20,21,Gas,0.4981648694418358,839
2019-01-20,21,Other,0.2496376551553313,4016
2019-01-20,21,Wind,0.0025598202475018554,0
2019-01-20,22,Coal,0.33202255159625327,2425
2019-01-20,22,Gas,0.5812160804865424,844
2019-01-20,22,Hydro,0.0004401260310651493,0
2019-01-20,22,Other,0.08321121830711808,4016
2019-01-20,22,Wind,0.0031100235790212654,0
2019-01-20,23,Coal,0.166005129971365,2119
2019-01-20,23,Gas,0.831228885530902,860
2019-01-20,23,Wind,0.002765984497732988,0
2019-01-21,0,Gas,0.9861051012174387,823
2019-01-21,0,Hydro,0.00042995137723813605,0
2019-01-21,0,Other,0.001289854131714408,3240
2019-01-21,0,Wind,0.01217509327360882,0
2019-01-21,1,Gas,0.9945939438219382,821
2019-01-21,1,Hydro,0.0010741103615528951,0
2019-01-21,1,Wind,0.004331945816508787,0
2019-01-21,2,Coal,0.5825475418437931,2375
2019-01-21,2,Gas,0.3328843096250247,938
2019-01-21,2,Hydro,0.08322107740625617,0
2019-01-21,2,Wind,0.0013470711249262178,0
2019-01-21,3,Coal,0.08322112103725826,2375
2019-01-21,3,Gas,0.9135950483744324,1075
2019-01-21,3,Wind,0.0031838305883092346,0
2019-01-21,4,Gas,0.9963162323866114,808
2019-01-21,4,Wind,0.0036837676133886416,0
2019-01-21,5,Coal,0.2493431746103793,2119
2019-01-21,5,Gas,0.7486863492207586,818
2019-01-21,5,Wind,0.001970476168862168,0
2019-01-21,6,Coal,0.16644788787354464,2346
2019-01-21,6,Gas,0.8315831029883571,867
2019-01-21,6,Wind,0.00196900913809826,0
2019-01-21,7,Coal,0.16621439615440448,2247
2019-01-21,7,Gas,0.8319765217965468,871
2019-01-21,7,Wind,0.0018090820490487497,0
2019-01-21,8,Gas,0.8311578175306192,856
2019-01-21,8,Pumped Storage,0.16623156350612386,0
2019-01-21,8,Wind,0.0026106189632569632,0
2019-01-21,9,Gas,0.4155536538213839,865
2019-01-21,9,Pumped Storage,0.5817751153499374,0
2019-01-21,9,Wind,0.0026712308286786775,0
2019-01-21,10,Pumped Storage,0.9973075072703843,0
2019-01-21,10,Wind,0.0026924927296157457,0
2019-01-21,11,Gas,0.16621228506969846,1336
2019-01-21,11,Pumped Storage,0.8310614253484924,0
2019-01-21,11,Wind,0.0027262895818091644,0
2019-01-21,12,Gas,0.3332695499553705,874
2019-01-21,12,Oil,0.08227851732065258,1962
2019-01-21,12,Pumped Storage,0.5817672941864325,0
2019-01-21,12,Wind,0.002684638537544399,0
2019-01-21,13,Gas,0.25098974511634997,902
2019-01-21,13,Oil,0.16455619050674603,1962
2019-01-21,13,Pumped Storage,0.5817643098723343,0
2019-01-21,13,Wind,0.0026897545045697015,0
2019-01-21,14,Pumped Storage,0.9975597195626394,0
2019-01-21,14,Wind,0.0024402804373606065,0
2019-01-21,15,Gas,0.6674299917925886,825
2019-01-21,15,Oil,0.24685766819725882,1962
2019-01-21,15,Pumped Storage,0.08311705999907704,0
2019-01-21,15,Wind,0.0025952800110756523,0
2019-01-21,16,Gas,0.5029197588735334,841
2019-01-21,16,Hydro,0.0831279201566063,0
2019-01-21,16,Oil,0.4110715554556575,1962
2019-01-21,16,Wind,0.0028807655142029064,0
2019-01-21,17,Gas,0.12885693079331315,759
2019-01-21,17,Oil,0.536211099107658,1908
2019-01-21,17,Pumped Storage,0.33253401495048557,0
2019-01-21,17,Wind,0.00239795514854334,0
2019-01-21,18,Gas,0.0008312952543017364,1962
2019-01-21,18,Oil,0.08229823017587189,1962
2019-01-21,18,Pumped Storage,0.91442477973191,0
2019-01-21,18,Wind,0.0024456948379163825,0
2019-01-21,19,Gas,0.33336950003879223,821
2019-01-21,19,Oil,0.08230319327641006,1962
2019-01-21,19,Pumped Storage,0.5819417706412833,0
2019-01-21,19,Wind,0.0023855360435143685,0
2019-01-21,20,Gas,0.42150007743850193,863
2019-01-21,20,Oil,0.5761332419425677,1962
2019-01-21,20,Wind,0.0023666806189304337,0
2019-01-21,21,Gas,0.0863588693247778,948
2019-01-21,21,Oil,0.3289201923652596,1962
2019-01-21,21,Pumped Storage,0.581545639955951,0
2019-01-21,21,Wind,0.003175298354011621,0
2019-01-21,22,Gas,0.5817093192898232,917
2019-01-21,22,Oil,0.33175285232874285,1983
2019-01-21,22,Pumped Storage,0.08304201560168782,0
2019-01-21,22,Wind,0.0034958127797459684,0
2019-01-21,23,Demand Response,0.33219141347962,0
2019-01-21,23,Gas,0.5813349735893351,838
2019-01-21,23,Oil,0.083047853369905,1706
2019-01-21,23,Wind,0.00342575956113977,0
2019-01-22,0,Gas,0.2499457142908929,848
2019-01-22,0,Hydro,0.24911532985803278,0
2019-01-22,0,Oil,0.4974002752832054,1784
2019-01-22,0,Wind,0.003538680567868983,0
2019-01-22,1,Gas,0.4722285126214037,868
2019-01-22,1,Hydro,0.24912406879206528,0
2019-01-22,1,Oil,0.2751436937547921,1989
2019-01-22,1,Wind,0.0035037248317389596,0
2019-01-22,2,Gas,0.5854342538928091,910
2019-01-22,2,Oil,0.411049582520483,2179
2019-01-22,2,Wind,0.003516163586708019,0
2019-01-22,3,Gas,0.5821009190733469,861
2019-01-22,3,Hydro,0.08303864751402952,0
2019-01-22,3,Oil,0.3313242035809778,1823
2019-01-22,3,Wind,0.0035362298316458417,0
2019-01-22,4,Gas,0.0016607071639016162,2179
2019-01-22,4,Hydro,0.41517679097540405,0
2019-01-22,4,Oil,0.5795868002016641,1840
2019-01-22,4,Wind,0.0035757016590303252,0
2019-01-22,5,Demand Response,0.08302829050715085,0
2019-01-22,5,Gas,0.581198033550056,878
2019-01-22,5,Oil,0.1660565810143017,1706
2019-01-22,5,Pumped Storage,0.1660565810143017,0
2019-01-22,5,Wind,0.003660513914189772,0
2019-01-22,6,Gas,0.49974640850973495,855
2019-01-22,6,Oil,0.16436842007463043,2179
2019-01-22,6,Pumped Storage,0.33205741429218266,0
2019-01-22,6,Wind,0.003827757123451892,0
2019-01-22,7,Gas,0.0033211392069208176,2179
2019-01-22,7,Oil,0.32879278148516095,2179
2019-01-22,7,Pumped Storage,0.6642278413841636,0
2019-01-22,7,Wind,0.003658237923754603,0
2019-01-22,8,Gas,0.0058118809040066995,1962
2019-01-22,8,Oil,0.5753762094966632,1962
2019-01-22,8,Pumped Storage,0.4151343502861929,0
2019-01-22,8,Wind,0.003677559313137223,0
2019-01-22,9,Gas,0.17225553437625785,847
2019-01-22,9,Oil,0.5764913641349594,1962
2019-01-22,9,Pumped Storage,0.24905202412582564,0
2019-01-22,9,Wind,0.002201077362957128,0
2019-01-22,10,Gas,0.007489327576288862,1962
2019-01-22,10,Oil,0.7414434300525972,1962
2019-01-22,10,Pumped Storage,0.24964425254296208,0
2019-01-22,10,Wind,0.0014229898281518855,0
2019-01-22,11,Gas,0.08571372362266211,902
2019-01-22,11,Hydro,0.3328688296025713,0
2019-01-22,11,Oil,0.24715510597990917,1962
2019-01-22,11,Pumped Storage,0.3328688296025713,0
2019-01-22,11,Wind,0.0013935111922861398,0
2019-01-22,12,Gas,0.8329848896017497,866
2019-01-22,12,Oil,0.08238312094962358,1962
2019-01-22,12,Pumped Storage Demand,0.08321527368648847,0
2019-01-22,12,Wind,0.001416715762138362,0
2019-01-22,13,Demand Response,0.08321335791756138,0
2019-01-22,13,Gas,0.915346937093175,920
2019-01-22,13,Wind,0.001439704989263642,0
2019-01-22,14,Demand Response,0.08320981547455808,0
2019-01-22,14,Gas,0.41604907737279045,882
2019-01-22,14,Pumped Storage Demand,0.49925889284734853,0
2019-01-22,14,Wind,0.0014822143053030523,0
2019-01-22,15,Gas,0.7489299408658247,979
2019-01-22,15,Pumped Storage Demand,0.24964331362194153,0
2019-01-22,15,Wind,0.001426745512233735,0
2019-01-22,16,Demand Response,0.08321686459248404,0
2019-01-22,16,Gas,0.5009655248467539,916
2019-01-22,16,Oil,0.1647693918931184,1962
2019-01-22,16,Pumped Storage,0.24965059377745208,0
2019-01-22,16,Wind,0.0013976248901915063,0
2019-01-22,17,Gas,0.6673417351176011,817
2019-01-22,17,Oil,0.1647551914629489,1962
2019-01-22,17,Pumped Storage,0.16641938531611,0
2019-01-22,17,Wind,0.0014836881033400008,0
2019-01-22,18,Demand Response,0.041607882415966364,0
2019-01-22,18,Gas,0.20887156972815116,991
2019-01-22,18,Oil,0.0823836071836134,1962
2019-01-22,18,Pumped Storage,0.6657261186554618,0
2019-01-22,18,Wind,0.0014108220168071953,0
2019-01-22,19,Gas,0.4191666666666667,1026
2019-01-22,19,Oil,0.24750000000000003,1962
2019-01-22,19,Pumped Storage,0.33285533543169193,0
2019-01-22,19,Wind,0.0004779979016414329,0
2019-01-22,20,Gas,1.0,902
2019-01-22,21,Gas,0.9166666666666666,846
2019-01-22,21,Hydro,0.08333333333333333,0
2019-01-22,22,Gas,1.0,864
2019-01-22,23,Coal,0.3333333333333333,2119
2019-01-22,23,Gas,0.5833333333333333,842
2019-01-22,23,Pumped Storage Demand,0.08333333333333333,0
2019-01-23,0,Gas,0.6666666666666666,937
2019-01-23,0,Pumped Storage Demand,0.3325300694367774,0
2019-01-23,0,Wind,0.0008032638965559697,0
2019-01-23,1,Gas,0.5818750920342549,889
2019-01-23,1,Pumped Storage Demand,0.4156250657387535,0
2019-01-23,1,Wind,0.00249984222699142,0
2019-01-23,2,Gas,0.24939068155244354,871
2019-01-23,2,Pumped Storage Demand,0.7481720446573307,0
2019-01-23,2,Wind,0.0024372737902256954,0
2019-01-23,3,Gas,0.3325051553801434,868
2019-01-23,3,Pumped Storage Demand,0.6650103107602868,0
2019-01-23,3,Wind,0.0024845338595698256,0
2019-01-23,4,Coal,0.33245839350723755,3011
2019-01-23,4,Gas,0.6649167870144751,870
2019-01-23,4,Wind,0.0026248194782873477,0
2019-01-23,5,Coal,0.24933012328079165,2375
2019-01-23,5,Demand Response,0.027703347031199074,0
2019-01-23,5,Gas,0.5540669406239814,840
2019-01-23,5,Hydro,0.08311004109359721,0
2019-01-23,5,Pumped Storage,0.08311004109359721,0
2019-01-23,5,Wind,0.002679506876832965,0
2019-01-23,6,Gas,0.08311759374268816,851
2019-01-23,6,Hydro,0.08311759374268816,0
2019-01-23,6,Pumped Storage,0.8311759374268816,0
2019-01-23,6,Wind,0.002588875087742098,0
2019-01-23,7,Gas,0.9972729558987201,1072
2019-01-23,7,Wind,0.0027270441012797308,0
2019-01-23,8,Gas,0.9973825043320508,822
2019-01-23,8,Wind,0.002617495667949247,0
2019-01-23,9,Gas,0.6648984948664062,861
2019-01-23,9,Pumped Storage,0.3324492474332031,0
2019-01-23,9,Wind,0.002652257700390883,0
2019-01-23,10,Coal,0.24957783026798067,2420
2019-01-23,10,Gas,0.748733490803942,843
2019-01-23,10,Wind,0.0016886789280771105,0
2019-01-23,11,Demand Response,0.08333333333333333,0
2019-01-23,11,Gas,0.6658142821773742,1057
2019-01-23,11,Pumped Storage,0.25,0
2019-01-23,11,Wind,0.0008523844892925519,0
2019-01-23,12,Gas,0.8333333333333333,961
2019-01-23,12,Pumped Storage,0.16666666666666666,0
2019-01-23,13,Coal,0.16666666666666666,2334
2019-01-23,13,Gas,0.16666666666666666,839
2019-01-23,13,Pumped Storage Demand,0.6666666666666666,0
2019-01-23,14,Coal,0.16666666666666666,2334
2019-01-23,14,Gas,0.5833333333333333,911
2019-01-23,14,Pumped Storage Demand,0.25,0
2019-01-23,15,Pumped Storage Demand,0.9993544035114671,0
2019-01-23,15,Wind,0.0006455964885329488,0
2019-01-23,16,Gas,0.3329060698717162,814
2019-01-23,16,Pumped Storage,0.5829060698717162,0
2019-01-23,16,Pumped Storage Demand,0.08333333333333334,0
2019-01-23,16,Wind,0.0008545269232342285,0
2019-01-23,17,Gas,0.1664553988013444,1012
2019-01-23,17,Pumped Storage,0.8333333333333333,0
2019-01-23,17,Wind,0.00021126786532226944,0
2019-01-23,18,Gas,0.3328815474046691,847
2019-01-23,18,Pumped Storage,0.6659889877736702,0
2019-01-23,18,Wind,0.0011294648216606958,0
2019-01-23,19,Coal,0.33333333333333337,2334
2019-01-23,19,Gas,0.5,870
2019-01-23,19,Pumped Storage,0.16666666666666669,0
2019-01-23,20,Gas,1.0,883
2019-01-23,21,Gas,1.0000000000000002,861
2019-01-23,22,Gas,1.0,849
2019-01-23,23,Gas,0.33269056697789756,843
2019-01-23,23,Hydro,0.4987144672891285,0
2019-01-23,23,Other,0.002356809969931076,2362
2019-01-23,23,Pumped Storage Demand,0.16623815576304285,0
2019-01-24,0,Gas,0.6654396637614279,830
2019-01-24,0,Hydro,0.0011158968550978492,0
2019-01-24,0,Other,0.00022317937101956986,2362
2019-01-24,0,Pumped Storage Demand,0.33311015396231386,0
2019-01-24,0,Wind,0.0001111060501410409,0
2019-01-24,1,Gas,0.9964284044479909,852
2019-01-24,1,Hydro,0.002646548645593144,0
2019-01-24,1,Wind,0.0009250469064162537,0
2019-01-24,2,Gas,0.9966086885343752,915
2019-01-24,2,Hydro,0.0026182916597344034,0
2019-01-24,2,Wind,0.0007730198058905092,0
2019-01-24,3,Gas,0.9958471838162402,846
2019-01-24,3,Hydro,0.002663015797527855,0
2019-01-24,3,Wind,0.0014898003862317995,0
2019-01-24,4,Gas,0.9958429695084685,854
2019-01-24,4,Hydro,0.0025717108384135418,0
2019-01-24,4,Wind,0.001585319653117887,0
2019-01-24,5,Gas,0.9149912691393101,858
2019-01-24,5,Hydro,0.00021981081528897316,0
2019-01-24,5,Pumped Storage Demand,0.08320100726859993,0
2019-01-24,5,Wind,0.0015879127768007937,0
2019-01-24,6,Gas,0.8319401852694482,844
2019-01-24,6,Pumped Storage Demand,0.16638803705388966,0
2019-01-24,6,Wind,0.0016717776766621074,0
2019-01-24,7,Gas,0.997860968831737,842
2019-01-24,7,Wind,0.0021390311682628125,0
2019-01-24,8,Gas,0.33243004871422344,846
2019-01-24,8,Pumped Storage,0.6648600974284468,0
2019-01-24,8,Wind,0.0027098538573297817,0
2019-01-24,9,Gas,0.3324244952310565,836
2019-01-24,9,Pumped Storage,0.6648489904621131,0
2019-01-24,9,Wind,0.002726514306830344,0
2019-01-24,10,Gas,0.9960529152867732,836
2019-01-24,10,Wind,0.003947084713226822,0
2019-01-24,11,Coal,0.6649924109903438,2334
2019-01-24,11,Gas,0.33199019639524713,920
2019-01-24,11,Wind,0.0030173926144090165,0
2019-01-24,12,Coal,0.08320689093306079,2334
2019-01-24,12,Gas,0.7488620183975472,900
2019-01-24,12,Other,0.16641378186612157,2044
2019-01-24,12,Wind,0.0015173088032706754,0
2019-01-24,13,Coal,0.8328038613928295,2334
2019-01-24,13,Gas,0.16640193069641476,870
2019-01-24,13,Wind,0.0007942079107557097,0
2019-01-24,14,Coal,0.3333333333333333,2334
2019-01-24,14,Gas,0.6666666666666667,850
2019-01-24,15,Gas,1.0,876
2019-01-24,16,Coal,0.3333333333333333,2334
2019-01-24,16,Gas,0.49973365912772677,870
2019-01-24,16,Pumped Storage,0.16640032579439343,0
2019-01-24,16,Wind,0.0005326817445464347,0
2019-01-24,17,Gas,0.41597712602204706,899
2019-01-24,17,Pumped Storage,0.5823679764308658,0
2019-01-24,17,Wind,0.0016548975470871547,0
2019-01-24,18,Gas,0.749346016285213,854
2019-01-24,18,Pumped Storage,0.25,0
2019-01-24,18,Wind,0.0006539837147870048,0
2019-01-24,19,Gas,1.0,860
2019-01-24,20,Gas,0.999559746322302,864
2019-01-24,20,Hydro,0.0004402536776979751,0
2019-01-24,21,Gas,0.9966526421996873,862
2019-01-24,21,Hydro,0.0006310387078943017,0
2019-01-24,21,Other,0.0006310387078943017,3398
2019-01-24,21,Wind,0.002085280384523877,0
2019-01-24,22,Gas,0.5770312259484157,841
2019-01-24,22,Hydro,0.4135156129742078,0
2019-01-24,22,Wind,0.009453161077376414,0
2019-01-24,23,Gas,0.246331233125787,818
2019-01-24,23,Hydro,0.16780268576349644,0
2019-01-24,23,Wind,0.5858660811107165,0
2019-01-25,0,Gas,0.4913195525885661,803
2019-01-25,0,Hydro,0.2517238425738638,0
2019-01-25,0,Wind,0.2569566048375702,0
2019-01-25,1,Hydro,0.2487260878007164,0
2019-01-25,1,Wind,0.7512739121992837,0
2019-01-25,2,Gas,0.24638668992991405,1263
2019-01-25,2,Hydro,0.49530754666524884,0
2019-01-25,2,Wind,0.25830576340483735,0
2019-01-25,3,Hydro,0.24696126752771524,0
2019-01-25,3,Other,0.16464084501847684,3500
2019-01-25,3,Wind,0.5883978874538078,0
2019-01-25,4,Hydro,0.6697230527542938,0
2019-01-25,4,Other,0.24694361391237252,3761
2019-01-25,4,Wind,0.08333333333333331,0
2019-01-25,5,Gas,0.16666666666666663,856
2019-01-25,5,Hydro,0.5008865977755722,0
2019-01-25,5,Other,0.33244673555776083,1673
2019-01-25,6,Gas,0.9987457511792139,859
2019-01-25,6,Wind,0.0012542488207862954,0
2019-01-25,7,Gas,0.8320416126841896,854
2019-01-25,7,Pumped Storage,0.1664083225368379,0
2019-01-25,7,Wind,0.0015500647789724999,0
2019-01-25,8,Gas,0.9996381230940146,878
2019-01-25,8,Wind,0.00036187690598533874,0
2019-01-25,9,Gas,0.9988470354978626,881
2019-01-25,9,Wind,0.0011529645021375674,0
2019-01-25,10,Coal,0.49975168147871485,2334
2019-01-25,10,Gas,0.41604587036345375,848
2019-01-25,10,Other,0.08333333333333334,2048
2019-01-25,10,Wind,0.0008691148244980774,0
2019-01-25,11,Coal,0.3333333333333333,2334
2019-01-25,11,Gas,0.6665462544049681,851
2019-01-25,11,Wind,0.00012041226169860853,0
2019-01-25,12,Gas,0.9166666666666666,825
2019-01-25,12,Wind,0.08333333333333333,0
2019-01-25,13,Gas,1.0,1176
2019-01-25,14,Gas,0.9999999999999999,946
2019-01-25,15,Gas,0.9995364652962117,905
2019-01-25,15,Wind,0.000463534703788506,0
2019-01-25,16,Gas,0.999263321207868,863
2019-01-25,16,Wind,0.0007366787921320786,0
2019-01-25,17,Gas,0.4986704074185487,858
2019-01-25,17,Pumped Storage,0.4986704074185487,0
2019-01-25,17,Wind,0.0026591851629026338,0
2019-01-25,18,Gas,0.6648160677780302,893
2019-01-25,18,Pumped Storage,0.3324080338890151,0
2019-01-25,18,Wind,0.0027758983329547915,0
2019-01-25,19,Coal,0.24910168145711425,2334
2019-01-25,19,Gas,0.7473050443713427,853
2019-01-25,19,Hydro,0.00021432038750030248,0
2019-01-25,19,Other,0.0006429611625009074,3398
2019-01-25,19,Wind,0.0027359926215417456,0
2019-01-25,20,Coal,0.1246567333402089,2334
2019-01-25,20,Gas,0.6244278889003482,829
2019-01-25,20,Other,0.2493134666804178,2044
2019-01-25,20,Wind,0.0016019110790251362,0
2019-01-25,21,Coal,0.08333333333333333,2334
2019-01-25,21,Gas,0.9161168830238877,849
2019-01-25,21,Hydro,0.00020297085669877487,0
2019-01-25,21,Wind,0.0003468127860801896,0
2019-01-25,22,Gas,0.9154440198856103,849
2019-01-25,22,Hydro,0.08333333333333336,0
2019-01-25,22,Wind,0.0012226467810564562,0
2019-01-25,23,Coal,0.33283099336371286,2375
2019-01-25,23,Gas,0.4992464900455693,847
2019-01-25,23,Pumped Storage Demand,0.16641549668185643,0
2019-01-25,23,Wind,0.0015070199088616904,0
2019-01-26,0,Coal,0.3333333333333333,2375
2019-01-26,0,Gas,0.4164442141861282,848
2019-01-26,0,Other,0.24966632127919233,2044
2019-01-26,0,Wind,0.0005561312013461025,0
2019-01-26,1,Coal,0.7493035740492657,2375
2019-01-26,1,Gas,0.24965178702463284,884
2019-01-26,1,Wind,0.0010446389261015393,0
2019-01-26,2,Coal,0.3333333333333333,2375
2019-01-26,2,Gas,0.6666666666666666,837
2019-01-26,3,Coal,0.25,2375
2019-01-26,3,Gas,0.75,848
2019-01-26,4,Coal,0.04166666666666667,2375
2019-01-26,4,Gas,0.9583333333333334,851
2019-01-26,5,Coal,0.2916666666666667,2375
2019-01-26,5,Gas,0.625,907
2019-01-26,5,Wind,0.08333333333333334,0
2019-01-26,6,Gas,0.8333333333333335,847
2019-01-26,6,Other,0.16666666666666669,2048
2019-01-26,7,Coal,0.41666666666666663,2375
2019-01-26,7,Gas,0.29166666666666663,841
2019-01-26,7,Other,0.041666666666666664,2048
2019-01-26,7,Pumped Storage,0.25,0
2019-01-26,8,Gas,0.8333333333333334,848
2019-01-26,8,Pumped Storage,0.16666666666666669,0
2019-01-26,9,Coal,0.41666666666666663,2375
2019-01-26,9,Gas,0.41666666666666663,835
2019-01-26,9,Hydro,0.16666666666666666,0
2019-01-26,10,Gas,1.0,865
2019-01-26,11,Gas,0.3333333333333333,846
2019-01-26,11,Hydro,0.6166666666666667,0
2019-01-26,11,Other,0.05,1673
2019-01-26,12,Hydro,0.4166666666666667,0
2019-01-26,12,Other,0.5833333333333333,3179
2019-01-26,13,Other,0.08333333333333333,3240
2019-01-26,13,Pumped Storage Demand,0.9166666666666666,0
2019-01-26,14,Gas,0.25000000000000006,852
2019-01-26,14,Pumped Storage Demand,0.75,0
2019-01-26,15,Gas,0.9166666666666667,876
2019-01-26,15,Pumped Storage Demand,0.08333333333333334,0
2019-01-26,16,Gas,0.8333333333333334,930
2019-01-26,16,Pumped Storage,0.16666666666666666,0
2019-01-26,17,Gas,0.5,859
2019-01-26,17,Pumped Storage,0.5,0
2019-01-26,18,Gas,0.75,880
2019-01-26,18,Pumped Storage,0.25000000000000006,0
2019-01-26,19,Gas,0.5,896
2019-01-26,19,Pumped Storage,0.5,0
2019-01-26,20,Gas,1.0,849
2019-01-26,21,Gas,0.9999999999999998,853
2019-01-26,22,Gas,0.9999999999999998,872
2019-01-26,23,Gas,0.4166666666666668,850
2019-01-26,23,Pumped Storage,0.5833333333333334,0
2019-01-27,0,Gas,0.16666666666666666,897
2019-01-27,0,Pumped Storage,0.8333333333333334,0
2019-01-27,1,Gas,1.0000000000000002,854
2019-01-27,2,Gas,0.41666666666666663,897
2019-01-27,2,Pumped Storage Demand,0.5833333333333334,0
2019-01-27,3,Gas,0.8330986565282196,834
2019-01-27,3,Other,0.16643198986155286,2048
2019-01-27,3,Wind,0.00046935361022759013,0
2019-01-27,4,Gas,0.9140744907137125,852
2019-01-27,4,Other,0.08309768097397387,2048
2019-01-27,4,Wind,0.0028278283123136685,0
2019-01-27,5,Gas,0.9971501640405993,855
2019-01-27,5,Wind,0.0028498359594007795,0
2019-01-27,6,Gas,0.7479302492724887,818
2019-01-27,6,Pumped Storage,0.24931008309082958,0
2019-01-27,6,Wind,0.002759667636681641,0
2019-01-27,7,Gas,0.9970983212391757,842
2019-01-27,7,Wind,0.002901678760824185,0
2019-01-27,8,Gas,0.9970373993529962,824
2019-01-27,8,Wind,0.002962600647003806,0
2019-01-27,9,Gas,0.9969619051262908,924
2019-01-27,9,Wind,0.003038094873709107,0
2019-01-27,10,Gas,0.7475914566828981,854
2019-01-27,10,Pumped Storage Demand,0.2491971522276327,0
2019-01-27,10,Wind,0.0032113910894692515,0
2019-01-27,11,Gas,0.9965597607869605,839
2019-01-27,11,Wind,0.00344023921303954,0
2019-01-27,12,Gas,0.2487838068341801,846
2019-01-27,12,Pumped Storage Demand,0.7463514205025403,0
2019-01-27,12,Wind,0.00486477266327944,0
2019-01-27,13,Gas,0.33175063054711235,855
2019-01-27,13,Pumped Storage Demand,0.6635012610942247,0
2019-01-27,13,Wind,0.004748108358663012,0
2019-01-27,14,Gas,0.9970605696541737,829
2019-01-27,14,Wind,0.002939430345826231,0
2019-01-27,15,Gas,0.9983615959260417,849
2019-01-27,15,Wind,0.001638404073958307,0
2019-01-27,16,Gas,0.9983404542671594,865
2019-01-27,16,Wind,0.0016595457328405859,0
2019-01-27,17,Gas,0.083193986832338,897
2019-01-27,17,Other,0.166387973664676,2048
2019-01-27,17,Pumped Storage,0.7487458814910419,0
2019-01-27,17,Wind,0.0016721580119440718,0
2019-01-27,18,Gas,0.4991860065498509,887
2019-01-27,18,Pumped Storage,0.49918600654985096,0
2019-01-27,18,Wind,0.001627986900298058,0
2019-01-27,19,Gas,0.6655570517954934,839
2019-01-27,19,Pumped Storage,0.33277852589774665,0
2019-01-27,19,Wind,0.0016644223067599293,0
2019-01-27,20,Gas,0.9965070684635762,824
2019-01-27,20,Wind,0.003492931536423723,0
2019-01-27,21,Gas,0.5779526993664696,855
2019-01-27,21,Hydro,0.1646196242010586,0
2019-01-27,21,Wind,0.2574276764324716,0
2019-01-27,22,Gas,0.08232706451189392,818
2019-01-27,22,Hydro,0.5833333333333335,0
2019-01-27,22,Wind,0.33433960215477276,0
2019-01-27,23,Hydro,0.5,0
2019-01-27,23,Wind,0.5,0
2019-01-28,0,Hydro,0.6666666666666665,0
2019-01-28,0,Pumped Storage Demand,0.16666666666666666,0
2019-01-28,0,Wind,0.16666666666666666,0
2019-01-28,1,Gas,0.5,888
2019-01-28,1,Pumped Storage Demand,0.08333333333333333,0
2019-01-28,1,Wind,0.41666666666666663,0
2019-01-28,2,Gas,0.5833333333333333,854
2019-01-28,2,Wind,0.4166666666666666,0
2019-01-28,3,Hydro,0.8333333333333333,0
2019-01-28,3,Wind,0.16666666666666669,0
2019-01-28,4,Gas,0.16666666666666669,856
2019-01-28,4,Hydro,0.25,0
2019-01-28,4,Other,0.25,3500
2019-01-28,4,Wind,0.33333333333333337,0
2019-01-28,5,Gas,0.99851692975456,848
2019-01-28,5,Wind,0.0014830702454400114,0
2019-01-28,6,Gas,0.8327194630237429,872
2019-01-28,6,Hydro,0.0006138703095903797,0
2019-01-28,6,Pumped Storage,0.16666666666666666,0
2019-01-28,7,Coal,0.332101001089487,2573
2019-01-28,7,Gas,0.4151262513618587,907
2019-01-28,7,Hydro,0.00030808306096158605,0
2019-01-28,7,Pumped Storage,0.24907575081711525,0
2019-01-28,7,Wind,0.003388913670577447,0
2019-01-28,8,Coal,0.16602722568444786,2592
2019-01-28,8,Gas,0.7075340321055598,905
2019-01-28,8,Hydro,0.0015986024555470029,0
2019-01-28,8,Other,0.08301361284222393,2044
2019-01-28,8,Pumped Storage,0.041506806421111965,0
2019-01-28,8,Wind,0.0003197204911094006,0
2019-01-28,9,Gas,1.0,851
2019-01-28,10,Gas,1.0,842
2019-01-28,11,Gas,1.0,841
2019-01-28,12,Gas,1.0,859
2019-01-28,13,Gas,1.0,870
2019-01-28,14,Gas,0.75,875
2019-01-28,14,Pumped Storage Demand,0.25,0
2019-01-28,15,Gas,1.0,866
2019-01-28,16,Coal,0.08333333333333334,2846
2019-01-28,16,Gas,0.9160154287020845,894
2019-01-28,16,Hydro,0.0006512379645822029,0
2019-01-28,17,Gas,0.5833333333333334,826
2019-01-28,17,Pumped Storage,0.4166666666666667,0
2019-01-28,18,Pumped Storage,1.0,0
2019-01-28,19,Coal,0.33333333333333337,2846
2019-01-28,19,Gas,0.08333333333333334,860
2019-01-28,19,Pumped Storage,0.5833333333333334,0
2019-01-28,20,Gas,0.5,878
2019-01-28,20,Pumped Storage,0.5,0
2019-01-28,21,Gas,0.75,921
2019-01-28,21,Hydro,0.25,0
2019-01-28,22,Gas,1.0,872
2019-01-28,23,Gas,1.0,815
2019-01-29,0,Coal,0.16644108861387888,2573
2019-01-29,0,Gas,0.8328821772277577,786
2019-01-29,0,Wind,0.0006767341583634866,0
2019-01-29,1,Coal,0.08310206581870049,2573
2019-01-29,1,Gas,0.5817144607309034,855
2019-01-29,1,Hydro,0.33240826327480194,0
2019-01-29,1,Wind,0.0027752101755940846,0
2019-01-29,2,Coal,0.33241944835894155,2573
2019-01-29,2,Gas,0.5817340346281477,843
2019-01-29,2,Hydro,0.08310486208973539,0
2019-01-29,2,Wind,0.0027416549231753943,0
2019-01-29,3,Gas,0.9972784667906879,859
2019-01-29,3,Wind,0.0027215332093120733,0
2019-01-29,4,Gas,0.24929028088411698,866
2019-01-29,4,Other,0.1661935205894113,2048
2019-01-29,4,Pumped Storage,0.2488971925767018,0
2019-01-29,4,Pumped Storage Demand,0.33225601174301755,0
2019-01-29,4,Wind,0.003362994206752492,0
2019-01-29,5,Gas,0.6648577274510661,1217
2019-01-29,5,Other,0.33242886372553304,2048
2019-01-29,5,Wind,0.0027134088234008935,0
2019-01-29,6,Gas,0.2492947244698107,1113
2019-01-29,6,Pumped Storage,0.747884173409432,0
2019-01-29,6,Wind,0.0028211021207572174,0
2019-01-29,7,Gas,0.08309729940073064,852
2019-01-29,7,Oil,0.16619459880146129,1328
2019-01-29,7,Pumped Storage,0.7478756946065758,0
2019-01-29,7,Wind,0.0028324071912324135,0
2019-01-29,8,Gas,0.9140739790398092,995
2019-01-29,8,Pumped Storage,0.08309763445816448,0
2019-01-29,8,Wind,0.002828386502026117,0
2019-01-29,9,Gas,0.9971766961309331,838
2019-01-29,9,Wind,0.0028233038690667536,0
2019-01-29,10,Gas,0.9971753374680673,858
2019-01-29,10,Wind,0.002824662531932732,0
2019-01-29,11,Gas,0.8312214641326898,1030
2019-01-29,11,Pumped Storage Demand,0.16624429282653796,0
2019-01-29,11,Wind,0.0025342430407720978,0
2019-01-29,12,Gas,0.9143006947313539,834
2019-01-29,12,Pumped Storage Demand,0.08311824497557764,0
2019-01-29,12,Wind,0.0025810602930683452,0
2019-01-29,13,Gas,0.9972746613075233,846
2019-01-29,13,Wind,0.0027253386924766944,0
2019-01-29,14,Gas,0.9972814440048562,824
2019-01-29,14,Wind,0.0027185559951437006,0
2019-01-29,15,Gas,0.9980625412376731,840
2019-01-29,15,Wind,0.0019374587623269114,0
2019-01-29,16,Gas,0.9990880947498311,834
2019-01-29,16,Wind,0.0009119052501691207,0
2019-01-29,17,Demand Response,0.24932401149940167,0
2019-01-29,17,Gas,0.49864802299880334,846
2019-01-29,17,Pumped Storage,0.24932401149940167,0
2019-01-29,17,Wind,0.002703954002393196,0
2019-01-29,18,Gas,0.5983138800275732,831
2019-01-29,18,Hydro,0.0005620399908088952,0
2019-01-29,18,Pumped Storage,0.3988759200183822,0
2019-01-29,18,Wind,0.0022481599632355807,0
2019-01-29,19,Gas,0.9972507621821636,831
2019-01-29,19,Hydro,0.0006873094544591151,0
2019-01-29,19,Wind,0.0020619283633773453,0
2019-01-29,20,Gas,0.9974596216372285,871
2019-01-29,20,Wind,0.002540378362771458,0
2019-01-29,21,Gas,0.9974738833197169,848
2019-01-29,21,Wind,0.002526116680283125,0
2019-01-29,22,Coal,0.4987598033184534,2119
2019-01-29,22,Gas,0.4987598033184535,851
2019-01-29,22,Wind,0.002480393363093208,0
2019-01-29,23,Coal,0.2493576937164259,2119
2019-01-29,23,Gas,0.4155961561940432,870
2019-01-29,23,Wind,0.3350461500895308,0
2019-01-30,0,Pumped Storage Demand,0.25,0
2019-01-30,0,Wind,0.75,0
2019-01-30,1,Hydro,0.25,0
2019-01-30,1,Pumped Storage Demand,0.08333333333333333,0
2019-01-30,1,Wind,0.6666666666666666,0
2019-01-30,2,Wind,1.0,0
2019-01-30,3,Hydro,0.25,0
2019-01-30,3,Wind,0.75,0
2019-01-30,4,Gas,0.4577074028212208,849
2019-01-30,4,Hydro,0.3611111111111112,0
2019-01-30,4,Wind,0.18118148606766823,0
2019-01-30,5,Gas,0.020833333333333343,1263
2019-01-30,5,Hydro,0.2291666666666667,0
2019-01-30,5,Other,0.2500000000000001,3500
2019-01-30,5,Wind,0.5,0
2019-01-30,6,Coal,0.2496308315242851,2119
2019-01-30,6,Gas,0.7488924945728554,824
2019-01-30,6,Wind,0.0014766739028595338,0
2019-01-30,7,Coal,0.08321560848283917,2119
2019-01-30,7,Gas,0.915371693311231,889
2019-01-30,7,Wind,0.0014126982059299608,0
2019-01-30,8,Coal,0.6657416378112013,2126
2019-01-30,8,Gas,0.3328708189056006,896
2019-01-30,8,Wind,0.0013875432831979995,0
2019-01-30,9,Gas,0.998640999032185,864
2019-01-30,9,Wind,0.0013590009678150802,0
2019-01-30,10,Coal,0.08320169911312397,2846
2019-01-30,10,Gas,0.9152186902443636,858
2019-01-30,10,Wind,0.0015796106425122474,0
2019-01-30,11,Coal,0.24960007779241386,2126
2019-01-30,11,Gas,0.7488002333772416,858
2019-01-30,11,Wind,0.0015996888303446179,0
2019-01-30,12,Coal,0.08333333333333334,2592
2019-01-30,12,Gas,0.916541620944021,887
2019-01-30,12,Wind,0.000125045722645721,0
2019-01-30,13,Gas,0.9166666666666665,839
2019-01-30,13,Hydro,0.020833333333333332,0
2019-01-30,13,Wind,0.06249999999999999,0
2019-01-30,14,Gas,0.07936507936507935,1255
2019-01-30,14,Hydro,0.21130952380952375,0
2019-01-30,14,Wind,0.7093253968253966,0
2019-01-30,15,Gas,0.8042328042328044,853
2019-01-30,15,Hydro,0.05158730158730161,0
2019-01-30,15,Wind,0.1441798941798942,0
2019-01-30,16,Coal,0.16666666666666666,2334
2019-01-30,16,Gas,0.8330766797375204,875
2019-01-30,16,Wind,0.0002566535958128963,0
2019-01-30,17,Gas,0.9990939404351178,882
2019-01-30,17,Wind,0.0009060595648823251,0
2019-01-30,18,Coal,0.24932803623413452,3041
2019-01-30,18,Gas,0.7486560724682692,949
2019-01-30,18,Wind,0.0020158912975965877,0
2019-01-30,19,Gas,0.9973792134368007,940
2019-01-30,19,Wind,0.002620786563199262,0
2019-01-30,20,Coal,0.1662337123443659,3041
2019-01-30,20,Gas,0.8311685617218295,967
2019-01-30,20,Wind,0.002597725933804544,0
2019-01-30,21,Coal,0.4155552737848511,2758
2019-01-30,21,Gas,0.5817773832987915,865
2019-01-30,21,Wind,0.002667342916357234,0
2019-01-30,22,Gas,0.9891458362319134,834
2019-01-30,22,Wind,0.010854163768086577,0
2019-01-30,23,Coal,0.16482615416277957,2119
2019-01-30,23,Gas,0.6586709728774589,837
2019-01-30,23,Hydro,0.0022629416863267464,0
2019-01-30,23,Other,0.0006336437736594553,3240
2019-01-30,23,Pumped Storage Demand,0.16440372498033995,0
2019-01-30,23,Wind,0.009202562519435548,0
2019-01-31,0,Gas,0.8235537030467446,852
2019-01-31,0,Hydro,0.00927202657291182,0
2019-01-31,0,Pumped Storage Demand,0.1644244349393599,0
2019-01-31,0,Wind,0.0027498354409836623,0
2019-01-31,1,Gas,0.9987278890866759,844
2019-01-31,1,Hydro,0.0009203751769211271,0
2019-01-31,1,Wind,0.00035173573640297847,0
2019-01-31,2,Gas,1.0,838
2019-01-31,3,Gas,0.5833333333333333,846
2019-01-31,3,Wind,0.41666666666666663,0
2019-01-31,4,Coal,0.41666666666666663,2119
2019-01-31,4,Gas,0.5833333333333333,1021
2019-01-31,5,Gas,0.7497527964339195,854
2019-01-31,5,Wind,0.25024720356608043,0
2019-01-31,6,Gas,1.0,875
2019-01-31,7,Gas,0.9164423000494472,897
2019-01-31,7,Wind,0.08355769995055276,0
2019-01-31,8,Gas,0.9999999999999999,864
2019-01-31,9,Gas,0.9999999999999999,872
2019-01-31,10,Coal,0.08231259674597546,2846
2019-01-31,10,Gas,0.9146251934919509,857
2019-01-31,10,Wind,0.0030622097620736388,0
2019-01-31,11,Gas,0.9958887303785011,820
2019-01-31,11,Wind,0.004111269621499039,0
2019-01-31,12,Gas,0.9874255220538493,846
2019-01-31,12,Wind,0.012574477946150613,0
2019-01-31,13,Gas,0.987415540581066,883
2019-01-31,13,Wind,0.012584459418933967,0
2019-01-31,14,Coal,0.08298840087131468,2126
2019-01-31,14,Gas,0.9138835429785198,896
2019-01-31,14,Wind,0.0031280561501653517,0
2019-01-31,15,Gas,0.9985060622790203,859
2019-01-31,15,Wind,0.0014939377209797708,0
2019-01-31,16,Coal,0.16459057440930688,2126
2019-01-31,16,Gas,0.824785818363843,865
2019-01-31,16,Wind,0.010623607226850079,0
2019-01-31,17,Gas,0.5758852179753982,850
2019-01-31,17,Pumped Storage,0.4113465842681416,0
2019-01-31,17,Wind,0.012768197756460346,0
2019-01-31,18,Gas,0.010974793062231772,907
2019-01-31,18,Pumped Storage,0.9875448860130951,0
2019-01-31,18,Wind,0.0014803209246731228,0
2019-01-31,19,Gas,0.9118310804864019,894
2019-01-31,19,Pumped Storage,0.08232681185205588,0
2019-01-31,19,Wind,0.005842107661542276,0
2019-01-31,20,Gas,0.9977951602655475,887
2019-01-31,20,Wind,0.0022048397344524256,0
2019-01-31,21,Gas,0.741705131968617,869
2019-01-31,21,Pumped Storage,0.24708932039260048,0
2019-01-31,21,Wind,0.011205547638782504,0
2019-01-31,22,Gas,0.9871066325922475,866
2019-01-31,22,Wind,0.012893367407752446,0
2019-01-31,23,Coal,0.41467370842015205,2392
2019-01-31,23,Gas,0.5781450431454978,869
2019-01-31,23,Hydro,0.00039073788855093465,0
2019-01-31,23,Other,0.00039073788855093465,3240
2019-01-31,23,Wind,0.006399772657248385,0
2019-02-01,0,Coal,0.08281707066070827,2119
2019-02-01,0,Gas,0.9119738136154996,886
2019-02-01,0,Hydro,0.002237565036986542,0
2019-02-01,0,Other,0.00020341500336241284,2362
2019-02-01,0,Wind,0.0027681356834434014,0
2019-02-01,1,Gas,0.9955919380372111,881
2019-02-01,1,Hydro,0.0023649007988941735,0
2019-02-01,1,Wind,0.002043161163894622,0
2019-02-01,2,Coal,0.2490388586940314,2119
2019-02-01,2,Gas,0.7477170286714069,1018
2019-02-01,2,Hydro,0.0012009051786252137,0
2019-02-01,2,Other,0.0006004525893126069,2362
2019-02-01,2,Wind,0.0014427548666238782,0
2019-02-01,3,Coal,0.2490532705367585,2119
2019-02-01,3,Gas,0.7471598116102754,897
2019-02-01,3,Hydro,0.0023335480167575398,0
2019-02-01,3,Wind,0.0014533698362084715,0
2019-02-01,4,Coal,0.24904284830676937,2422
2019-02-01,4,Gas,0.24904284830676937,858
2019-02-01,4,Hydro,0.0023813998089946557,0
2019-02-01,4,Pumped Storage Demand,0.49808569661353874,0
2019-02-01,4,Wind,0.001447206963927771,0
2019-02-01,5,Gas,0.7470822691437311,844
2019-02-01,5,Hydro,0.2500399254549645,0
2019-02-01,5,Other,0.0014175033698758171,2362
2019-02-01,5,Wind,0.0014603020314286888,0
2019-02-01,6,Gas,0.8320640571456993,805
2019-02-01,6,Pumped Storage,0.16641281142913988,0
2019-02-01,6,Wind,0.0015231314251607337,0
2019-02-01,7,Gas,0.24896391537696427,805
2019-02-01,7,Pumped Storage,0.7489597989714865,0
2019-02-01,7,Wind,0.002076285651549291,0
2019-02-01,8,Gas,0.4980194503898594,986
2019-02-01,8,Pumped Storage,0.4980194503898594,0
2019-02-01,8,Wind,0.003961099220281195,0
2019-02-01,9,Gas,0.3324427057234101,829
2019-02-01,9,Pumped Storage,0.6644566915320592,0
2019-02-01,9,Wind,0.0031006027445305276,0
2019-02-01,10,Gas,0.997199998813773,850
2019-02-01,10,Wind,0.002800001186226956,0
2019-02-01,11,Gas,0.6653099695487615,873
2019-02-01,11,Wind,0.33469003045123846,0
2019-02-01,12,Gas,0.9983949814763291,863
2019-02-01,12,Wind,0.001605018523670824,0
2019-02-01,13,Gas,0.9154040693185165,877
2019-02-01,13,Other,0.08321855175622878,2048
2019-02-01,13,Wind,0.0013773789252547548,0
2019-02-01,14,Gas,0.9985387451876799,870
2019-02-01,14,Wind,0.001461254812319874,0
2019-02-01,15,Gas,0.998666422823793,865
2019-02-01,15,Wind,0.001333577176207079,0
2019-02-01,16,Coal,0.1664500840404177,2126
2019-02-01,16,Gas,0.8322504202020885,846
2019-02-01,16,Wind,0.0012994957574935784,0
2019-02-01,17,Gas,0.5825199552419233,856
2019-02-01,17,Pumped Storage,0.41608568231565946,0
2019-02-01,17,Wind,0.0013943624424173039,0
2019-02-01,18,Gas,0.41610372942854595,821
2019-02-01,18,Pumped Storage,0.5825452211999643,0
2019-02-01,18,Wind,0.0013510493714896015,0
2019-02-01,19,Gas,0.9986875424168078,821
2019-02-01,19,Wind,0.0013124575831921844,0
2019-02-01,20,Gas,0.9986561169683504,841
2019-02-01,20,Wind,0.001343883031649484,0
2019-02-01,21,Gas,0.7490546756568298,858
2019-02-01,21,Wind,0.25094532434317,0
2019-02-01,22,Gas,0.988279836454207,812
2019-02-01,22,Wind,0.011720163545793014,0
2019-02-01,23,Demand Response,0.16589103588772316,0
2019-02-01,23,Gas,0.6653982603470525,863
2019-02-01,23,Pumped Storage,0.16645674636426874,0
2019-02-01,23,Wind,0.002253957400955608,0
2019-02-02,0,Gas,0.9151355624527098,834
2019-02-02,0,Pumped Storage,0.08321961039957981,0
2019-02-02,0,Wind,0.0016448271477104413,0
2019-02-02,1,Gas,0.16643325215853952,872
2019-02-02,1,Pumped Storage,0.8321662607926976,0
2019-02-02,1,Wind,0.0014004870487628884,0
2019-02-02,2,Gas,0.5824992350710525,818
2019-02-02,2,Hydro,0.3328567057548871,0
2019-02-02,2,Pumped Storage,0.08321417643872178,0
2019-02-02,2,Wind,0.0014298827353385788,0
2019-02-02,3,Hydro,0.08322494883763146,0
2019-02-02,3,Pumped Storage,0.9154744372139462,0
2019-02-02,3,Wind,0.0013006139484225377,0
2019-02-02,4,Gas,0.20803354980268782,818
2019-02-02,4,Pumped Storage,0.7905274892502137,0
2019-02-02,4,Wind,0.0014389609470985237,0
2019-02-02,5,Gas,0.0416076656222265,818
2019-02-02,5,Hydro,0.41607665622226503,0
2019-02-02,5,Pumped Storage,0.5408996530889446,0
2019-02-02,5,Wind,0.0014160250665639364,0
2019-02-02,6,Pumped Storage,0.9985491632117561,0
2019-02-02,6,Wind,0.0014508367882439463,0
2019-02-02,7,Gas,0.16666666666666669,1228
2019-02-02,7,Pumped Storage,0.8324615166725661,0
2019-02-02,7,Wind,0.0008718166607672082,0
2019-02-02,8,Gas,0.9166666666666669,1200
2019-02-02,8,Pumped Storage,0.08333333333333334,0
2019-02-02,9,Gas,0.2916666666666667,1218
2019-02-02,9,Pumped Storage,0.7083333333333334,0
2019-02-02,10,Gas,1.0,907
2019-02-02,11,Gas,0.9166666666666665,843
2019-02-02,11,Pumped Storage Demand,0.08333333333333331,0
2019-02-02,12,Gas,0.9166666666666667,809
2019-02-02,12,Pumped Storage Demand,0.08333333333333333,0
2019-02-02,13,Gas,0.9999999999999999,822
2019-02-02,14,Gas,1.0,805
2019-02-02,15,Gas,1.0,820
2019-02-02,16,Gas,0.9999999999999998,852
2019-02-02,17,Gas,0.8333333333333334,852
2019-02-02,17,Pumped Storage,0.16666666666666666,0
2019-02-02,18,Gas,0.8333333333333335,815
2019-02-02,18,Pumped Storage,0.16666666666666666,0
2019-02-02,19,Gas,1.0000000000000002,844
2019-02-02,20,Gas,0.9999999999999998,828
2019-02-02,21,Gas,0.9988321897636652,841
2019-02-02,21,Wind,0.001167810236334673,0
2019-02-02,22,Gas,0.9992063304046652,843
2019-02-02,22,Wind,0.0007936695953348797,0
2019-02-02,23,Gas,0.9992145602673854,860
2019-02-02,23,Wind,0.0007854397326144033,0
2019-02-03,0,Gas,0.45820016176636785,851
2019-02-03,0,Hydro,0.16666666666666666,0
2019-02-03,0,Other,0.375,2048
2019-02-03,0,Wind,0.00013317156696547337,0
2019-02-03,1,Gas,1.0,850
2019-02-03,2,Gas,0.16666666666666666,866
2019-02-03,2,Pumped Storage Demand,0.8333333333333333,0
2019-02-03,3,Gas,0.9166666666666667,846
2019-02-03,3,Pumped Storage Demand,0.08333333333333334,0
2019-02-03,4,Gas,0.3327691509789911,866
2019-02-03,4,Pumped Storage Demand,0.6655383019579824,0
2019-02-03,4,Wind,0.001692547063026502,0
2019-02-03,5,Gas,0.25000000000000006,842
2019-02-03,5,Hydro,0.023809523809523815,0
2019-02-03,5,Pumped Storage Demand,0.6665201245380675,0
2019-02-03,5,Wind,0.059670351652408804,0
2019-02-03,6,Gas,0.41666666666666674,832
2019-02-03,6,Hydro,0.04761904761904763,0
2019-02-03,6,Pumped Storage Demand,0.41666666666666674,0
2019-02-03,6,Wind,0.11904761904761908,0
2019-02-03,7,Gas,0.8333333333333335,823
2019-02-03,7,Pumped Storage Demand,0.16666666666666669,0
2019-02-03,8,Gas,0.3333333333333333,856
2019-02-03,8,Pumped Storage Demand,0.6666666666666667,0
2019-02-03,9,Gas,0.5833333333333334,859
2019-02-03,9,Pumped Storage,0.41666666666666663,0
2019-02-03,10,Pumped Storage,1.0,0
2019-02-03,11,Gas,0.20833333333333334,823
2019-02-03,11,Pumped Storage,0.7916666666666666,0
2019-02-03,12,Gas,0.20833333333333331,835
2019-02-03,12,Other,0.16666666666666666,2044
2019-02-03,12,Pumped Storage,0.625,0
2019-02-03,13,Gas,1.0,899
2019-02-03,14,Gas,1.0,822
2019-02-03,15,Gas,1.0,832
2019-02-03,16,Gas,0.75,848
2019-02-03,16,Pumped Storage Demand,0.25,0
2019-02-03,17,Gas,0.6666666666666666,845
2019-02-03,17,Pumped Storage,0.16666666666666666,0
2019-02-03,17,Pumped Storage Demand,0.16666666666666666,0
2019-02-03,18,Gas,0.9166666666666667,863
2019-02-03,18,Pumped Storage,0.08333333333333333,0
2019-02-03,19,Gas,1.0,894
2019-02-03,20,Gas,0.9166666666666666,880
2019-02-03,20,Pumped Storage Demand,0.08333333333333334,0
2019-02-03,21,Gas,1.0,823
2019-02-03,22,Gas,0.9999999999999999,841
2019-02-03,23,Gas,0.33333333333333326,833
2019-02-03,23,Pumped Storage,0.6666666666666665,0
2019-02-04,0,Gas,1.0,860
2019-02-04,1,Gas,0.9993882903133205,854
2019-02-04,1,Wind,0.0006117096866794325,0
2019-02-04,2,Gas,0.7489329493295614,858
2019-02-04,2,Pumped Storage Demand,0.2496443164431871,0
2019-02-04,2,Wind,0.0014227342272512405,0
2019-02-04,3,Gas,0.9997756210483699,854
2019-02-04,3,Wind,0.00022437895163035182,0
2019-02-04,4,Gas,1.0,846
2019-02-04,5,Gas,1.0,826
2019-02-04,6,Gas,0.125,866
2019-02-04,6,Pumped Storage,0.875,0
2019-02-04,7,Gas,0.3333333333333333,1035
2019-02-04,7,Pumped Storage,0.6666666666666666,0
2019-02-04,8,Gas,0.75,834
2019-02-04,8,Pumped Storage,0.25,0
2019-02-04,9,Gas,0.9999999999999998,890
2019-02-04,10,Gas,1.0,862
2019-02-04,11,Gas,1.0,874
2019-02-04,12,Gas,0.9999999999999999,868
2019-02-04,13,Gas,0.8333333333333334,864
2019-02-04,13,Pumped Storage Demand,0.16666666666666666,0
2019-02-04,14,Gas,0.5,883
2019-02-04,14,Pumped Storage Demand,0.5,0
2019-02-04,15,Gas,0.7499999999999999,851
2019-02-04,15,Pumped Storage Demand,0.25,0
2019-02-04,16,Gas,0.3333333333333333,849
2019-02-04,16,Other,0.25,2044
2019-02-04,16,Pumped Storage Demand,0.41666666666666663,0
2019-02-04,17,Gas,0.3333333333333333,833
2019-02-04,17,Pumped Storage,0.6666666666666666,0
2019-02-04,18,Gas,0.6666666666666667,873
2019-02-04,18,Pumped Storage,0.33333333333333337,0
2019-02-04,19,Gas,0.3333333333333333,818
2019-02-04,19,Pumped Storage,0.6666666666666667,0
2019-02-04,20,Gas,1.0,836
2019-02-04,21,Gas,0.9999999999999999,877
2019-02-04,22,Gas,0.9999999999999999,859
2019-02-04,23,Gas,0.8333333333333334,835
2019-02-04,23,Hydro,0.11904761904761904,0
2019-02-04,23,Wind,0.047619047619047616,0
2019-02-05,0,Gas,0.3333333333333334,852
2019-02-05,0,Hydro,0.41666666666666674,0
2019-02-05,0,Wind,0.25000000000000006,0
2019-02-05,1,Gas,0.8333333333333335,859
2019-02-05,1,Hydro,0.16666666666666666,0
2019-02-05,2,Gas,0.3333333333333333,832
2019-02-05,2,Wind,0.6666666666666666,0
2019-02-05,3,Gas,0.8333333333333333,1016
2019-02-05,3,Wind,0.16666666666666666,0
2019-02-05,4,Gas,0.3988095238095237,845
2019-02-05,4,Hydro,0.20833333333333331,0
2019-02-05,4,Pumped Storage Demand,0.08333333333333333,0
2019-02-05,4,Wind,0.30952380952380953,0
2019-02-05,5,Hydro,0.6675509767025406,0
2019-02-05,5,Pumped Storage Demand,0.16622451164872976,0
2019-02-05,5,Wind,0.16622451164872976,0
2019-02-05,6,Gas,0.6666666666666665,813
2019-02-05,6,Hydro,0.25022218163099824,0
2019-02-05,6,Pumped Storage Demand,0.08311115170233503,0
2019-02-05,7,Gas,1.0,825
2019-02-05,8,Gas,1.0,821
2019-02-05,9,Gas,0.9999999999999999,847
2019-02-05,10,Gas,1.0,847
2019-02-05,11,Gas,0.6666666666666666,945
2019-02-05,11,Wind,0.3333333333333333,0
2019-02-05,12,Pumped Storage Demand,0.9166666666666666,0
2019-02-05,12,Wind,0.08333333333333333,0
2019-02-05,13,Pumped Storage Demand,0.19999999999999998,0
2019-02-05,13,Wind,0.7999999999999999,0
2019-02-05,15,Wind,1.0,0
2019-02-05,16,Gas,0.9163752968341529,847
2019-02-05,16,Import,0.08333333333333333,0
2019-02-05,16,Other,0.0002913698325138533,3398
2019-02-05,17,Gas,0.9954602365199569,851
2019-02-05,17,Other,0.00016340335618229685,3398
2019-02-05,17,Wind,0.004376360123860853,0
2019-02-05,18,Gas,0.9950741752077651,860
2019-02-05,18,Wind,0.00492582479223489,0
2019-02-05,19,Gas,0.6659061100452164,859
2019-02-05,19,Pumped Storage,0.3324413765289817,0
2019-02-05,19,Wind,0.0016525134258018033,0
2019-02-05,20,Gas,0.8308110212308193,832
2019-02-05,20,Pumped Storage,0.16641634137975114,0
2019-02-05,20,Wind,0.002772637389429711,0
2019-02-05,21,Gas,0.996123888422694,861
2019-02-05,21,Wind,0.0038761115773059216,0
2019-02-05,22,Gas,0.8318136586402237,846
2019-02-05,22,Wind,0.1681863413597763,0
2019-02-05,23,Gas,0.0376984126984127,1248
2019-02-05,23,Hydro,0.6626984126984127,0
2019-02-05,23,Wind,0.2996031746031746,0
2019-02-06,0,Gas,0.5270609582088484,852
2019-02-06,0,Hydro,0.2358721712548013,0
2019-02-06,0,Wind,0.23706687053635023,0
2019-02-06,1,Gas,0.7564723274729921,850
2019-02-06,1,Hydro,0.022727272727272728,0
2019-02-06,1,Wind,0.220800399799735,0
2019-02-06,2,Gas,0.45388621350620184,1256
2019-02-06,2,Hydro,0.2800393338873292,0
2019-02-06,2,Wind,0.2660744526064685,0
2019-02-06,3,Gas,0.5826702500453176,1140
2019-02-06,3,Hydro,0.16666666666666663,0
2019-02-06,3,Wind,0.25066308328801556,0
2019-02-06,4,Gas,1.0,843
2019-02-06,5,Gas,0.9158386110244023,853
2019-02-06,5,Wind,0.08416138897559759,0
2019-02-06,6,Gas,0.9158605768945867,818
2019-02-06,6,Wind,0.08413942310541324,0
2019-02-06,7,Gas,0.9873536594987233,850
2019-02-06,7,Wind,0.01264634050127699,0
2019-02-06,8,Gas,0.9037441042815212,859
2019-02-06,8,Hydro,0.005873891993248011,0
2019-02-06,8,Pumped Storage,0.08215855493468373,0
2019-02-06,8,Wind,0.008223448790547214,0
2019-02-06,9,Gas,0.9987996673792948,838
2019-02-06,9,Hydro,0.0012003326207051714,0
2019-02-06,10,Gas,1.0,834
2019-02-06,11,Gas,0.9999999999999998,872
2019-02-06,12,Gas,1.0,837
2019-02-06,13,Gas,0.5,850
2019-02-06,13,Hydro,0.5,0
2019-02-06,14,Gas,0.9999999999999999,858
2019-02-06,15,Gas,1.0,856
2019-02-06,16,Gas,0.9985250249119919,855
2019-02-06,16,Wind,0.0014749750880081402,0
2019-02-06,17,Gas,0.7474682448602091,876
2019-02-06,17,Pumped Storage,0.24915608162006972,0
2019-02-06,17,Wind,0.003375673519721054,0
2019-02-06,18,Gas,0.08305206831057169,878
2019-02-06,18,Pumped Storage,0.9135727514162886,0
2019-02-06,18,Wind,0.003375180273139721,0
2019-02-06,19,Gas,0.33220781097667723,882
2019-02-06,19,Pumped Storage,0.6644156219533545,0
2019-02-06,19,Wind,0.00337656706996843,0
2019-02-06,20,Gas,0.4984659376356714,870
2019-02-06,20,Pumped Storage,0.4992329688178357,0
2019-02-06,20,Wind,0.0023010935464930116,0
2019-02-06,21,Gas,0.41666666666666663,863
2019-02-06,21,Pumped Storage,0.5833333333333334,0
2019-02-06,22,Gas,1.0000000000000002,847
2019-02-06,23,Gas,1.0,828
2019-02-07,0,Gas,1.0,850
2019-02-07,1,Gas,0.75,815
2019-02-07,1,Pumped Storage Demand,0.25,0
2019-02-07,2,Gas,0.5833333333333333,833
2019-02-07,2,Pumped Storage Demand,0.41666666666666663,0
2019-02-07,3,Gas,0.8333333333333333,875
2019-02-07,3,Pumped Storage Demand,0.16666666666666663,0
2019-02-07,4,Gas,1.0,831
2019-02-07,5,Gas,0.9166666666666667,857
2019-02-07,5,Pumped Storage,0.08333333333333333,0
2019-02-07,6,Gas,0.37499999999999994,825
2019-02-07,6,Pumped Storage,0.625,0
2019-02-07,7,Gas,0.33333333333333337,837
2019-02-07,7,Pumped Storage,0.6666666666666667,0
2019-02-07,8,Gas,0.41666666666666663,857
2019-02-07,8,Pumped Storage,0.5833333333333333,0
2019-02-07,9,Gas,0.9166666666666667,868
2019-02-07,9,Pumped Storage,0.08333333333333333,0
2019-02-07,10,Gas,1.0000000000000002,855
2019-02-07,11,Gas,1.0,849
2019-02-07,12,Gas,1.0,850
2019-02-07,13,Gas,1.0,847
2019-02-07,14,Gas,0.9999999999999999,845
2019-02-07,15,Gas,0.9999999999999999,860
2019-02-07,16,Gas,0.9722222222222223,855
2019-02-07,16,Pumped Storage,0.02777777777777778,0
2019-02-07,17,Gas,0.3055555555555556,866
2019-02-07,17,Pumped Storage,0.6944444444444444,0
2019-02-07,18,Gas,0.16666666666666666,892
2019-02-07,18,Other,0.41666666666666663,2048
2019-02-07,18,Pumped Storage,0.41666666666666663,0
2019-02-07,19,Gas,0.9166666666666666,869
2019-02-07,19,Pumped Storage,0.08333333333333333,0
2019-02-07,20,Gas,0.7916666666666666,843
2019-02-07,20,Pumped Storage,0.20833333333333331,0
2019-02-07,21,Gas,1.0,852
2019-02-07,22,Gas,0.25,897
2019-02-07,22,Pumped Storage,0.75,0
2019-02-07,23,Gas,0.5416666666666666,833
2019-02-07,23,Other,0.125,2048
2019-02-07,23,Pumped Storage,0.3333333333333333,0
2019-02-08,0,Gas,1.0,855
2019-02-08,1,Gas,1.0,838
2019-02-08,2,Gas,1.0,835
2019-02-08,3,Gas,1.0,833
2019-02-08,4,Gas,0.9999999999999998,830
2019-02-08,5,Gas,0.5000000000000001,853
2019-02-08,5,Hydro,0.1666666666666667,0
2019-02-08,5,Other,0.1666666666666667,2048
2019-02-08,5,Pumped Storage Demand,0.1666666666666667,0
2019-02-08,6,Gas,0.7500000000000002,923
2019-02-08,6,Pumped Storage,0.16666666666666669,0
2019-02-08,6,Pumped Storage Demand,0.08333333333333334,0
2019-02-08,7,Gas,0.08333333333333333,1300
2019-02-08,7,Pumped Storage,0.9166666666666666,0
2019-02-08,8,Gas,0.08333333333333333,882
2019-02-08,8,Pumped Storage,0.9166666666666666,0
2019-02-08,9,Gas,0.08333333333333334,901
2019-02-08,9,Pumped Storage,0.9166666666666666,0
2019-02-08,10,Gas,0.12482556845106159,837
2019-02-08,10,Other,0.08333333333333333,2044
2019-02-08,10,Pumped Storage,0.7914922351177281,0
2019-02-08,10,Wind,0.00034886309787682284,0
2019-02-08,11,Gas,0.37444847856375596,821
2019-02-08,11,Hydro,0.0003676809574960724,0
2019-02-08,11,Pumped Storage,0.6240807976062598,0
2019-02-08,11,Wind,0.0011030428724882173,0
2019-02-08,12,Gas,0.9569484479193473,842
2019-02-08,12,Pumped Storage,0.04160645425736293,0
2019-02-08,12,Wind,0.0014450978232898321,0
2019-02-08,13,Gas,0.9983664561003152,883
2019-02-08,13,Wind,0.0016335438996849167,0
2019-02-08,14,Gas,0.9984036705526045,891
2019-02-08,14,Other,7.423280582469223e-05,3398
2019-02-08,14,Wind,0.0015220966415707112,0
2019-02-08,15,Gas,0.4994137641351945,859
2019-02-08,15,Other,7.466835294648104e-05,3398
2019-02-08,15,Pumped Storage Demand,0.3328217658214743,0
2019-02-08,15,Wind,0.16768980169038464,0
2019-02-08,16,Gas,0.8333333333333334,861
2019-02-08,16,Pumped Storage Demand,0.16666666666666669,0
2019-02-08,17,Gas,0.33221468672848475,828
2019-02-08,17,Pumped Storage,0.5811261507075433,0
2019-02-08,17,Pumped Storage Demand,0.08333333333333333,0
2019-02-08,17,Wind,0.003325829230638683,0
2019-02-08,18,Hydro,0.0007600241972102283,0
2019-02-08,18,Pumped Storage,0.9953083622700897,0
2019-02-08,18,Wind,0.003931613532700185,0
2019-02-08,19,Gas,0.4147567064147621,881
2019-02-08,19,Hydro,0.0008585457203029579,0
2019-02-08,19,Pumped Storage,0.580659388980667,0
2019-02-08,19,Wind,0.003725358884268026,0
2019-02-08,20,Gas,0.6222478866009099,873
2019-02-08,20,Pumped Storage,0.3733487319605459,0
2019-02-08,20,Wind,0.004403381438544292,0
2019-02-08,21,Gas,0.9952569183659707,860
2019-02-08,21,Wind,0.004743081634029352,0
2019-02-08,22,Gas,0.9953327361818842,807
2019-02-08,22,Wind,0.004667263818115705,0
2019-02-08,23,Gas,0.5806128268706324,805
2019-02-08,23,Hydro,0.2488340686588424,0
2019-02-08,23,Other,0.16588937910589496,2048
2019-02-08,23,Wind,0.004663725364630335,0
2019-02-09,0,Gas,0.3317598002186186,825
2019-02-09,0,Pumped Storage Demand,0.6635196004372372,0
2019-02-09,0,Wind,0.004720599344144082,0
2019-02-09,1,Gas,0.9070667970535662,829
2019-02-09,1,Pumped Storage Demand,0.08293731676231328,0
2019-02-09,1,Wind,0.009995886184120575,0
2019-02-09,2,Gas,0.9025924306485678,826
2019-02-09,2,Hydro,0.08320821961265264,0
2019-02-09,2,Wind,0.014199349738779145,0
2019-02-09,3,Gas,0.16498702280527655,830
2019-02-09,3,Pumped Storage Demand,0.8294447221155623,0
2019-02-09,3,Wind,0.005568255079161168,0
2019-02-09,4,Gas,0.912248448601961,832
2019-02-09,4,Pumped Storage Demand,0.0829316771456328,0
2019-02-09,4,Wind,0.004819874252406215,0
2019-02-09,5,Gas,0.6635049468127865,826
2019-02-09,5,Pumped Storage Demand,0.33175247340639324,0
2019-02-09,5,Wind,0.0047425797808203505,0
2019-02-09,6,Gas,0.4976735882480965,873
2019-02-09,6,Pumped Storage Demand,0.4976735882480965,0
2019-02-09,6,Wind,0.004652823503807059,0
2019-02-09,7,Gas,0.9950990357773778,858
2019-02-09,7,Hydro,0.0005399301059790443,0
2019-02-09,7,Wind,0.004361034116643092,0
2019-02-09,8,Gas,0.6634285205102645,834
2019-02-09,8,Hydro,0.0017018443996116932,0
2019-02-09,8,Pumped Storage,0.3317142602551323,0
2019-02-09,8,Wind,0.0031553748349916603,0
2019-02-09,9,Gas,0.9953692190476481,835
2019-02-09,9,Hydro,0.0007228328116496951,0
2019-02-09,9,Wind,0.003907948140702403,0
2019-02-09,10,Gas,0.9954975719021768,872
2019-02-09,10,Wind,0.004502428097823213,0
2019-02-09,11,Gas,0.9956982295287539,864
2019-02-09,11,Wind,0.004301770471245947,0
2019-02-09,12,Gas,0.7467815747887906,837
2019-02-09,12,Pumped Storage Demand,0.2489271915962635,0
2019-02-09,12,Wind,0.004291233614946107,0
2019-02-09,13,Gas,0.49782618464416456,837
2019-02-09,13,Wind,0.5021738153558355,0
2019-02-09,14,Gas,0.9964926884221557,854
2019-02-09,14,Wind,0.003507311577844111,0
2019-02-09,15,Gas,0.4986599902959786,809
2019-02-09,15,Pumped Storage Demand,0.49916479082465415,0
2019-02-09,15,Wind,0.0021752188793672956,0
2019-02-09,16,Gas,0.9983968977954195,842
2019-02-09,16,Wind,0.001603102204580533,0
2019-02-09,17,Gas,0.8320163278181929,836
2019-02-09,17,Pumped Storage,0.16640326556363857,0
2019-02-09,17,Wind,0.0015804066181685783,0
2019-02-09,18,Gas,0.20802369434056056,845
2019-02-09,18,Pumped Storage,0.7904900384941302,0
2019-02-09,18,Wind,0.0014862671653093483,0
2019-02-09,19,Gas,0.08320263236153962,832
2019-02-09,19,Other,0.16640526472307923,2044
2019-02-09,19,Pumped Storage,0.7488236912538565,0
2019-02-09,19,Wind,0.0015684116615245173,0
2019-02-09,20,Gas,0.7054209237188778,864
2019-02-09,20,Other,0.08319973822661073,2044
2019-02-09,20,Pumped Storage,0.20731594125602165,0
2019-02-09,20,Wind,0.0040633967984899134,0
2019-02-09,21,Gas,0.9966282578561845,831
2019-02-09,21,Wind,0.0033717421438155507,0
2019-02-09,22,Gas,0.9976713269622529,852
2019-02-09,22,Wind,0.0023286730377469365,0
2019-02-09,23,Gas,0.9984417440813024,851
2019-02-09,23,Wind,0.001558255918697312,0
2019-02-10,0,Gas,0.6654277567414518,819
2019-02-10,0,Hydro,0.3328426879756878,0
2019-02-10,0,Wind,0.0017295552828604501,0
2019-02-10,1,Gas,0.9150899727506494,854
2019-02-10,1,Hydro,0.08321303416306784,0
2019-02-10,1,Wind,0.00169699308628288,0
2019-02-10,2,Gas,0.7489579494501997,836
2019-02-10,2,Hydro,0.2496526498167332,0
2019-02-10,2,Wind,0.0013894007330671298,0
2019-02-10,3,Gas,0.7489453177005039,838
2019-02-10,3,Hydro,0.24964843923350122,0
2019-02-10,3,Wind,0.0014062430659950965,0
2019-02-10,4,Gas,0.6666666666666667,833
2019-02-10,4,Pumped Storage Demand,0.3328399659312958,0
2019-02-10,4,Wind,0.0004933674020375618,0
2019-02-10,5,Gas,0.08333333333333333,818
2019-02-10,5,Hydro,0.25,0
2019-02-10,5,Other,0.25,2048
2019-02-10,5,Pumped Storage Demand,0.4166666666666667,0
2019-02-10,6,Gas,0.6666666666666667,864
2019-02-10,6,Pumped Storage Demand,0.33333333333333337,0
2019-02-10,7,Gas,0.5833333333333333,895
2019-02-10,7,Hydro,0.25,0
2019-02-10,7,Other,0.16666666666666666,4016
2019-02-10,8,Gas,1.0,860
2019-02-10,9,Gas,0.9999999999999999,845
2019-02-10,10,Gas,1.0,829
2019-02-10,11,Gas,0.7488784215620896,847
2019-02-10,11,Pumped Storage Demand,0.25000000000000006,0
2019-02-10,11,Wind,0.0011215784379103812,0
2019-02-10,12,Gas,0.9985179451104211,860
2019-02-10,12,Wind,0.001482054889578795,0
2019-02-10,13,Gas,0.7487263430819725,880
2019-02-10,13,Pumped Storage Demand,0.24957544769399087,0
2019-02-10,13,Wind,0.0016982092240367347,0
2019-02-10,14,Gas,0.665588527985737,847
2019-02-10,14,Pumped Storage Demand,0.3327942639928685,0
2019-02-10,14,Wind,0.0016172080213945569,0
2019-02-10,15,Gas,0.9152028408711839,856
2019-02-10,15,Pumped Storage Demand,0.08320025826101672,0
2019-02-10,15,Wind,0.001596900867799394,0
2019-02-10,16,Gas,0.832064404812209,843
2019-02-10,16,Other,0.1664128809624418,2044
2019-02-10,16,Wind,0.0015227142253492036,0
2019-02-10,17,Demand Response,0.25,0
2019-02-10,17,Gas,0.45833333333333337,968
2019-02-10,17,Pumped Storage,0.2916666666666667,0
2019-02-10,18,Gas,0.39583333333333337,1211
2019-02-10,18,Pumped Storage,0.6041666666666667,0
2019-02-10,19,Demand Response,0.16666666666666669,0
2019-02-10,19,Pumped Storage,0.8330913763709986,0
2019-02-10,19,Wind,0.00024195696233474806,0
2019-02-10,20,Gas,0.16666666666666666,897
2019-02-10,20,Pumped Storage,0.8333333333333334,0
2019-02-10,21,Gas,0.6245433478586695,835
2019-02-10,21,Other,0.041608920992070794,2044
2019-02-10,21,Pumped Storage,0.33304991821579044,0
2019-02-10,21,Wind,0.000797812933469371,0
2019-02-10,22,Gas,0.955905241586562,872
2019-02-10,22,Pumped Storage,0.041523837740386,0
2019-02-10,22,Wind,0.002570920673052015,0
2019-02-10,23,Gas,0.9997168632616924,867
2019-02-10,23,Wind,0.0002831367383076477,0
2019-02-11,0,Gas,0.8333333333333334,864
2019-02-11,0,Pumped Storage Demand,0.16666666666666666,0
2019-02-11,1,Gas,0.3333333333333333,854
2019-02-11,1,Pumped Storage Demand,0.6666666666666666,0
2019-02-11,2,Gas,0.8331970265157651,836
2019-02-11,2,Pumped Storage Demand,0.16666666666666669,0
2019-02-11,2,Wind,0.0001363068175682666,0
2019-02-11,3,Gas,0.6660142939806106,846
2019-02-11,3,Pumped Storage Demand,0.33333333333333337,0
2019-02-11,3,Wind,0.0006523726860559732,0
2019-02-11,4,Gas,0.33295066848509197,864
2019-02-11,4,Pumped Storage Demand,0.6657737820207701,0
2019-02-11,4,Wind,0.0012755494941379876,0
2019-02-11,5,Gas,0.4991877689186508,832
2019-02-11,5,Pumped Storage Demand,0.4991877689186508,0
2019-02-11,5,Wind,0.0016244621626983992,0
2019-02-11,6,Gas,0.33282818970514055,816
2019-02-11,6,Pumped Storage,0.6660352371314257,0
2019-02-11,6,Wind,0.0011365731634336376,0
2019-02-11,7,Pumped Storage,0.9987755621019614,0
2019-02-11,7,Wind,0.0012244378980386095,0
2019-02-11,8,Gas,0.3333333333333333,874
2019-02-11,8,Pumped Storage,0.6662050030129435,0
2019-02-11,8,Wind,0.00046166365372306913,0
2019-02-11,9,Gas,0.5825447142519777,828
2019-02-11,9,Pumped Storage,0.41600948409887034,0
2019-02-11,9,Wind,0.0014458016491518985,0
2019-02-11,10,Gas,0.5830748222819692,867
2019-02-11,10,Pumped Storage,0.4161496445639385,0
2019-02-11,10,Wind,0.0007755331540923154,0
2019-02-11,11,Gas,0.9988012551231458,861
2019-02-11,11,Wind,0.0011987448768544001,0
2019-02-11,12,Gas,0.9983677563025399,839
2019-02-11,12,Wind,0.0016322436974598009,0
2019-02-11,13,Gas,0.9983411665258715,831
2019-02-11,13,Wind,0.001658833474128613,0
2019-02-11,14,Gas,0.9982536952500372,861
2019-02-11,14,Wind,0.0017463047499629368,0
2019-02-11,15,Gas,0.9984011781970065,833
2019-02-11,15,Wind,0.0015988218029934617,0
2019-02-11,16,Gas,0.6656512418749554,859
2019-02-11,16,Pumped Storage Demand,0.33282562093747764,0
2019-02-11,16,Wind,0.001523137187566834,0
2019-02-11,17,Gas,0.33281299799837955,893
2019-02-11,17,Pumped Storage,0.6656259959967591,0
2019-02-11,17,Wind,0.0015610060048614027,0
2019-02-11,18,Gas,0.33281102790649886,865
2019-02-11,18,Other,0.33281102790649886,2048
2019-02-11,18,Pumped Storage,0.33281102790649886,0
2019-02-11,18,Wind,0.0015669162805033038,0
2019-02-11,19,Gas,0.6656499871322259,937
2019-02-11,19,Pumped Storage,0.33282499356611295,0
2019-02-11,19,Wind,0.0015250193016611445,0
2019-02-11,20,Gas,0.3744358278871796,861
2019-02-11,20,Pumped Storage,0.6240597131452995,0
2019-02-11,20,Wind,0.0015044589675209793,0
2019-02-11,21,Gas,0.7489082666603191,838
2019-02-11,21,Pumped Storage,0.249636088886773,0
2019-02-11,21,Wind,0.001455644452908117,0
2019-02-11,22,Gas,0.9974048468167334,861
2019-02-11,22,Wind,0.002595153183266737,0
2019-02-11,23,Gas,0.998232876933737,842
2019-02-11,23,Wind,0.0017671230662627535,0
2019-02-12,0,Gas,0.9985133296647175,839
2019-02-12,0,Wind,0.0014866703352825078,0
2019-02-12,1,Gas,0.6660329944192924,840
2019-02-12,1,Hydro,0.25000000000000006,0
2019-02-12,1,Pumped Storage Demand,0.08333333333333336,0
2019-02-12,1,Wind,0.000633672247374243,0
2019-02-12,2,Gas,0.6666666666666667,856
2019-02-12,2,Pumped Storage Demand,0.3333333333333333,0
2019-02-12,3,Gas,0.5824735407607455,854
2019-02-12,3,Pumped Storage Demand,0.4164210116459272,0
2019-02-12,3,Wind,0.0011054475933271555,0
2019-02-12,4,Gas,0.9984806683271745,856
2019-02-12,4,Wind,0.0015193316728254397,0
2019-02-12,5,Gas,0.9986596720342431,858
2019-02-12,5,Wind,0.0013403279657569693,0
2019-02-12,6,Gas,1.0,832
2019-02-12,7,Gas,1.0,853
2019-02-12,8,Gas,1.0,824
2019-02-12,9,Gas,1.0,851
2019-02-12,10,Gas,0.8333333333333333,854
2019-02-12,10,Pumped Storage,0.16666666666666666,0
2019-02-12,11,Gas,0.9166666666666665,897
2019-02-12,11,Other,0.08333333333333334,2044
2019-02-12,12,Demand Response,0.08333333333333334,0
2019-02-12,12,Gas,0.33333333333333337,865
2019-02-12,12,Other,0.08333333333333334,2044
2019-02-12,12,Pumped Storage,0.5000000000000001,0
2019-02-12,13,Gas,0.5833333333333333,860
2019-02-12,13,Pumped Storage,0.41666666666666663,0
2019-02-12,14,Gas,0.6666666666666666,1011
2019-02-12,14,Other,0.08333333333333333,2044
2019-02-12,14,Pumped Storage,0.25,0
2019-02-12,15,Gas,0.9166666666666669,865
2019-02-12,15,Pumped Storage,0.08333333333333334,0
2019-02-12,16,Gas,0.6664074915288871,819
2019-02-12,16,Pumped Storage,0.33333333333333337,0
2019-02-12,16,Wind,0.0002591751377797555,0
2019-02-12,17,Gas,0.49839061041495075,858
2019-02-12,17,Pumped Storage,0.49839061041495075,0
2019-02-12,17,Wind,0.00321877917009857,0
2019-02-12,18,Gas,0.3322392562495651,878
2019-02-12,18,Pumped Storage,0.6644785124991301,0
2019-02-12,18,Wind,0.003282231251304821,0
2019-02-12,19,Gas,0.16612616313799589,879
2019-02-12,19,Pumped Storage,0.8306308156899792,0
2019-02-12,19,Wind,0.003243021172024842,0
2019-02-12,20,Gas,0.9968741873492907,1005
2019-02-12,20,Wind,0.003125812650709406,0
2019-02-12,21,Gas,0.996928040762959,842
2019-02-12,21,Wind,0.0030719592370409563,0
2019-02-12,22,Gas,0.9968199635540661,838
2019-02-12,22,Wind,0.0031800364459339822,0
2019-02-12,23,Gas,0.8307088001347317,853
2019-02-12,23,Pumped Storage Demand,0.16614176002694633,0
2019-02-12,23,Wind,0.003149439838321909,0
2019-02-13,0,Gas,0.830676786097609,847
2019-02-13,0,Pumped Storage Demand,0.1661353572195218,0
2019-02-13,0,Wind,0.0031878566828692895,0
2019-02-13,1,Hydro,0.00013632536444304027,0
2019-02-13,1,Pumped Storage Demand,0.747520643154479,0
2019-02-13,1,Wind,0.2523430314810782,0
2019-02-13,2,Gas,0.24867456141536004,818
2019-02-13,2,Hydro,0.00020981588259067375,0
2019-02-13,2,Other,0.2488843772979508,2044
2019-02-13,2,Wind,0.5022312454040985,0
2019-02-13,3,Gas,0.9120030281238016,836
2019-02-13,3,Hydro,0.0002534851015105645,0
2019-02-13,3,Other,0.08307067489403415,2046
2019-02-13,3,Wind,0.0046728118806536965,0
2019-02-13,4,Gas,0.746383373538491,829
2019-02-13,4,Hydro,0.00035230856956033977,0
2019-02-13,4,Other,0.24863004718036882,2044
2019-02-13,4,Wind,0.0046342707115798795,0
2019-02-13,5,Gas,0.9125847336200641,850
2019-02-13,5,Hydro,0.00040395696654168465,0
2019-02-13,5,Other,0.08287627713627443,2044
2019-02-13,5,Wind,0.004135032277119933,0
2019-02-13,6,Gas,0.8313290360985591,853
2019-02-13,6,Other,0.16642585170565444,2044
2019-02-13,6,Wind,0.002245112195786364,0
2019-02-13,7,Gas,0.5825204232889325,852
2019-02-13,7,Pumped Storage,0.41608601663495187,0
2019-02-13,7,Wind,0.0013935600761156772,0
2019-02-13,8,Gas,0.49928803620957396,1178
2019-02-13,8,Other,0.16642934540319132,2044
2019-02-13,8,Pumped Storage,0.33285869080638264,0
2019-02-13,8,Wind,0.001423927580852048,0
2019-02-13,9,Gas,0.16643150790266473,1168
2019-02-13,9,Hydro,0.24964726185399708,0
2019-02-13,9,Pumped Storage,0.5825102776593265,0
2019-02-13,9,Wind,0.0014109525840116197,0
2019-02-13,10,Pumped Storage,0.9984613902080023,0
2019-02-13,10,Wind,0.0015386097919978068,0
2019-02-13,11,Gas,0.08319126529915889,897
2019-02-13,11,Pumped Storage,0.9151039182907478,0
2019-02-13,11,Wind,0.001704816410093213,0
2019-02-13,12,Gas,0.9982213894206204,877
2019-02-13,12,Wind,0.0017786105793798457,0
2019-02-13,13,Gas,0.49945203018474266,863
2019-02-13,13,Pumped Storage,0.4991780452771139,0
2019-02-13,13,Wind,0.0013699245381433996,0
2019-02-13,14,Gas,0.6666666666666666,865
2019-02-13,14,Pumped Storage,0.3333333333333333,0
2019-02-13,15,Gas,0.5833333333333335,880
2019-02-13,15,Pumped Storage,0.41666666666666674,0
2019-02-13,16,Gas,0.25,897
2019-02-13,16,Pumped Storage,0.75,0
2019-02-13,17,Gas,0.7499999999999999,872
2019-02-13,17,Pumped Storage,0.25,0
2019-02-13,18,Gas,1.0,1063
2019-02-13,19,Gas,0.832767853001333,982
2019-02-13,19,Pumped Storage,0.16666666666666666,0
2019-02-13,19,Wind,0.0005654803320002816,0
2019-02-13,20,Gas,0.8333333333333333,904
2019-02-13,20,Pumped Storage,0.16666666666666669,0
2019-02-13,21,Demand Response,0.16666666666666666,0
2019-02-13,21,Gas,0.8333333333333333,1010
2019-02-13,22,Gas,0.9999999999999998,851
2019-02-13,23,Gas,0.9999999999999998,861
2019-02-14,0,Gas,0.5833333333333333,832
2019-02-14,0,Pumped Storage Demand,0.41666666666666663,0
2019-02-14,1,Gas,0.25,858
2019-02-14,1,Pumped Storage Demand,0.75,0
2019-02-14,2,Pumped Storage Demand,1.0,0
2019-02-14,3,Gas,0.16666666666666666,910
2019-02-14,3,Hydro,0.0002067866292127077,0
2019-02-14,3,Pumped Storage Demand,0.8331265467041206,0
2019-02-14,4,Gas,0.08333333333333333,876
2019-02-14,4,Pumped Storage Demand,0.9166666666666666,0
2019-02-14,5,Gas,0.4166666666666665,838
2019-02-14,5,Pumped Storage Demand,0.4999999999999999,0
2019-02-14,5,Wind,0.08333333333333331,0
2019-02-14,6,Gas,0.6666666666666667,857
2019-02-14,6,Pumped Storage,0.25000000000000006,0
2019-02-14,6,Pumped Storage Demand,0.08333333333333334,0
2019-02-14,7,Pumped Storage,1.0,0
2019-02-14,8,Gas,0.6666666666666666,868
2019-02-14,8,Pumped Storage,0.3333333333333333,0
2019-02-14,9,Gas,0.9999999999999998,846
2019-02-14,10,Gas,0.9999999999999998,854
2019-02-14,11,Gas,0.7720383871726573,870
2019-02-14,11,Pumped Storage Demand,0.2279616128273428,0
2019-02-14,12,Gas,1.0,857
2019-02-14,13,Gas,1.0,847
2019-02-14,14,Gas,1.0,857
2019-02-14,15,Gas,0.9999999999999999,840
2019-02-14,16,Gas,0.9994287481793119,912
2019-02-14,16,Wind,0.0005712518206881724,0
2019-02-14,17,Gas,1.0,850
2019-02-14,18,Gas,0.6666666666666667,836
2019-02-14,18,Other,0.16666666666666669,2044
2019-02-14,18,Pumped Storage,0.16666666666666669,0
2019-02-14,19,Gas,0.16666666666666666,862
2019-02-14,19,Pumped Storage,0.8333333333333333,0
2019-02-14,20,Gas,0.25,831
2019-02-14,20,Other,0.08333333333333333,2044
2019-02-14,20,Pumped Storage,0.6666666666666666,0
2019-02-14,21,Gas,0.9999999999999999,862
2019-02-14,22,Gas,1.0,855
2019-02-14,23,Gas,0.7486022930775591,829
2019-02-14,23,Hydro,0.08305379194884516,0
2019-02-14,23,Other,0.08305379194884516,4016
2019-02-14,23,Pumped Storage,0.08305379194884516,0
2019-02-14,23,Wind,0.0022363310759054224,0
2019-02-15,0,Gas,0.7474525088818951,838
2019-02-15,0,Hydro,0.083050278764655,0
2019-02-15,0,Other,0.16610055752931,2044
2019-02-15,0,Wind,0.0033966548241400273,0
2019-02-15,1,Gas,0.664344047574435,865
2019-02-15,1,Hydro,0.3321720237872175,0
2019-02-15,1,Wind,0.0034839286383474975,0
2019-02-15,2,Gas,0.4152280810007771,1038
2019-02-15,2,Hydro,0.581319313401088,0
2019-02-15,2,Wind,0.0034526055981349045,0
2019-02-15,3,Gas,0.9965999232628138,846
2019-02-15,3,Wind,0.0034000767371860797,0
2019-02-15,4,Gas,0.9968281599410397,854
2019-02-15,4,Wind,0.003171840058960407,0
2019-02-15,5,Gas,0.830846464774045,832
2019-02-15,5,Hydro,0.16611402920904703,0
2019-02-15,5,Wind,0.0030395060169081784,0
2019-02-15,6,Gas,0.5813691349675362,856
2019-02-15,6,Pumped Storage,0.4152636678339544,0
2019-02-15,6,Wind,0.003367197198509546,0
2019-02-15,7,Pumped Storage,0.9961642386972143,0
2019-02-15,7,Wind,0.003835761302785622,0
2019-02-15,8,Gas,0.24880082628501754,848
2019-02-15,8,Hydro,0.24880082628501754,0
2019-02-15,8,Pumped Storage,0.497601652570035,0
2019-02-15,8,Wind,0.004796694859929742,0
2019-02-15,9,Gas,0.08296029888762176,848
2019-02-15,9,Hydro,0.9153348310146364,0
2019-02-15,9,Wind,0.0017048700977419658,0
2019-02-15,10,Gas,0.33321325354242093,1059
2019-02-15,10,Hydro,0.5408861480257358,0
2019-02-15,10,Pumped Storage,0.12481988031363134,0
2019-02-15,10,Wind,0.0010807181182119195,0
2019-02-15,11,Demand Response,0.24963990631438046,0
2019-02-15,11,Gas,0.332853208419174,880
2019-02-15,11,Other,0.16642660420958696,4019
2019-02-15,11,Pumped Storage,0.24963990631438046,0
2019-02-15,11,Wind,0.001440374742478233,0
2019-02-15,12,Gas,0.12481927888606707,837
2019-02-15,12,Other,0.08321285259071137,4019
2019-02-15,12,Pumped Storage,0.790522099611758,0
2019-02-15,12,Wind,0.001445768911463553,0
2019-02-15,13,Gas,0.6656448152720624,862
2019-02-15,13,Pumped Storage,0.3328224076360312,0
2019-02-15,13,Wind,0.0015327770919062568,0
2019-02-15,14,Gas,0.9985139446351915,851
2019-02-15,14,Wind,0.0014860553648084107,0
2019-02-15,15,Gas,0.9984853062235337,861
2019-02-15,15,Wind,0.001514693776466235,0
2019-02-15,16,Gas,0.9984944570023004,865
2019-02-15,16,Wind,0.0015055429976996112,0
2019-02-15,17,Gas,0.33281424505262686,854
2019-02-15,17,Pumped Storage,0.6656284901052537,0
2019-02-15,17,Wind,0.001557264842119406,0
2019-02-15,18,Gas,0.08320629630812246,1154
2019-02-15,18,Pumped Storage,0.9152692593893469,0
2019-02-15,18,Wind,0.001524444302530687,0
2019-02-15,19,Gas,0.8320362496894317,895
2019-02-15,19,Pumped Storage,0.16640724993788633,0
2019-02-15,19,Wind,0.001556500372682231,0
2019-02-15,20,Gas,0.998440453267313,854
2019-02-15,20,Wind,0.0015595467326869918,0
2019-02-15,21,Gas,0.998525134322968,868
2019-02-15,21,Wind,0.0014748656770320681,0
2019-02-15,22,Gas,0.9984910897292827,838
2019-02-15,22,Wind,0.0015089102707171627,0
2019-02-15,23,Gas,0.9986010247865078,823
2019-02-15,23,Wind,0.0013989752134922942,0
2019-02-16,0,Gas,0.9986943072273913,837
2019-02-16,0,Wind,0.0013056927726087574,0
2019-02-16,1,Gas,0.9992249222994976,853
2019-02-16,1,Wind,0.0007750777005021595,0
2019-02-16,2,Gas,1.0,834
2019-02-16,3,Gas,0.41666666666666663,1090
2019-02-16,3,Wind,0.5833333333333334,0
2019-02-16,4,Gas,0.6666666666666666,845
2019-02-16,4,Other,0.08333333333333333,3500
2019-02-16,4,Wind,0.25,0
2019-02-16,5,Gas,0.3333333333333333,949
2019-02-16,5,Pumped Storage Demand,0.4166666666666667,0
2019-02-16,5,Wind,0.25,0
2019-02-16,6,Gas,1.0,868
2019-02-16,7,Gas,1.0,843
2019-02-16,8,Gas,1.0,836
2019-02-16,9,Gas,0.9999999999999998,840
2019-02-16,10,Gas,0.9166666666666665,853
2019-02-16,10,Hydro,0.08333333333333333,0
2019-02-16,11,Gas,1.0,854
2019-02-16,12,Gas,0.5725378787878788,1201
2019-02-16,12,Hydro,0.09526515151515151,0
2019-02-16,12,Wind,0.3321969696969696,0
2019-02-16,13,Gas,0.13155964405964404,1254
2019-02-16,13,Hydro,0.1488215488215488,0
2019-02-16,13,Other,0.008333333333333331,4679
2019-02-16,13,Wind,0.7112854737854738,0
2019-02-16,14,Gas,0.1770833333333333,877
2019-02-16,14,Hydro,0.31597222222222215,0
2019-02-16,14,Wind,0.5069444444444443,0
2019-02-16,15,Gas,1.0,925
2019-02-16,16,Gas,0.75,842
2019-02-16,16,Pumped Storage,0.24911656604416335,0
2019-02-16,16,Wind,0.0008834339558366228,0
2019-02-16,17,Gas,0.6632195960340755,803
2019-02-16,17,Pumped Storage,0.3320232893701978,0
2019-02-16,17,Wind,0.0047571145957266,0
2019-02-16,18,Gas,0.9947156735388786,872
2019-02-16,18,Wind,0.005284326461121319,0
2019-02-16,19,Gas,0.6632023791283329,814
2019-02-16,19,Pumped Storage,0.33160118956416645,0
2019-02-16,19,Wind,0.005196431307500762,0
2019-02-16,20,Gas,0.9974222369612171,853
2019-02-16,20,Wind,0.002577763038782729,0
2019-02-16,21,Gas,0.7482257446705907,854
2019-02-16,21,Pumped Storage,0.08292226045478415,0
2019-02-16,21,Wind,0.16885199487462502,0
2019-02-16,22,Gas,0.9986318602751486,851
2019-02-16,22,Wind,0.0013681397248514766,0
2019-02-16,23,Gas,0.7488787604323549,860
2019-02-16,23,Pumped Storage Demand,0.24957953516213308,0
2019-02-16,23,Wind,0.0015417044055121402,0
2019-02-17,0,Gas,0.9991688595654887,838
2019-02-17,0,Wind,0.0008311404345113316,0
2019-02-17,1,Gas,1.0,830
2019-02-17,2,Gas,1.0,878
2019-02-17,3,Gas,1.0,840
2019-02-17,4,Gas,0.5833333333333333,854
2019-02-17,4,Wind,0.4166666666666667,0
2019-02-17,5,Gas,0.9999999999999999,918
2019-02-17,6,Gas,0.5,833
2019-02-17,6,Other,0.24972090342372022,2044
2019-02-17,6,Pumped Storage Demand,0.25,0
2019-02-17,6,Wind,0.00027909657627979634,0
2019-02-17,7,Gas,0.75,822
2019-02-17,7,Other,0.25,2044
2019-02-17,8,Gas,1.0,842
2019-02-17,9,Gas,1.0,893
2019-02-17,10,Gas,0.6666666666666667,819
2019-02-17,10,Wind,0.33333333333333337,0
2019-02-17,11,Gas,1.0,840
2019-02-17,12,Gas,0.4999999999999999,964
2019-02-17,12,Hydro,0.32738095238095233,0
2019-02-17,12,Other,0.14880952380952378,1658
2019-02-17,12,Wind,0.023809523809523805,0
2019-02-17,13,Gas,1.0,892
2019-02-17,14,Gas,1.0,965
2019-02-17,15,Gas,1.0,850
2019-02-17,16,Gas,0.7916666666666667,818
2019-02-17,16,Other,0.125,2044
2019-02-17,16,Pumped Storage,0.08333333333333334,0
2019-02-17,17,Gas,0.25,931
2019-02-17,17,Pumped Storage,0.75,0
2019-02-17,18,Gas,0.375,1321
2019-02-17,18,Pumped Storage,0.625,0
2019-02-17,19,Pumped Storage,1.0,0
2019-02-17,20,Gas,0.41666666666666663,820
2019-02-17,20,Pumped Storage,0.5833333333333334,0
2019-02-17,21,Gas,0.9999999999999997,835
2019-02-17,22,Gas,0.8749999999999999,835
2019-02-17,22,Pumped Storage,0.12499999999999997,0
2019-02-17,23,Gas,1.0,823
2019-02-18,0,Gas,1.0,837
2019-02-18,1,Gas,0.7499999999999999,836
2019-02-18,1,Pumped Storage Demand,0.25,0
2019-02-18,2,Gas,0.5833333333333333,1021
2019-02-18,2,Pumped Storage Demand,0.41666666666666663,0
2019-02-18,3,Gas,0.75,852
2019-02-18,3,Pumped Storage Demand,0.25,0
2019-02-18,4,Gas,0.41666666666666663,855
2019-02-18,4,Pumped Storage Demand,0.5833333333333334,0
2019-02-18,5,Gas,1.0,830
2019-02-18,6,Gas,1.0000000000000002,844
2019-02-18,7,Gas,0.9999999999999998,979
2019-02-18,8,Gas,0.08333333333333333,860
2019-02-18,8,Pumped Storage,0.9166666666666665,0
2019-02-18,9,Gas,0.25,890
2019-02-18,9,Pumped Storage,0.75,0
2019-02-18,10,Gas,0.2916666666666667,835
2019-02-18,10,Pumped Storage,0.7083333333333334,0
2019-02-18,11,Gas,0.33333333333333326,850
2019-02-18,11,Pumped Storage,0.6666666666666665,0
2019-02-18,12,Gas,0.625,881
2019-02-18,12,Pumped Storage,0.375,0
2019-02-18,13,Gas,0.7083333333333333,878
2019-02-18,13,Pumped Storage,0.29166666666666663,0
2019-02-18,14,Gas,0.7083333333333334,879
2019-02-18,14,Pumped Storage,0.29166666666666663,0
2019-02-18,15,Gas,0.875,886
2019-02-18,15,Pumped Storage,0.125,0
2019-02-18,16,Gas,0.5833333333333334,895
2019-02-18,16,Pumped Storage,0.41666666666666663,0
2019-02-18,17,Pumped Storage,0.9997210721171664,0
2019-02-18,17,Wind,0.00027892788283351413,0
2019-02-18,18,Gas,0.24911728609025946,883
2019-02-18,18,Other,0.16607819072683963,2044
2019-02-18,18,Pumped Storage,0.5812736675439387,0
2019-02-18,18,Wind,0.0035308556389621803,0
2019-02-18,19,Gas,0.20789963354031296,867
2019-02-18,19,Other,0.25000000000000006,2048
2019-02-18,19,Pumped Storage,0.5409438336782993,0
2019-02-18,19,Wind,0.0011565327813876484,0
2019-02-18,20,Gas,1.0,876
2019-02-18,21,Gas,0.9989786746105248,877
2019-02-18,21,Wind,0.0010213253894751073,0
2019-02-18,22,Coal,0.041604067921932116,2573
2019-02-18,22,Gas,0.9568935622044387,866
2019-02-18,22,Wind,0.0015023698736291926,0
2019-02-18,23,Coal,0.24961045470591306,2573
2019-02-18,23,Gas,0.7488313641177392,872
2019-02-18,23,Wind,0.0015581811763477574,0
2019-02-19,0,Gas,0.9152531016499854,855
2019-02-19,0,Hydro,0.08320482742272595,0
2019-02-19,0,Wind,0.001542070927288611,0
2019-02-19,1,Gas,0.9984199044804566,833
2019-02-19,1,Wind,0.0015800955195433195,0
2019-02-19,2,Gas,0.5823944648202004,851
2019-02-19,2,Pumped Storage Demand,0.08319920926002862,0
2019-02-19,2,Wind,0.3344063259197711,0
2019-02-19,3,Gas,0.832010426491097,849
2019-02-19,3,Pumped Storage Demand,0.16640208529821937,0
2019-02-19,3,Wind,0.0015874882106836838,0
2019-02-19,4,Gas,0.1664048948437974,876
2019-02-19,4,Pumped Storage Demand,0.832024474218987,0
2019-02-19,4,Wind,0.0015706309372156494,0
2019-02-19,5,Gas,0.8320326472355987,856
2019-02-19,5,Pumped Storage,0.08320326472355986,0
2019-02-19,5,Pumped Storage Demand,0.08320326472355986,0
2019-02-19,5,Wind,0.0015608233172816474,0
2019-02-19,6,Gas,0.956894628515734,876
2019-02-19,6,Pumped Storage,0.04160411428329278,0
2019-02-19,6,Wind,0.001501257200973231,0
2019-02-19,7,Gas,0.9990840428575218,870
2019-02-19,7,Wind,0.0009159571424781553,0
2019-02-19,8,Gas,0.4166666666666667,887
2019-02-19,8,Pumped Storage,0.5833333333333334,0
2019-02-19,9,Gas,0.9999999999999999,870
2019-02-19,10,Gas,1.0,871
2019-02-19,11,Gas,0.9993213262355356,872
2019-02-19,11,Wind,0.0006786737644644723,0
2019-02-19,12,Gas,0.9994434807795121,893
2019-02-19,12,Wind,0.000556519220487893,0
2019-02-19,13,Gas,0.9999999999999999,891
2019-02-19,14,Gas,0.9986747854949596,860
2019-02-19,14,Wind,0.0013252145050402838,0
2019-02-19,15,Gas,0.9982671982947187,848
2019-02-19,15,Wind,0.0017328017052812038,0
2019-02-19,16,Gas,0.998390154007943,841
2019-02-19,16,Wind,0.0016098459920567316,0
2019-02-19,17,Gas,0.9992007343050536,879
2019-02-19,17,Wind,0.0007992656949464929,0
2019-02-19,18,Gas,0.291410603251437,885
2019-02-19,18,Pumped Storage,0.7076931747952591,0
2019-02-19,18,Wind,0.0008962219533040807,0
2019-02-19,19,Gas,0.6656265104145491,889
2019-02-19,19,Pumped Storage,0.24960994140545592,0
2019-02-19,19,Wind,0.08476354817999478,0
2019-02-19,20,Gas,0.8320427091886141,861
2019-02-19,20,Pumped Storage,0.08292484203160126,0
2019-02-19,20,Wind,0.08503244877978468,0
2019-02-19,21,Gas,0.9983918366336219,865
2019-02-19,21,Wind,0.0016081633663779728,0
2019-02-19,22,Gas,0.8320130298572456,874
2019-02-19,22,Pumped Storage Demand,0.1664026059714491,0
2019-02-19,22,Wind,0.001584364171305487,0
2019-02-19,23,Gas,0.9984222732137251,842
2019-02-19,23,Wind,0.0015777267862748091,0
2019-02-20,0,Gas,0.9994681018775017,873
2019-02-20,0,Wind,0.0005318981224983136,0
2019-02-20,1,Gas,0.9984704920443552,849
2019-02-20,1,Wind,0.001529507955644693,0
2019-02-20,2,Gas,0.832036263857156,883
2019-02-20,2,Pumped Storage Demand,0.1664072527714312,0
2019-02-20,2,Wind,0.0015564833714128512,0
2019-02-20,3,Pumped Storage Demand,0.998427406956051,0
2019-02-20,3,Wind,0.001572593043948956,0
2019-02-20,4,Gas,0.4160246383533836,839
2019-02-20,4,Pumped Storage Demand,0.5824344936947371,0
2019-02-20,4,Wind,0.0015408679518792605,0
2019-02-20,5,Coal,0.08320457149938952,2375
2019-02-20,5,Gas,0.3328182859975581,846
2019-02-20,5,Pumped Storage,0.5824320004957266,0
2019-02-20,5,Wind,0.0015451420073258847,0
2019-02-20,6,Coal,0.08320576099494062,2375
2019-02-20,6,Gas,0.08320576099494062,845
2019-02-20,6,Pumped Storage,0.8324403269645844,0
2019-02-20,6,Wind,0.0011481510455342305,0
2019-02-20,7,Gas,0.41666666666666663,1052
2019-02-20,7,Pumped Storage,0.5833333333333333,0
2019-02-20,8,Gas,0.4166666666666667,1225
2019-02-20,8,Pumped Storage,0.5833333333333335,0
2019-02-20,9,Gas,0.08333333333333333,845
2019-02-20,9,Pumped Storage,0.9166666666666666,0
2019-02-20,10,Pumped Storage,1.0,0
2019-02-20,11,Pumped Storage,1.0,0
2019-02-20,12,Pumped Storage,1.0,0
2019-02-20,13,Gas,0.6666666666666667,837
2019-02-20,13,Pumped Storage,0.3333333333333333,0
2019-02-20,14,Gas,0.3333333333333333,861
2019-02-20,14,Pumped Storage,0.6666666666666667,0
2019-02-20,15,Pumped Storage,1.0,0
2019-02-20,16,Gas,0.4166666666666667,878
2019-02-20,16,Pumped Storage,0.5833333333333334,0
2019-02-20,17,Gas,0.5,893
2019-02-20,17,Pumped Storage,0.5,0
2019-02-20,18,Demand Response,0.16666666666666669,0
2019-02-20,18,Pumped Storage,0.8333333333333334,0
2019-02-20,19,Coal,0.08333333333333336,2334
2019-02-20,19,Gas,0.41666666666666674,1110
2019-02-20,19,Pumped Storage,0.5000000000000001,0
2019-02-20,20,Gas,0.7500000000000001,856
2019-02-20,20,Other,0.08333333333333334,2044
2019-02-20,20,Pumped Storage,0.16666666666666669,0
2019-02-20,21,Gas,0.8333333333333333,841
2019-02-20,21,Other,0.16666666666666666,2044
2019-02-20,22,Gas,0.75,852
2019-02-20,22,Hydro,0.25,0
2019-02-20,23,Gas,0.5,944
2019-02-20,23,Hydro,0.5,0
2019-02-21,0,Gas,0.3333333333333333,1031
2019-02-21,0,Hydro,0.5833333333333333,0
2019-02-21,0,Other,0.08333333333333333,2044
2019-02-21,1,Gas,0.8333333333333335,837
2019-02-21,1,Hydro,0.16666666666666669,0
2019-02-21,2,Gas,0.1666666666666667,864
2019-02-21,2,Pumped Storage Demand,0.8333333333333334,0
2019-02-21,3,Gas,0.5819531528715882,844
2019-02-21,3,Other,0.24917189172295298,2044
2019-02-21,3,Pumped Storage Demand,0.16666666666666663,0
2019-02-21,3,Wind,0.002208288738791987,0
2019-02-21,4,Gas,0.9976065635603679,836
2019-02-21,4,Wind,0.0023934364396321333,0
2019-02-21,5,Gas,1.0,916
2019-02-21,6,Gas,0.8333333333333333,847
2019-02-21,6,Pumped Storage,0.16666666666666669,0
2019-02-21,7,Demand Response,0.25000000000000006,0
2019-02-21,7,Gas,0.5,842
2019-02-21,7,Pumped Storage,0.25000000000000006,0
2019-02-21,8,Gas,0.25,1022
2019-02-21,8,Pumped Storage,0.75,0
2019-02-21,9,Gas,0.41666666666666663,1213
2019-02-21,9,Pumped Storage,0.5833333333333333,0
2019-02-21,10,Gas,0.41666666666666663,1184
2019-02-21,10,Pumped Storage,0.5833333333333334,0
2019-02-21,11,Gas,1.0,1211
2019-02-21,12,Gas,1.0,996
2019-02-21,13,Gas,1.0,865
2019-02-21,14,Gas,0.9997194037440953,855
2019-02-21,14,Hydro,0.00028059625590462527,0
2019-02-21,15,Gas,0.9995579461347202,851
2019-02-21,15,Hydro,0.00035364309222383046,0
2019-02-21,15,Other,8.841077305595762e-05,3398
2019-02-21,16,Gas,0.9991335663439687,844
2019-02-21,16,Hydro,0.0008664336560313833,0
2019-02-21,17,Gas,0.6659256714145241,886
2019-02-21,17,Hydro,0.000748217495286223,0
2019-02-21,17,Other,8.313527725402477e-05,3398
2019-02-21,17,Pumped Storage,0.3327586086356987,0
2019-02-21,17,Wind,0.00048436717723708713,0
2019-02-21,18,Gas,0.2496327056299096,848
2019-02-21,18,Hydro,7.711748088318046e-05,0
2019-02-21,18,Other,7.711748088318046e-05,3398
2019-02-21,18,Pumped Storage,0.7487438819279624,0
2019-02-21,18,Wind,0.0014691774803617845,0
2019-02-21,19,Gas,0.748524238600237,851
2019-02-21,19,Hydro,0.0003634693496309941,0
2019-02-21,19,Other,0.24962923598328934,2044
2019-02-21,19,Wind,0.0014830560668425917,0
2019-02-21,20,Gas,0.665409379085943,840
2019-02-21,20,Hydro,0.000206373115911383,0
2019-02-21,20,Other,6.879103863712766e-05,3398
2019-02-21,20,Pumped Storage,0.33198952290484474,0
2019-02-21,20,Wind,0.0023259338546638415,0
2019-02-21,21,Gas,0.998851735857555,871
2019-02-21,21,Hydro,0.000330756989920163,0
2019-02-21,21,Wind,0.0008175071525249157,0
2019-02-21,22,Gas,0.9992160783152807,854
2019-02-21,22,Hydro,6.44105149430079e-05,0
2019-02-21,22,Wind,0.0007195111697762834,0
2019-02-21,23,Gas,0.4992202392138616,841
2019-02-21,23,Hydro,0.00019081178585144827,0
2019-02-21,23,Other,6.360392861714944e-05,3240
2019-02-21,23,Pumped Storage Demand,0.24945110978538787,0
2019-02-21,23,Wind,0.2510742352862821,0
2019-02-22,0,Gas,0.24986288431709458,856
2019-02-22,0,Hydro,0.000274231365810774,0
2019-02-22,0,Pumped Storage Demand,0.5831962176504281,0
2019-02-22,0,Wind,0.16666666666666666,0
2019-02-22,1,Gas,0.16666666666666669,835
2019-02-22,1,Pumped Storage Demand,0.8333333333333334,0
2019-02-22,2,Pumped Storage Demand,1.0,0
2019-02-22,3,Gas,0.25,876
2019-02-22,3,Pumped Storage Demand,0.75,0
2019-02-22,4,Gas,0.9166666666666667,854
2019-02-22,4,Other,0.08333333333333333,2048
2019-02-22,5,Gas,0.41666666666666674,852
2019-02-22,5,Other,0.08333333333333333,2044
2019-02-22,5,Pumped Storage Demand,0.5,0
2019-02-22,6,Gas,0.9166666666666666,844
2019-02-22,6,Hydro,0.08333333333333333,0
2019-02-22,7,Gas,0.5833333333333333,851
2019-02-22,7,Pumped Storage,0.41666666666666663,0
2019-02-22,8,Gas,0.41666666666666674,890
2019-02-22,8,Pumped Storage,0.5833333333333334,0
2019-02-22,9,Gas,0.375,914
2019-02-22,9,Pumped Storage,0.625,0
2019-02-22,10,Gas,1.0,845
2019-02-22,11,Gas,1.0,840
2019-02-22,12,Gas,0.6666666666666666,877
2019-02-22,12,Pumped Storage Demand,0.3333333333333333,0
2019-02-22,13,Gas,0.6666666666666667,887
2019-02-22,13,Pumped Storage Demand,0.33333333333333337,0
2019-02-22,14,Gas,1.0,844
2019-02-22,15,Gas,0.09090909090909091,848
2019-02-22,15,Pumped Storage Demand,0.9090909090909091,0
2019-02-22,16,Gas,0.5833333333333333,851
2019-02-22,16,Pumped Storage,0.41666666666666663,0
2019-02-22,17,Gas,0.16666666666666663,880
2019-02-22,17,Pumped Storage,0.8333333333333331,0
2019-02-22,18,Pumped Storage,1.0,0
2019-02-22,19,Gas,0.375,879
2019-02-22,19,Pumped Storage,0.6249999999999999,0
2019-02-22,20,Gas,0.25,878
2019-02-22,20,Pumped Storage,0.75,0
2019-02-22,21,Gas,0.5833333333333334,858
2019-02-22,21,Other,0.08333333333333333,2044
2019-02-22,21,Pumped Storage,0.3333333333333333,0
2019-02-22,22,Gas,0.3333333333333333,843
2019-02-22,22,Pumped Storage Demand,0.6666666666666666,0
2019-02-22,23,Pumped Storage Demand,0.9989970224799672,0
2019-02-22,23,Wind,0.0010029775200326959,0
2019-02-23,0,Gas,0.16666666666666669,820
2019-02-23,0,Pumped Storage Demand,0.8331962563097164,0
2019-02-23,0,Wind,0.0001370770236169879,0
2019-02-23,1,Gas,0.9999999999999999,858
2019-02-23,2,Gas,1.0,829
2019-02-23,3,Gas,0.9999999999999999,848
2019-02-23,4,Gas,1.0,826
2019-02-23,5,Gas,0.9999999999999999,850
2019-02-23,6,Gas,0.8333333333333334,891
2019-02-23,6,Pumped Storage Demand,0.16666666666666666,0
2019-02-23,7,Gas,0.5833333333333334,851
2019-02-23,7,Pumped Storage Demand,0.41666666666666663,0
2019-02-23,8,Gas,0.33333333333333326,858
2019-02-23,8,Pumped Storage Demand,0.6666666666666667,0
2019-02-23,9,Gas,0.6666666666666667,825
2019-02-23,9,Pumped Storage Demand,0.33333333333333337,0
2019-02-23,10,Gas,1.0,865
2019-02-23,11,Gas,0.9999999999999999,857
2019-02-23,12,Gas,1.0,857
2019-02-23,13,Gas,1.0,843
2019-02-23,14,Gas,1.0,853
2019-02-23,15,Gas,0.9583333333333334,851
2019-02-23,15,Other,0.04166666666666667,2044
2019-02-23,16,Gas,0.8055555555555556,861
2019-02-23,16,Pumped Storage,0.19444444444444448,0
2019-02-23,17,Gas,0.5,933
2019-02-23,17,Other,0.3333333333333333,2044
2019-02-23,17,Pumped Storage,0.16666666666666666,0
2019-02-23,18,Gas,0.16666666666666666,876
2019-02-23,18,Pumped Storage,0.8333333333333334,0
2019-02-23,19,Gas,0.41666666666666663,875
2019-02-23,19,Other,0.16666666666666666,2048
2019-02-23,19,Pumped Storage,0.41666666666666663,0
2019-02-23,20,Gas,0.7083333333333333,859
2019-02-23,20,Other,0.08333333333333333,2048
2019-02-23,20,Pumped Storage,0.20833333333333334,0
2019-02-23,21,Gas,0.7083333333333335,910
2019-02-23,21,Pumped Storage,0.2916666666666667,0
2019-02-23,22,Gas,1.0000000000000002,852
2019-02-23,23,Gas,0.9999999999999999,852
2019-02-24,0,Gas,0.9166666666666667,864
2019-02-24,0,Wind,0.08333333333333333,0
2019-02-24,1,Gas,1.0,833
2019-02-24,2,Gas,0.75,828
2019-02-24,2,Pumped Storage Demand,0.25,0
2019-02-24,3,Gas,1.0,825
2019-02-24,4,Gas,0.41666666666666663,831
2019-02-24,4,Pumped Storage Demand,0.5833333333333333,0
2019-02-24,5,Gas,0.8333333333333334,830
2019-02-24,5,Pumped Storage Demand,0.16666666666666666,0
2019-02-24,6,Gas,0.9999999999999999,853
2019-02-24,7,Gas,0.7500000000000001,858
2019-02-24,7,Pumped Storage Demand,0.25,0
2019-02-24,8,Gas,0.16666666666666666,884
2019-02-24,8,Pumped Storage,0.3333333333333333,0
2019-02-24,8,Pumped Storage Demand,0.5,0
2019-02-24,9,Gas,0.125,866
2019-02-24,9,Hydro,0.25,0
2019-02-24,9,Pumped Storage,0.625,0
2019-02-24,10,Gas,0.5416666666666665,867
2019-02-24,10,Hydro,0.08333333333333333,0
2019-02-24,10,Pumped Storage,0.37499999999999994,0
2019-02-24,11,Gas,0.25,1353
2019-02-24,11,Pumped Storage,0.7499999999999999,0
2019-02-24,12,Gas,0.2495855340663366,1353
2019-02-24,12,Pumped Storage,0.7497236893775577,0
2019-02-24,12,Wind,0.0006907765561056868,0
2019-02-24,13,Gas,0.24956879717324232,854
2019-02-24,13,Hydro,0.4991375943464846,0
2019-02-24,13,Other,0.08318959905774743,2048
2019-02-24,13,Pumped Storage,0.16637919811549487,0
2019-02-24,13,Wind,0.0017248113070307317,0
2019-02-24,14,Gas,0.3327729702429915,856
2019-02-24,14,Hydro,0.08319324256074788,0
2019-02-24,14,Pumped Storage,0.5823526979252353,0
2019-02-24,14,Wind,0.001681089271025423,0
2019-02-24,15,Gas,0.24956127182246518,848
2019-02-24,15,Pumped Storage,0.7486838154673957,0
2019-02-24,15,Wind,0.001754912710139157,0
2019-02-24,16,Gas,0.6655474624634498,870
2019-02-24,16,Pumped Storage,0.33277373123172493,0
2019-02-24,16,Wind,0.0016788063048253229,0
2019-02-24,17,Gas,0.24956841230858354,854
2019-02-24,17,Pumped Storage,0.7487052369257505,0
2019-02-24,17,Wind,0.0017263507656659245,0
2019-02-24,18,Gas,0.4159515357145992,845
2019-02-24,18,Pumped Storage,0.5823321500004388,0
2019-02-24,18,Wind,0.0017163142849620093,0
2019-02-24,19,Gas,0.33277272647706385,1226
2019-02-24,19,Pumped Storage,0.6655454529541277,0
2019-02-24,19,Wind,0.0016818205688085854,0
2019-02-24,20,Gas,0.6655490712041624,838
2019-02-24,20,Pumped Storage,0.3327745356020812,0
2019-02-24,20,Wind,0.0016763931937563148,0
2019-02-24,21,Gas,0.9983652560379395,847
2019-02-24,21,Wind,0.0016347439620604508,0
2019-02-24,22,Gas,0.7487478320598085,864
2019-02-24,22,Pumped Storage Demand,0.24958261068660284,0
2019-02-24,22,Wind,0.0016695572535886894,0
2019-02-24,23,Gas,0.8322216369952254,863
2019-02-24,23,Pumped Storage Demand,0.1663887425821397,0
2019-02-24,23,Wind,0.0013896204226349857,0
2019-02-25,0,Gas,0.33333333333333337,861
2019-02-25,0,Hydro,0.5002269762251308,0
2019-02-25,0,Other,0.08333333333333334,2044
2019-02-25,0,Pumped Storage Demand,0.08310635710820259,0
2019-02-25,1,Gas,0.9978634603059766,822
2019-02-25,1,Hydro,0.0017092317552186204,0
2019-02-25,1,Other,0.0004273079388046552,3240
2019-02-25,2,Gas,0.5829026623400143,847
2019-02-25,2,Hydro,0.0010766774832974108,0
2019-02-25,2,Other,0.0002153354966594822,2362
2019-02-25,2,Pumped Storage Demand,0.4158053246800287,0
2019-02-25,3,Gas,0.3324677434433549,856
2019-02-25,3,Hydro,0.0008655898899784328,0
2019-02-25,3,Pumped Storage Demand,0.6666666666666666,0
2019-02-25,4,Gas,0.6666666666666666,865
2019-02-25,4,Hydro,0.08333333333333333,0
2019-02-25,4,Pumped Storage Demand,0.25,0
2019-02-25,5,Gas,0.25,876
2019-02-25,5,Hydro,0.41666666666666663,0
2019-02-25,5,Pumped Storage Demand,0.3333333333333333,0
2019-02-25,6,Gas,0.6666666666666666,1110
2019-02-25,6,Pumped Storage,0.16666666666666666,0
2019-02-25,6,Pumped Storage Demand,0.16666666666666666,0
2019-02-25,7,Gas,0.5,837
2019-02-25,7,Pumped Storage,0.4997515921369608,0
2019-02-25,7,Wind,0.0002484078630392133,0
2019-02-25,8,Gas,0.9151333004114282,810
2019-02-25,8,Pumped Storage,0.0831939364010389,0
2019-02-25,8,Wind,0.0016727631875328912,0
2019-02-25,9,Gas,0.998320031924112,817
2019-02-25,9,Wind,0.001679968075888034,0
2019-02-25,10,Gas,0.9985309250327609,832
2019-02-25,10,Wind,0.0014690749672390828,0
2019-02-25,11,Gas,0.9986016130176771,873
2019-02-25,11,Wind,0.001398386982322775,0
2019-02-25,12,Gas,0.9983065268090684,858
2019-02-25,12,Wind,0.0016934731909316653,0
2019-02-25,13,Gas,0.99824172367759,858
2019-02-25,13,Wind,0.001758276322410147,0
2019-02-25,14,Gas,0.6654961867816449,840
2019-02-25,14,Pumped Storage Demand,0.33274809339082245,0
2019-02-25,14,Wind,0.001755719827532552,0
2019-02-25,15,Gas,0.9979792259799514,873
2019-02-25,15,Wind,0.002020774020048799,0
2019-02-25,16,Gas,0.3316547601970337,808
2019-02-25,16,Hydro,0.16582738009851686,0
2019-02-25,16,Pumped Storage,0.49803759505342526,0
2019-02-25,16,Wind,0.0044802646510240735,0
2019-02-25,17,Gas,0.748159633284364,1070
2019-02-25,17,Pumped Storage,0.24956256194204945,0
2019-02-25,17,Wind,0.0022778047735866227,0
2019-02-25,18,Pumped Storage,0.9966838483050021,0
2019-02-25,18,Wind,0.0033161516949978486,0
2019-02-25,19,Gas,0.16587149154252354,887
2019-02-25,19,Pumped Storage,0.8319472487156541,0
2019-02-25,19,Wind,0.0021812597418224386,0
2019-02-25,20,Gas,0.9124916641507206,1056
2019-02-25,20,Pumped Storage,0.0829537876500655,0
2019-02-25,20,Wind,0.004554548199214059,0
2019-02-25,21,Gas,0.5392121812784554,850
2019-02-25,21,Pumped Storage,0.4562564610817699,0
2019-02-25,21,Wind,0.00453135763977474,0
2019-02-25,22,Gas,0.8295726039008537,822
2019-02-25,22,Other,0.16591452078017077,2044
2019-02-25,22,Wind,0.004512875318975469,0
2019-02-25,23,Demand Response,0.33177738852784705,0
2019-02-25,23,Gas,0.2488330413958853,819
2019-02-25,23,Pumped Storage Demand,0.4147217356598088,0
2019-02-25,23,Wind,0.004667834416458879,0
2019-02-26,0,Gas,0.41462836445322393,1133
2019-02-26,0,Pumped Storage Demand,0.5804797102345135,0
2019-02-26,0,Wind,0.0048919253122627305,0
2019-02-26,1,Gas,0.0829353069643927,1353
2019-02-26,1,Pumped Storage Demand,0.9122883766083199,0
2019-02-26,1,Wind,0.004776316427287528,0
2019-02-26,2,Pumped Storage Demand,0.995237866525408,0
2019-02-26,2,Wind,0.004762133474592061,0
2019-02-26,3,Gas,0.8301738828738078,841
2019-02-26,3,Other,0.0829446431823446,2044
2019-02-26,3,Pumped Storage Demand,0.0829446431823446,0
2019-02-26,3,Wind,0.003936830761502874,0
2019-02-26,4,Gas,0.08318895653637486,856
2019-02-26,4,Pumped Storage Demand,0.9150785219001233,0
2019-02-26,4,Wind,0.0017325215635019017,0
2019-02-26,5,Gas,0.41594970855613045,871
2019-02-26,5,Hydro,0.41594970855613034,0
2019-02-26,5,Pumped Storage Demand,0.16637988342245216,0
2019-02-26,5,Wind,0.0017206994652870114,0
2019-02-26,6,Gas,0.41595511210276404,818
2019-02-26,6,Pumped Storage,0.5823371569438696,0
2019-02-26,6,Wind,0.0017077309533665105,0
2019-02-26,7,Gas,0.8316456407776103,866
2019-02-26,7,Pumped Storage,0.1663764990192855,0
2019-02-26,7,Wind,0.001977860203104326,0
2019-02-26,8,Gas,0.6655026909650323,808
2019-02-26,8,Other,0.08318783637062904,2044
2019-02-26,8,Pumped Storage,0.24956350911188716,0
2019-02-26,8,Wind,0.0017459635524514183,0
2019-02-26,9,Gas,0.8317864983385094,849
2019-02-26,9,Other,0.16635729966770188,2044
2019-02-26,9,Wind,0.0018562019937885177,0
2019-02-26,10,Gas,0.7471611656432818,872
2019-02-26,10,Pumped Storage Demand,0.24881950008000162,0
2019-02-26,10,Wind,0.004019334276716448,0
2019-02-26,11,Gas,0.9954131320000594,846
2019-02-26,11,Wind,0.0045868679999406595,0
2019-02-26,12,Gas,0.8305963650375372,877
2019-02-26,12,Pumped Storage Demand,0.16596480626072965,0
2019-02-26,12,Wind,0.0034388287017331105,0
2019-02-26,13,Gas,0.7481177081498688,842
2019-02-26,13,Pumped Storage Demand,0.24885105042407812,0
2019-02-26,13,Wind,0.0030312414260530857,0
2019-02-26,14,Gas,0.8294225171728603,871
2019-02-26,14,Pumped Storage Demand,0.16588450343457206,0
2019-02-26,14,Wind,0.004692979392567485,0
2019-02-26,15,Gas,0.24905512896144044,849
2019-02-26,15,Pumped Storage Demand,0.7466566990664536,0
2019-02-26,15,Wind,0.004288171972105921,0
2019-02-26,16,Gas,0.9949757066586803,836
2019-02-26,16,Wind,0.005024293341319672,0
2019-02-26,17,Coal,0.08291545664363169,3041
2019-02-26,17,Gas,0.9120700230799486,864
2019-02-26,17,Wind,0.005014520276419671,0
2019-02-26,18,Gas,0.4560175591914344,886
2019-02-26,18,Pumped Storage,0.538929842680786,0
2019-02-26,18,Wind,0.005052598127779508,0
2019-02-26,19,Coal,0.49746755623502487,3041
2019-02-26,19,Demand Response,0.24873377811751246,0
2019-02-26,19,Gas,0.20727814843126038,867
2019-02-26,19,Pumped Storage,0.04145562968625208,0
2019-02-26,19,Wind,0.0050648875299501035,0
2019-02-26,20,Demand Response,0.16583724758514337,0
2019-02-26,20,Gas,0.4975117427554301,879
2019-02-26,20,Pumped Storage,0.33167449517028674,0
2019-02-26,20,Wind,0.004976514489139617,0
2019-02-26,21,Demand Response,0.041466535805817606,0
2019-02-26,21,Gas,0.953730323533805,901
2019-02-26,21,Wind,0.004803140660377436,0
2019-02-26,22,Gas,0.9951749608872914,846
2019-02-26,22,Wind,0.004825039112708501,0
2019-02-26,23,Gas,0.9950923323920824,844
2019-02-26,23,Wind,0.004907667607917485,0
2019-02-27,0,Gas,0.9951681126905018,846
2019-02-27,0,Wind,0.004831887309498357,0
2019-02-27,1,Gas,0.830087985297072,823
2019-02-27,1,Other,0.1658519500556396,2044
2019-02-27,1,Wind,0.00406006464728852,0
2019-02-27,2,Gas,0.08319976679755246,832
2019-02-27,2,Pumped Storage Demand,0.912107941814117,0
2019-02-27,2,Wind,0.00469229138833037,0
2019-02-27,3,Pumped Storage Demand,0.9950613960838992,0
2019-02-27,3,Wind,0.004938603916100876,0
2019-02-27,4,Gas,0.49921004558415305,860
2019-02-27,4,Pumped Storage Demand,0.49921004558415305,0
2019-02-27,4,Wind,0.001579908831694061,0
2019-02-27,5,Gas,0.7488066415355066,833
2019-02-27,5,Wind,0.2511933584644935,0
2019-02-27,6,Gas,0.4991943714590345,851
2019-02-27,6,Pumped Storage,0.49919437145903456,0
2019-02-27,6,Wind,0.0016112570819309612,0
2019-02-27,7,Gas,0.6655972978347954,834
2019-02-27,7,Pumped Storage,0.3327986489173977,0
2019-02-27,7,Wind,0.0016040532478070431,0
2019-02-27,8,Gas,0.7488012087267178,871
2019-02-27,8,Pumped Storage,0.24960040290890595,0
2019-02-27,8,Wind,0.0015983883643762823,0
2019-02-27,9,Gas,0.7487930922044802,882
2019-02-27,9,Hydro,0.24959769740149343,0
2019-02-27,9,Wind,0.0016092103940262424,0
2019-02-27,10,Gas,0.4991942766148892,831
2019-02-27,10,Hydro,0.3327961844099261,0
2019-02-27,10,Pumped Storage,0.16639809220496304,0
2019-02-27,10,Wind,0.0016114467702216513,0
2019-02-27,11,Gas,0.9984122571421461,844
2019-02-27,11,Wind,0.0015877428578538791,0
2019-02-27,12,Gas,0.748850108802235,835
2019-02-27,12,Other,0.24961670293407834,2048
2019-02-27,12,Wind,0.0015331882636868412,0
2019-02-27,13,Gas,0.9985139971278688,881
2019-02-27,13,Wind,0.0014860028721312005,0
2019-02-27,14,Gas,0.9995023196851377,839
2019-02-27,14,Wind,0.0004976803148624163,0
2019-02-27,15,Gas,1.0,895
2019-02-27,16,Gas,1.0,856
2019-02-27,17,Coal,0.25,2592
2019-02-27,17,Gas,0.6666666666666667,894
2019-02-27,17,Pumped Storage,0.08333333333333333,0
2019-02-27,18,Gas,0.16666666666666666,860
2019-02-27,18,Pumped Storage,0.8333333333333334,0
2019-02-27,19,Gas,0.8333333333333334,877
2019-02-27,19,Pumped Storage,0.16666666666666666,0
2019-02-27,20,Gas,0.5,875
2019-02-27,20,Pumped Storage,0.49999999999999994,0
2019-02-27,21,Gas,1.0,890
2019-02-27,22,Gas,0.8333333333333336,849
2019-02-27,22,Other,0.1666666666666667,2044
2019-02-27,23,Gas,0.9166666666666667,841
2019-02-27,23,Hydro,0.08333333333333334,0
2019-02-28,0,Gas,0.25,695
2019-02-28,0,Pumped Storage,0.75,0
2019-02-28,1,Gas,0.7500000000000002,815
2019-02-28,1,Pumped Storage,0.25,0
2019-02-28,2,Coal,0.25,2573
2019-02-28,2,Gas,0.4166666666666667,834
2019-02-28,2,Hydro,0.33333333333333337,0
2019-02-28,3,Gas,0.6666666666666666,874
2019-02-28,3,Hydro,0.3333333333333333,0
2019-02-28,4,Gas,1.0,858
2019-02-28,5,Gas,0.75,846
2019-02-28,5,Pumped Storage,0.25,0
2019-02-28,6,Gas,0.5833333333333334,844
2019-02-28,6,Pumped Storage,0.41666666666666674,0
2019-02-28,7,Gas,0.33333333333333337,873
2019-02-28,7,Pumped Storage,0.6666666666666667,0
2019-02-28,8,Gas,0.6666666666666666,946
2019-02-28,8,Pumped Storage,0.3333333333333333,0
2019-02-28,9,Gas,0.7500000000000001,918
2019-02-28,9,Pumped Storage,0.25000000000000006,0
2019-02-28,10,Gas,1.0,865
2019-02-28,11,Gas,1.0,834
2019-02-28,12,Gas,0.8333333333333333,833
2019-02-28,12,Pumped Storage Demand,0.16666666666666666,0
2019-02-28,13,Gas,1.0,833
2019-02-28,14,Gas,1.0,848
2019-02-28,15,Gas,1.0,856
2019-02-28,16,Gas,0.5833333333333333,839
2019-02-28,16,Pumped Storage Demand,0.41666666666666663,0
2019-02-28,17,Gas,1.0,870
2019-02-28,18,Gas,0.16666666666666669,1027
2019-02-28,18,Pumped Storage,0.8333333333333334,0
2019-02-28,19,Gas,0.24999999999999994,864
2019-02-28,19,Pumped Storage,0.7499999999999999,0
2019-02-28,20,Gas,0.5416666666666667,886
2019-02-28,20,Hydro,0.2916666666666667,0
2019-02-28,20,Pumped Storage,0.16666666666666669,0
2019-02-28,21,Gas,0.9579540406065227,886
2019-02-28,21,Hydro,0.041666666666666664,0
2019-02-28,21,Wind,0.0003792927268106708,0
2019-02-28,22,Gas,0.75,869
2019-02-28,22,Hydro,0.25000000000000006,0
2019-02-28,23,Demand Response,0.08333333333333333,0
2019-02-28,23,Gas,0.9166666666666666,836
2019-03-01,0,Demand Response,0.08333333333333334,0
2019-03-01,0,Gas,0.6666666666666666,835
2019-03-01,0,Hydro,0.25,0
2019-03-01,1,Gas,0.7500000000000001,874
2019-03-01,1,Hydro,0.25,0
2019-03-01,2,Gas,1.0,933
2019-03-01,3,Gas,0.6666666666666665,938
2019-03-01,3,Pumped Storage Demand,0.33333333333333326,0
2019-03-01,4,Gas,0.3333333333333333,864
2019-03-01,4,Pumped Storage Demand,0.6666666666666666,0
2019-03-01,5,Gas,0.8333333333333335,890
2019-03-01,5,Hydro,0.16666666666666669,0
2019-03-01,6,Gas,0.5833333333333334,852
2019-03-01,6,Pumped Storage,0.41666666666666663,0
2019-03-01,7,Gas,0.33333333333333326,859
2019-03-01,7,Pumped Storage,0.6666666666666665,0
2019-03-01,8,Gas,0.45833333333333326,786
2019-03-01,8,Pumped Storage,0.5416666666666667,0
2019-03-01,9,Gas,0.8333333333333333,869
2019-03-01,9,Pumped Storage,0.16666666666666666,0
2019-03-01,10,Gas,1.0,828
2019-03-01,11,Gas,1.0,815
2019-03-01,12,Gas,0.9999999999999999,830
2019-03-01,13,Gas,1.0000000000000002,842
2019-03-01,14,Gas,1.0,886
2019-03-01,15,Pumped Storage Demand,1.0,0
2019-03-01,16,Gas,0.3333333333333333,845
2019-03-01,16,Pumped Storage Demand,0.6666666666666666,0
2019-03-01,17,Coal,0.24999999999999997,2846
2019-03-01,17,Gas,0.25,873
2019-03-01,17,Pumped Storage,0.4166666666666666,0
2019-03-01,17,Pumped Storage Demand,0.08333333333333333,0
2019-03-01,18,Gas,0.4166666666666667,859
2019-03-01,18,Pumped Storage,0.5833333333333335,0
2019-03-01,19,Gas,0.49999999999999994,860
2019-03-01,19,Pumped Storage,0.5,0
2019-03-01,20,Gas,1.0000000000000002,871
2019-03-01,21,Gas,1.0,889
2019-03-01,22,Gas,0.33333333333333337,871
2019-03-01,22,Pumped Storage Demand,0.6666666666666666,0
2019-03-01,23,Gas,0.5,864
2019-03-01,23,Other,0.16666666666666669,2044
2019-03-01,23,Pumped Storage Demand,0.33333333333333337,0
2019-03-02,0,Coal,0.4166666666666666,2573
2019-03-02,0,Gas,0.41666666666666663,854
2019-03-02,0,Other,0.16666666666666666,2044
2019-03-02,1,Gas,1.0,837
2019-03-02,2,Gas,1.0,871
2019-03-02,3,Demand Response,0.08333333333333333,0
2019-03-02,3,Gas,0.9166666666666666,869
2019-03-02,4,Gas,1.0,834
2019-03-02,5,Gas,0.9999999999999999,862
2019-03-02,6,Gas,0.6666666666666666,841
2019-03-02,6,Hydro,0.16666666666666666,0
2019-03-02,6,Pumped Storage,0.16666666666666666,0
2019-03-02,7,Gas,0.7500000000000001,841
2019-03-02,7,Pumped Storage,0.25,0
2019-03-02,8,Gas,0.5,910
2019-03-02,8,Pumped Storage,0.5,0
2019-03-02,9,Gas,0.75,901
2019-03-02,9,Pumped Storage,0.25,0
2019-03-02,10,Gas,0.16666666666666663,851
2019-03-02,10,Pumped Storage,0.8333333333333335,0
2019-03-02,11,Gas,0.16666666666666666,889
2019-03-02,11,Hydro,0.16666666666666666,0
2019-03-02,11,Pumped Storage,0.6666666666666666,0
2019-03-02,12,Gas,0.6666666666666666,898
2019-03-02,12,Pumped Storage,0.16666666666666666,0
2019-03-02,12,Pumped Storage Demand,0.16666666666666666,0
2019-03-02,13,Coal,0.16666666666666663,2375
2019-03-02,13,Demand Response,0.16666666666666663,0
2019-03-02,13,Gas,0.4999999999999999,838
2019-03-02,13,Pumped Storage Demand,0.16666666666666663,0
2019-03-02,14,Coal,0.08333333333333334,2375
2019-03-02,14,Demand Response,0.16666666666666669,0
2019-03-02,14,Gas,0.7500000000000001,838
2019-03-02,15,Gas,0.16666666666666669,834
2019-03-02,15,Pumped Storage Demand,0.8333333333333333,0
2019-03-02,16,Pumped Storage Demand,1.0,0
2019-03-02,17,Coal,0.08333333333333334,2375
2019-03-02,17,Gas,0.5000000000000001,862
2019-03-02,17,Pumped Storage,0.4166666666666667,0
2019-03-02,18,Gas,0.33333333333333337,853
2019-03-02,18,Pumped Storage,0.6666666666666669,0
2019-03-02,19,Gas,0.41666666666666663,859
2019-03-02,19,Pumped Storage,0.5833333333333334,0
2019-03-02,20,Coal,0.16666666666666669,2573
2019-03-02,20,Gas,0.5833333333333334,849
2019-03-02,20,Pumped Storage,0.25,0
2019-03-02,21,Gas,0.833333333333333,869
2019-03-02,21,Pumped Storage,0.16666666666666663,0
2019-03-02,22,Gas,0.9166666666666666,829
2019-03-02,22,Other,0.08333333333333333,3602
2019-03-02,23,Gas,0.5833333333333335,901
2019-03-02,23,Hydro,0.25,0
2019-03-02,23,Pumped Storage,0.16666666666666669,0
2019-03-03,0,Coal,0.16666666666666669,2573
2019-03-03,0,Hydro,0.33333333333333337,0
2019-03-03,0,Pumped Storage,0.5000000000000001,0
2019-03-03,1,Coal,0.25,2573
2019-03-03,1,Gas,0.7500000000000002,930
2019-03-03,2,Coal,0.08333333333333333,2573
2019-03-03,2,Gas,0.9166666666666669,874
2019-03-03,3,Gas,1.0,870
2019-03-03,4,Pumped Storage Demand,1.0,0
2019-03-03,5,Coal,0.16666666666666666,2573
2019-03-03,5,Demand Response,0.08333333333333333,0
2019-03-03,5,Gas,0.3333333333333333,839
2019-03-03,5,Pumped Storage Demand,0.41666666666666663,0
2019-03-03,6,Pumped Storage,1.0,0
2019-03-03,7,Gas,0.6666666666666667,1212
2019-03-03,7,Pumped Storage,0.3333333333333334,0
2019-03-03,8,Gas,0.9166666666666665,1008
2019-03-03,8,Pumped Storage,0.08333333333333333,0
2019-03-03,9,Gas,1.0,863
2019-03-03,10,Gas,0.6666666666666666,841
2019-03-03,10,Pumped Storage Demand,0.3333333333333333,0
2019-03-03,11,Pumped Storage Demand,1.0,0
2019-03-03,12,Pumped Storage Demand,1.0,0
2019-03-03,13,Gas,0.5833333333333334,820
2019-03-03,13,Pumped Storage Demand,0.41666666666666663,0
2019-03-03,14,Gas,0.24999999999999994,845
2019-03-03,14,Pumped Storage Demand,0.75,0
2019-03-03,15,Demand Response,0.16666666666666666,0
2019-03-03,15,Pumped Storage Demand,0.8333333333333333,0
2019-03-03,16,Gas,0.4999999999999999,928
2019-03-03,16,Pumped Storage,0.4999999999999999,0
2019-03-03,17,Demand Response,0.08333333333333333,0
2019-03-03,17,Gas,0.4166666666666666,1018
2019-03-03,17,Pumped Storage,0.5,0
2019-03-03,18,Gas,0.3333333333333333,1062
2019-03-03,18,Pumped Storage,0.6666666666666666,0
2019-03-03,19,Gas,0.16666666666666666,899
2019-03-03,19,Pumped Storage,0.8333333333333333,0
2019-03-03,20,Gas,0.41666666666666663,1217
2019-03-03,20,Pumped Storage,0.5833333333333333,0
2019-03-03,21,Gas,0.16666666666666666,851
2019-03-03,21,Pumped Storage,0.8333333333333334,0
2019-03-03,22,Pumped Storage,1.0,0
2019-03-03,23,Pumped Storage,1.0,0
2019-03-04,0,Coal,0.33333333333333337,2573
2019-03-04,0,Gas,0.6666666666666667,868
2019-03-04,1,Gas,0.6666666666666667,873
2019-03-04,1,Pumped Storage Demand,0.33333333333333337,0
2019-03-04,2,Coal,0.16666666666666666,2573
2019-03-04,2,Gas,0.5833333333333333,838
2019-03-04,2,Pumped Storage Demand,0.25,0
2019-03-04,3,Coal,0.08333333333333334,2573
2019-03-04,3,Gas,0.9166666666666667,891
2019-03-04,4,Gas,1.0,853
2019-03-04,5,Demand Response,0.16666666666666666,0
2019-03-04,5,Gas,0.5,836
2019-03-04,5,Pumped Storage Demand,0.3333333333333333,0
2019-03-04,6,Gas,0.8333333333333335,845
2019-03-04,6,Pumped Storage Demand,0.16666666666666669,0
2019-03-04,7,Gas,0.8333333333333335,858
2019-03-04,7,Pumped Storage Demand,0.16666666666666669,0
2019-03-04,8,Gas,0.6666666666666666,864
2019-03-04,8,Pumped Storage Demand,0.3333333333333333,0
2019-03-04,9,Gas,0.41666666666666674,853
2019-03-04,9,Pumped Storage Demand,0.5833333333333333,0
2019-03-04,10,Gas,0.8333333333333334,878
2019-03-04,10,Pumped Storage Demand,0.16666666666666666,0
2019-03-04,11,Gas,0.4166666666666667,886
2019-03-04,11,Pumped Storage,0.5833333333333334,0
2019-03-04,12,Gas,1.0,879
2019-03-04,13,Gas,0.33333333333333337,876
2019-03-04,13,Pumped Storage Demand,0.6666666666666666,0
2019-03-04,14,Gas,1.0,871
2019-03-04,15,Gas,1.0,895
2019-03-04,16,Coal,0.16666666666666669,2846
2019-03-04,16,Gas,0.6666666666666666,895
2019-03-04,16,Pumped Storage Demand,0.16666666666666669,0
2019-03-04,17,Gas,0.9166666666666669,822
2019-03-04,17,Pumped Storage,0.08333333333333334,0
2019-03-04,18,Gas,0.5,907
2019-03-04,18,Pumped Storage,0.5,0
2019-03-04,19,Gas,0.8333333333333334,888
2019-03-04,19,Pumped Storage,0.16666666666666669,0
2019-03-04,20,Demand Response,0.25,0
2019-03-04,20,Gas,0.75,853
2019-03-04,21,Gas,0.9990509168945256,856
2019-03-04,21,Wind,0.0009490831054745025,0
2019-03-04,22,Gas,0.9985527546327974,867
2019-03-04,22,Wind,0.0014472453672028742,0
2019-03-04,23,Gas,0.9987875082673435,859
2019-03-04,23,Hydro,0.0006329826632929697,0
2019-03-04,23,Wind,0.0005795090693634252,0
2019-03-05,0,Gas,0.8307628681657715,834
2019-03-05,0,Pumped Storage Demand,0.16639603069490372,0
2019-03-05,0,Wind,0.002841101139324653,0
2019-03-05,1,Gas,0.8291446635945402,822
2019-03-05,1,Other,0.16608206105465909,2044
2019-03-05,1,Wind,0.004773275350800825,0
2019-03-05,2,Gas,0.9965407091929339,832
2019-03-05,2,Wind,0.0034592908070660774,0
2019-03-05,3,Gas,0.9959522936958176,830
2019-03-05,3,Wind,0.004047706304182533,0
2019-03-05,4,Gas,0.6646685670393075,821
2019-03-05,4,Pumped Storage Demand,0.33277984369839847,0
2019-03-05,4,Wind,0.0025515892622939972,0
2019-03-05,5,Gas,0.9989460171955608,872
2019-03-05,5,Wind,0.0010539828044393042,0
2019-03-05,6,Gas,0.24999999999999994,850
2019-03-05,6,Pumped Storage,0.7493123682741571,0
2019-03-05,6,Wind,0.0006876317258428665,0
2019-03-05,7,Gas,0.5000000000000001,879
2019-03-05,7,Pumped Storage,0.499497488263401,0
2019-03-05,7,Wind,0.0005025117365990093,0
2019-03-05,8,Gas,0.6666666666666669,866
2019-03-05,8,Pumped Storage,0.33333333333333337,0
2019-03-05,9,Coal,0.16666666666666663,2592
2019-03-05,9,Gas,0.7499999999999999,870
2019-03-05,9,Other,0.08333333333333331,4027
2019-03-05,10,Gas,0.5,863
2019-03-05,10,Other,0.5,4019
2019-03-05,11,Coal,0.08333333333333334,2126
2019-03-05,11,Gas,0.9166666666666667,848
2019-03-05,12,Coal,0.16666666666666669,2126
2019-03-05,12,Gas,0.8333333333333334,843
2019-03-05,13,Gas,1.0,1012
2019-03-05,14,Gas,1.0,998
2019-03-05,15,Coal,0.08333333333333334,2126
2019-03-05,15,Gas,0.9166666666666669,853
2019-03-05,16,Gas,0.9166666666666666,862
2019-03-05,16,Other,0.08333333333333334,4027
2019-03-05,17,Coal,0.25000000000000006,3041
2019-03-05,17,Gas,0.33333333333333337,860
2019-03-05,17,Other,0.08333333333333334,4027
2019-03-05,17,Pumped Storage,0.33333333333333337,0
2019-03-05,18,Gas,0.3333333333333333,895
2019-03-05,18,Pumped Storage,0.6666666666666666,0
2019-03-05,19,Gas,0.2916666666666667,895
2019-03-05,19,Pumped Storage,0.7083333333333334,0
2019-03-05,20,Gas,0.4583333333333333,880
2019-03-05,20,Pumped Storage,0.5416666666666666,0
2019-03-05,21,Gas,1.0,884
2019-03-05,22,Coal,0.08333333333333333,2119
2019-03-05,22,Gas,0.9166666666666667,883
2019-03-05,23,Coal,0.3333333333333333,2119
2019-03-05,23,Pumped Storage Demand,0.6666666666666666,0
2019-03-06,0,Gas,0.8333333333333333,834
2019-03-06,0,Pumped Storage Demand,0.16666666666666666,0
2019-03-06,1,Gas,0.5,852
2019-03-06,1,Pumped Storage,0.5,0
2019-03-06,2,Gas,0.3333333333333333,836
2019-03-06,2,Pumped Storage,0.6666666666666667,0
2019-03-06,3,Gas,0.1666666666666667,851
2019-03-06,3,Pumped Storage,0.8333333333333334,0
2019-03-06,4,Gas,0.33333333333333337,889
2019-03-06,4,Pumped Storage,0.6666666666666667,0
2019-03-06,5,Gas,0.25000000000000006,864
2019-03-06,5,Hydro,0.33333333333333337,0
2019-03-06,5,Pumped Storage,0.41666666666666674,0
2019-03-06,6,Gas,0.3333333333333333,876
2019-03-06,6,Pumped Storage,0.5833333333333334,0
2019-03-06,6,Pumped Storage Demand,0.08333333333333333,0
2019-03-06,7,Gas,1.0,846
2019-03-06,8,Coal,0.41666666666666663,2312
2019-03-06,8,Gas,0.5833333333333334,843
2019-03-06,9,Coal,0.16666666666666666,2126
2019-03-06,9,Demand Response,0.3333333333333333,0
2019-03-06,9,Gas,0.5,841
2019-03-06,10,Coal,0.25,2126
2019-03-06,10,Gas,0.75,854
2019-03-06,11,Coal,0.08333333333333334,2126
2019-03-06,11,Gas,0.8333333333333335,856
2019-03-06,11,Pumped Storage Demand,0.08333333333333334,0
2019-03-06,12,Coal,0.16666666666666666,2592
2019-03-06,12,Gas,0.8333333333333334,896
2019-03-06,13,Gas,1.0,907
2019-03-06,14,Gas,0.9994365321636056,866
2019-03-06,14,Wind,0.0005634678363944069,0
2019-03-06,15,Coal,0.25,2126
2019-03-06,15,Gas,0.7500000000000001,875
2019-03-06,16,Gas,0.9998804624327798,884
2019-03-06,16,Wind,0.00011953756722015004,0
2019-03-06,17,Gas,0.8321397595117084,870
2019-03-06,17,Pumped Storage,0.16642795190234166,0
2019-03-06,17,Wind,0.0014322885859499195,0
2019-03-06,18,Coal,0.08320633699351747,2846
2019-03-06,18,Gas,0.9152697069286921,856
2019-03-06,18,Wind,0.0015239560777904994,0
2019-03-06,19,Gas,0.9994949084869265,864
2019-03-06,19,Wind,0.0005050915130734981,0
2019-03-06,20,Gas,0.9999999999999999,865
2019-03-06,21,Gas,0.9991048158146867,869
2019-03-06,21,Wind,0.0008951841853132866,0
2019-03-06,22,Coal,0.6666666666666667,2119
2019-03-06,22,Gas,0.3333333333333333,873
2019-03-06,23,Coal,0.3333333333333334,2119
2019-03-06,23,Gas,0.5000000000000001,851
2019-03-06,23,Pumped Storage Demand,0.1666666666666667,0
2019-03-07,0,Gas,0.9982930109671098,877
2019-03-07,0,Wind,0.0017069890328902733,0
2019-03-07,1,Coal,0.25,2119
2019-03-07,1,Gas,0.7498613307669267,854
2019-03-07,1,Wind,0.00013866923307318836,0
2019-03-07,2,Gas,1.0,836
2019-03-07,3,Gas,1.0,863
2019-03-07,4,Coal,0.08333333333333336,2119
2019-03-07,4,Gas,0.9166666666666667,886
2019-03-07,5,Coal,0.08333333333333333,2119
2019-03-07,5,Gas,0.9166666666666666,853
2019-03-07,6,Coal,0.3333333333333333,2342
2019-03-07,6,Gas,0.5,845
2019-03-07,6,Pumped Storage,0.16666666666666666,0
2019-03-07,7,Coal,0.3333333333333333,2119
2019-03-07,7,Gas,0.25,818
2019-03-07,7,Pumped Storage,0.41666666666666663,0
2019-03-07,8,Coal,0.25,2126
2019-03-07,8,Gas,0.75,882
2019-03-07,9,Gas,1.0,872
2019-03-07,10,Coal,0.16666666666666669,2126
2019-03-07,10,Gas,0.8333333333333334,886
2019-03-07,11,Gas,1.0,821
2019-03-07,12,Gas,1.0,851
2019-03-07,13,Gas,1.0000000000000002,917
2019-03-07,14,Coal,0.08333333333333334,2126
2019-03-07,14,Gas,0.9166666666666667,902
2019-03-07,15,Coal,0.08333333333333333,2126
2019-03-07,15,Gas,0.08333333333333333,845
2019-03-07,15,Pumped Storage Demand,0.8333333333333333,0
2019-03-07,16,Gas,0.8321401769856318,1040
2019-03-07,16,Pumped Storage Demand,0.16666666666666663,0
2019-03-07,16,Wind,0.0011931563477013464,0
2019-03-07,17,Coal,0.41666666666666663,2209
2019-03-07,17,Gas,0.2498855198897434,861
2019-03-07,17,Pumped Storage,0.3333333333333333,0
2019-03-07,17,Wind,0.000114480110256582,0
2019-03-07,18,Gas,0.12500000000000003,894
2019-03-07,18,Pumped Storage,0.875,0
2019-03-07,19,Coal,0.3750000000000001,2195
2019-03-07,19,Gas,0.29166666666666674,897
2019-03-07,19,Pumped Storage,0.33333333333333337,0
2019-03-07,20,Coal,0.4166666666666667,2334
2019-03-07,20,Gas,0.08333333333333334,894
2019-03-07,20,Pumped Storage,0.5,0
2019-03-07,21,Coal,0.20833333333333331,2209
2019-03-07,21,Gas,0.7916666666666667,890
2019-03-07,22,Coal,0.19932849455698048,2119
2019-03-07,22,Gas,0.6993284945569805,868
2019-03-07,22,Wind,0.10134301088603907,0
2019-03-07,23,Gas,0.8333333333333334,845
2019-03-07,23,Pumped Storage Demand,0.16666666666666669,0
2019-03-08,0,Pumped Storage Demand,1.0,0
2019-03-08,1,Gas,0.5,844
2019-03-08,1,Pumped Storage Demand,0.5,0
2019-03-08,2,Gas,0.08333333333333334,893
2019-03-08,2,Pumped Storage Demand,0.9166666666666667,0
2019-03-08,3,Pumped Storage Demand,1.0,0
2019-03-08,4,Coal,0.16666666666666669,2375
2019-03-08,4,Gas,0.25000000000000006,893
2019-03-08,4,Pumped Storage Demand,0.5833333333333334,0
2019-03-08,5,Gas,1.0,872
2019-03-08,6,Coal,0.041666666666666664,2375
2019-03-08,6,Gas,0.7916666666666667,720
2019-03-08,6,Other,0.16666666666666666,3602
2019-03-08,7,Coal,0.25,2375
2019-03-08,7,Gas,0.4166666666666667,893
2019-03-08,7,Pumped Storage,0.33333333333333337,0
2019-03-08,8,Coal,0.25,2334
2019-03-08,8,Gas,0.5,867
2019-03-08,8,Pumped Storage,0.25,0
2019-03-08,9,Coal,0.16666666666666666,2334
2019-03-08,9,Gas,0.8333333333333334,887
2019-03-08,10,Gas,1.0,862
2019-03-08,11,Gas,0.75,842
2019-03-08,11,Pumped Storage Demand,0.25,0
2019-03-08,12,Gas,0.6666666666666667,861
2019-03-08,12,Pumped Storage Demand,0.33333333333333337,0
2019-03-08,13,Gas,0.5833333333333334,856
2019-03-08,13,Pumped Storage Demand,0.41666666666666663,0
2019-03-08,14,Gas,0.3333333333333333,876
2019-03-08,14,Other,0.16666666666666666,2044
2019-03-08,14,Pumped Storage Demand,0.5,0
2019-03-08,15,Pumped Storage Demand,1.0,0
2019-03-08,16,Demand Response,0.16666666666666669,0
2019-03-08,16,Gas,0.25,846
2019-03-08,16,Pumped Storage,0.5,0
2019-03-08,16,Pumped Storage Demand,0.08333333333333334,0
2019-03-08,17,Gas,0.08333333333333334,1173
2019-03-08,17,Pumped Storage,0.9166666666666666,0
2019-03-08,18,Gas,0.25,858
2019-03-08,18,Pumped Storage,0.75,0
2019-03-08,19,Gas,0.25,1222
2019-03-08,19,Pumped Storage,0.75,0
2019-03-08,20,Coal,0.08333333333333333,2846
2019-03-08,20,Gas,0.3333333333333333,929
2019-03-08,20,Pumped Storage,0.5833333333333334,0
2019-03-08,21,Gas,0.041666666666666664,857
2019-03-08,21,Pumped Storage,0.9583333333333334,0
2019-03-08,22,Gas,0.5833333333333334,861
2019-03-08,22,Pumped Storage Demand,0.4166666666666667,0
2019-03-08,23,Gas,1.0000000000000002,943
2019-03-09,0,Gas,1.0,893
2019-03-09,1,Gas,1.0,855
2019-03-09,2,Pumped Storage Demand,0.996338618376399,0
2019-03-09,2,Wind,0.0036613816236011087,0
2019-03-09,3,Pumped Storage Demand,0.9990607424672686,0
2019-03-09,3,Wind,0.0009392575327315263,0
2019-03-09,4,Pumped Storage Demand,1.0,0
2019-03-09,5,Gas,0.5416666666666666,831
2019-03-09,5,Other,0.041666666666666664,2048
2019-03-09,5,Pumped Storage,0.08333333333333333,0
2019-03-09,5,Pumped Storage Demand,0.3333333333333333,0
2019-03-09,6,Gas,0.5,830
2019-03-09,6,Pumped Storage,0.4999999999999999,0
2019-03-09,7,Gas,0.041666666666666664,820
2019-03-09,7,Pumped Storage,0.9583333333333334,0
2019-03-09,8,Gas,0.25,820
2019-03-09,8,Pumped Storage,0.75,0
2019-03-09,9,Gas,0.5833333333333335,858
2019-03-09,9,Other,0.1666666666666667,2044
2019-03-09,9,Pumped Storage,0.25000000000000006,0
2019-03-09,10,Gas,0.7908738119926211,837
2019-03-09,10,Other,0.041666666666666664,2044
2019-03-09,10,Pumped Storage Demand,0.16634952479704845,0
2019-03-09,10,Wind,0.0011099965436637874,0
2019-03-09,11,Gas,0.41604291075493816,862
2019-03-09,11,Pumped Storage Demand,0.5822417604878084,0
2019-03-09,11,Wind,0.00171532875725338,0
2019-03-09,12,Gas,0.7495157631941163,830
2019-03-09,12,Pumped Storage Demand,0.25,0
2019-03-09,12,Wind,0.00048423680588368577,0
2019-03-09,13,Gas,1.0,835
2019-03-09,14,Gas,1.0000000000000002,850
2019-03-09,15,Gas,0.5,862
2019-03-09,15,Pumped Storage Demand,0.5,0
2019-03-09,16,Gas,0.5,845
2019-03-09,16,Pumped Storage Demand,0.5,0
2019-03-09,17,Gas,0.5,836
2019-03-09,17,Pumped Storage,0.4999999999999999,0
2019-03-09,18,Gas,0.7499999999999999,851
2019-03-09,18,Pumped Storage,0.25,0
2019-03-09,19,Gas,0.08333333333333333,845
2019-03-09,19,Pumped Storage,0.9166666666666666,0
2019-03-09,20,Gas,0.9166666666666667,865
2019-03-09,20,Pumped Storage,0.08333333333333333,0
2019-03-09,21,Gas,1.0,860
2019-03-09,22,Gas,0.8333333333333333,849
2019-03-09,22,Pumped Storage Demand,0.16666666666666666,0
2019-03-09,23,Gas,0.3333333333333334,834
2019-03-09,23,Pumped Storage Demand,0.6666666666666666,0
2019-03-10,0,Gas,0.33333333333333337,840
2019-03-10,0,Pumped Storage Demand,0.6666666666666666,0
2019-03-10,1,Gas,0.9999999999999999,852
2019-03-10,3,Gas,0.6666666666666667,833
2019-03-10,3,Wind,0.3333333333333333,0
2019-03-10,4,Gas,0.7500000000000001,837
2019-03-10,4,Pumped Storage Demand,0.25,0
2019-03-10,5,Gas,1.0,832
2019-03-10,6,Gas,0.9166666666666666,823
2019-03-10,6,Pumped Storage Demand,0.08333333333333334,0
2019-03-10,7,Gas,0.9166666666666666,832
2019-03-10,7,Pumped Storage Demand,0.08333333333333333,0
2019-03-10,8,Gas,0.5833333333333334,835
2019-03-10,8,Wind,0.4166666666666667,0
2019-03-10,9,Gas,0.8333333333333333,841
2019-03-10,9,Other,0.08333333333333333,2044
2019-03-10,9,Wind,0.08333333333333333,0
2019-03-10,10,Gas,0.20833333333333331,859
2019-03-10,10,Other,0.041666666666666664,2044
2019-03-10,10,Pumped Storage,0.75,0
2019-03-10,11,Gas,0.41666666666666663,1019
2019-03-10,11,Pumped Storage,0.5833333333333334,0
2019-03-10,12,Gas,0.75,1088
2019-03-10,12,Pumped Storage,0.25,0
2019-03-10,13,Pumped Storage,1.0,0
2019-03-10,14,Gas,0.25,641
2019-03-10,14,Pumped Storage,0.7499999999999999,0
2019-03-10,15,Pumped Storage,1.0,0
2019-03-10,16,Gas,0.25,1228
2019-03-10,16,Pumped Storage,0.7499999999999999,0
2019-03-10,17,Gas,0.5,859
2019-03-10,17,Pumped Storage,0.5,0
2019-03-10,18,Gas,0.33333333333333337,927
2019-03-10,18,Pumped Storage,0.6666666666666667,0
2019-03-10,19,Gas,0.5833333333333334,1034
2019-03-10,19,Pumped Storage,0.41666666666666663,0
2019-03-10,20,Gas,0.41666666666666663,1094
2019-03-10,20,Pumped Storage,0.5833333333333334,0
2019-03-10,21,Gas,0.5,1122
2019-03-10,21,Pumped Storage,0.4996967211901037,0
2019-03-10,21,Wind,0.00030327880989633975,0
2019-03-10,22,Gas,0.5,1139
2019-03-10,22,Pumped Storage,0.4998473997252622,0
2019-03-10,22,Wind,0.00015260027473782656,0
2019-03-10,23,Gas,0.41666666666666674,867
2019-03-10,23,Pumped Storage,0.08333333333333334,0
2019-03-10,23,Pumped Storage Demand,0.5,0
2019-03-11,0,Gas,0.9166666666666667,837
2019-03-11,0,Other,0.08333333333333333,2048
2019-03-11,1,Gas,0.9999999999999999,960
2019-03-11,2,Gas,1.0,843
2019-03-11,3,Gas,1.0000000000000002,933
2019-03-11,4,Gas,0.9999999999999999,874
2019-03-11,5,Gas,0.5833333333333335,873
2019-03-11,5,Hydro,0.33333333333333337,0
2019-03-11,5,Pumped Storage Demand,0.08333333333333334,0
2019-03-11,6,Gas,0.6666666666666667,1211
2019-03-11,6,Pumped Storage,0.33333333333333337,0
2019-03-11,7,Gas,0.41666666666666674,1353
2019-03-11,7,Pumped Storage,0.5833333333333334,0
2019-03-11,8,Gas,0.4583333333333333,851
2019-03-11,8,Pumped Storage,0.5416666666666666,0
2019-03-11,9,Gas,0.7083333333333333,900
2019-03-11,9,Pumped Storage,0.2916666666666667,0
2019-03-11,10,Gas,1.0,830
2019-03-11,11,Gas,0.9999999999999999,827
2019-03-11,12,Gas,0.9992087408036062,858
2019-03-11,12,Wind,0.0007912591963938409,0
2019-03-11,13,Gas,0.9980763694402063,864
2019-03-11,13,Wind,0.0019236305597937016,0
2019-03-11,14,Gas,0.9980052073685624,867
2019-03-11,14,Wind,0.0019947926314376942,0
2019-03-11,15,Gas,0.9981784642574032,867
2019-03-11,15,Wind,0.0018215357425966881,0
2019-03-11,16,Gas,0.33394860204471133,862
2019-03-11,16,Pumped Storage Demand,0.6642550234591902,0
2019-03-11,16,Wind,0.0017963744960984769,0
2019-03-11,17,Gas,0.9985986650690072,848
2019-03-11,17,Wind,0.0014013349309926388,0
2019-03-11,18,Gas,0.8330359229320398,863
2019-03-11,18,Pumped Storage,0.16636925626537313,0
2019-03-11,18,Wind,0.0005948208025870116,0
2019-03-11,19,Gas,0.7486358166005748,998
2019-03-11,19,Pumped Storage,0.24954527220019163,0
2019-03-11,19,Wind,0.0018189111992335024,0
2019-03-11,20,Gas,0.6655290985192696,852
2019-03-11,20,Pumped Storage,0.3327645492596348,0
2019-03-11,20,Wind,0.0017063522210957088,0
2019-03-11,21,Gas,0.8319236444532632,842
2019-03-11,21,Pumped Storage,0.16638472889065264,0
2019-03-11,21,Wind,0.0016916266560841327,0
2019-03-11,22,Gas,0.9982345453204329,823
2019-03-11,22,Other,7.215232775332079e-05,3240
2019-03-11,22,Wind,0.0016933023518137737,0
2019-03-11,23,Gas,0.8318417817043243,814
2019-03-11,23,Pumped Storage Demand,0.16636835634086486,0
2019-03-11,23,Wind,0.0017898619548108825,0
2019-03-12,0,Gas,0.75,822
2019-03-12,0,Pumped Storage Demand,0.24985545184522373,0
2019-03-12,0,Wind,0.00014454815477626156,0
2019-03-12,1,Gas,0.25,827
2019-03-12,1,Pumped Storage Demand,0.75,0
2019-03-12,2,Gas,0.8333333333333334,833
2019-03-12,2,Pumped Storage Demand,0.16666666666666666,0
2019-03-12,3,Gas,0.08333333333333331,876
2019-03-12,3,Pumped Storage Demand,0.8333333333333333,0
2019-03-12,3,Wind,0.08333333333333331,0
2019-03-12,4,Gas,0.33333333333333337,806
2019-03-12,4,Pumped Storage Demand,0.6666666666666666,0
2019-03-12,5,Gas,0.6666666666666666,835
2019-03-12,5,Wind,0.3333333333333333,0
2019-03-12,6,Gas,0.9999999999999999,839
2019-03-12,7,Gas,0.5833333333333334,813
2019-03-12,7,Pumped Storage,0.4166666666666667,0
2019-03-12,8,Gas,0.25,837
2019-03-12,8,Other,0.0007327247404214568,3398
2019-03-12,8,Pumped Storage,0.7492672752595785,0
2019-03-12,9,Gas,0.9166666666666666,832
2019-03-12,9,Pumped Storage,0.08333333333333333,0
2019-03-12,10,Gas,0.41666666666666663,839
2019-03-12,10,Pumped Storage,0.5833333333333334,0
2019-03-12,11,Gas,0.8333333333333333,825
2019-03-12,11,Pumped Storage,0.16666666666666666,0
2019-03-12,12,Gas,1.0,849
2019-03-12,13,Gas,0.9999999999999999,868
2019-03-12,14,Gas,0.9999999999999999,865
2019-03-12,15,Gas,1.0,858
2019-03-12,16,Gas,1.0,837
2019-03-12,17,Gas,1.0,837
2019-03-12,18,Gas,0.8333333333333331,834
2019-03-12,18,Pumped Storage,0.16666666666666663,0
2019-03-12,19,Gas,0.5833333333333334,848
2019-03-12,19,Pumped Storage,0.41666666666666663,0
2019-03-12,20,Gas,0.5,1153
2019-03-12,20,Pumped Storage,0.5,0
2019-03-12,21,Gas,0.25,848
2019-03-12,21,Pumped Storage,0.7500000000000001,0
2019-03-12,22,Gas,1.0,812
2019-03-12,23,Gas,1.0,845
2019-03-13,0,Gas,1.0,818
2019-03-13,1,Gas,1.0,809
2019-03-13,2,Gas,1.0,807
2019-03-13,3,Gas,0.6666666666666666,804
2019-03-13,3,Pumped Storage Demand,0.3333333333333333,0
2019-03-13,4,Gas,0.49999999999999994,806
2019-03-13,4,Pumped Storage Demand,0.5,0
2019-03-13,5,Gas,0.875,877
2019-03-13,5,Other,0.125,2048
2019-03-13,6,Coal,0.25,3011
2019-03-13,6,Gas,0.41666666666666663,846
2019-03-13,6,Pumped Storage,0.3333333333333333,0
2019-03-13,7,Gas,0.375,1179
2019-03-13,7,Pumped Storage,0.625,0
2019-03-13,8,Gas,0.5833333333333333,972
2019-03-13,8,Other,0.08333333333333333,2048
2019-03-13,8,Pumped Storage,0.3333333333333333,0
2019-03-13,9,Gas,0.8563497741936799,874
2019-03-13,9,Pumped Storage,0.1436502258063202,0
2019-03-13,10,Gas,0.9282283646993181,811
2019-03-13,10,Pumped Storage,0.07177163530068181,0
2019-03-13,11,Gas,0.9999999999999999,826
2019-03-13,12,Gas,0.33333333333333337,837
2019-03-13,12,Pumped Storage Demand,0.6666666666666666,0
2019-03-13,13,Gas,0.4166666666666667,821
2019-03-13,13,Pumped Storage Demand,0.5833333333333334,0
2019-03-13,14,Gas,0.25000000000000006,845
2019-03-13,14,Pumped Storage Demand,0.7499999999999999,0
2019-03-13,15,Gas,1.0,849
2019-03-13,16,Gas,0.4232148604210686,925
2019-03-13,16,Pumped Storage,0.5767851395789314,0
2019-03-13,17,Gas,0.22534809970033473,821
2019-03-13,17,Other,0.07190963447441097,2048
2019-03-13,17,Pumped Storage,0.7027422658252542,0
2019-03-13,18,Gas,0.763888888888889,958
2019-03-13,18,Pumped Storage,0.23611111111111113,0
2019-03-13,19,Gas,0.7844042827044058,916
2019-03-13,19,Pumped Storage,0.21559571729559415,0
2019-03-13,20,Gas,0.5348807635284949,994
2019-03-13,20,Pumped Storage,0.46511923647150516,0
2019-03-13,21,Gas,0.5000000000000001,968
2019-03-13,21,Pumped Storage,0.5,0
2019-03-13,22,Gas,0.16666666666666666,845
2019-03-13,22,Other,0.16666666666666666,2048
2019-03-13,22,Pumped Storage,0.6666666666666666,0
2019-03-13,23,Other,0.08333333333333334,2048
2019-03-13,23,Pumped Storage,0.9166666666666666,0
2019-03-14,0,Gas,0.5833333333333334,817
2019-03-14,0,Pumped Storage,0.08333333333333334,0
2019-03-14,0,Pumped Storage Demand,0.33333333333333337,0
2019-03-14,1,Gas,0.6666666666666666,860
2019-03-14,1,Pumped Storage Demand,0.3333333333333333,0
2019-03-14,2,Gas,0.6666666666666666,830
2019-03-14,2,Pumped Storage Demand,0.3333333333333333,0
2019-03-14,3,Gas,1.0,843
2019-03-14,4,Gas,0.41666666666666674,813
2019-03-14,4,Pumped Storage Demand,0.5833333333333334,0
2019-03-14,5,Gas,0.6780366936158069,831
2019-03-14,5,Other,0.3219633063841932,2045
2019-03-14,6,Gas,0.3333333333333333,891
2019-03-14,6,Pumped Storage,0.6666666666666666,0
2019-03-14,7,Pumped Storage,1.0,0
2019-03-14,8,Gas,0.6666666666666667,893
2019-03-14,8,Pumped Storage,0.33333333333333337,0
2019-03-14,9,Gas,0.3282459350346449,820
2019-03-14,9,Pumped Storage,0.6717540649653553,0
2019-03-14,10,Gas,0.9722222222222221,852
2019-03-14,10,Pumped Storage,0.027777777777777773,0
2019-03-14,11,Gas,0.8333333333333335,858
2019-03-14,11,Wind,0.16666666666666669,0
2019-03-14,12,Gas,1.0,848
2019-03-14,13,Gas,1.0,876
2019-03-14,14,Gas,1.0,880
2019-03-14,15,Gas,1.0,873
2019-03-14,16,Gas,0.9166666666666666,866
2019-03-14,16,Pumped Storage Demand,0.08333333333333333,0
2019-03-14,17,Gas,0.3333333333333333,867
2019-03-14,17,Pumped Storage Demand,0.6666666666666666,0
2019-03-14,18,Gas,0.16666666666666663,1020
2019-03-14,18,Pumped Storage Demand,0.8333333333333333,0
2019-03-14,19,Pumped Storage,1.0,0
2019-03-14,20,Gas,0.6666666666666666,929
2019-03-14,20,Pumped Storage,0.3333333333333333,0
2019-03-14,21,Gas,0.9990851264918337,962
2019-03-14,21,Wind,0.0009148735081662601,0
2019-03-14,22,Gas,0.830698391514003,864
2019-03-14,22,Pumped Storage,0.16608112404014883,0
2019-03-14,22,Wind,0.00322048444584815,0
2019-03-14,23,Gas,0.8315517468297154,848
2019-03-14,23,Pumped Storage,0.16607280449879405,0
2019-03-14,23,Wind,0.00237544867149031,0
2019-03-15,0,Gas,0.9163815963462162,825
2019-03-15,0,Pumped Storage Demand,0.08333333333333334,0
2019-03-15,0,Wind,0.0002850703204506736,0
2019-03-15,1,Gas,0.9985301127230738,815
2019-03-15,1,Wind,0.0014698872769263072,0
2019-03-15,2,Gas,1.0,852
2019-03-15,3,Gas,0.9989013908989925,850
2019-03-15,3,Wind,0.0010986091010075554,0
2019-03-15,4,Gas,0.582386436724907,827
2019-03-15,4,Pumped Storage Demand,0.4159903119463621,0
2019-03-15,4,Wind,0.0016232513287310038,0
2019-03-15,5,Gas,0.4162468123818621,863
2019-03-15,5,Pumped Storage Demand,0.5827735276202607,0
2019-03-15,5,Wind,0.0009796599978771619,0
2019-03-15,6,Gas,0.6887022727466707,834
2019-03-15,6,Pumped Storage Demand,0.31129772725332927,0
2019-03-15,7,Gas,0.7835212625566506,851
2019-03-15,7,Pumped Storage Demand,0.07215957914778309,0
2019-03-15,7,Wind,0.14431915829556619,0
2019-03-15,8,Gas,1.0,873
2019-03-15,9,Gas,0.6382377788848741,841
2019-03-15,9,Pumped Storage,0.2883984279704638,0
2019-03-15,9,Wind,0.07336379314466217,0
2019-03-15,10,Gas,1.0,875
2019-03-15,11,Gas,1.0,839
2019-03-15,12,Gas,0.9166666666666667,869
2019-03-15,12,Pumped Storage Demand,0.08333333333333334,0
2019-03-15,13,Gas,0.6666666666666666,847
2019-03-15,13,Pumped Storage Demand,0.3333333333333333,0
2019-03-15,14,Gas,1.0,839
2019-03-15,15,Gas,1.0,840
2019-03-15,16,Gas,0.41666666666666674,846
2019-03-15,16,Pumped Storage Demand,0.5821783878980051,0
2019-03-15,16,Wind,0.0011549454353281684,0
2019-03-15,17,Gas,0.9141210073407611,901
2019-03-15,17,Pumped Storage Demand,0.08301512591759515,0
2019-03-15,17,Wind,0.0028638667416437257,0
2019-03-15,18,Gas,0.9166666666666666,884
2019-03-15,18,Pumped Storage Demand,0.08301406019750271,0
2019-03-15,18,Wind,0.00031927313583061283,0
2019-03-15,19,Gas,0.7499999999999999,875
2019-03-15,19,Pumped Storage,0.24999999999999994,0
2019-03-15,20,Gas,0.9166666666666667,851
2019-03-15,20,Pumped Storage,0.08333333333333334,0
2019-03-15,21,Gas,0.540258073762371,835
2019-03-15,21,Other,0.08333333333333333,2044
2019-03-15,21,Pumped Storage,0.3745304690319014,0
2019-03-15,21,Wind,0.0018781238723941415,0
2019-03-15,22,Gas,0.332125331153093,836
2019-03-15,22,Other,0.24909399836481977,2044
2019-03-15,22,Pumped Storage,0.4151566639413663,0
2019-03-15,22,Wind,0.0036240065407209024,0
2019-03-15,23,Pumped Storage,0.9964353237903385,0
2019-03-15,23,Wind,0.003564676209661462,0
2019-03-16,0,Gas,0.9149217905779602,845
2019-03-16,0,Pumped Storage Demand,0.08304252065188224,0
2019-03-16,0,Wind,0.0020356887701576225,0
2019-03-16,1,Gas,0.7500000000000001,858
2019-03-16,1,Wind,0.25,0
2019-03-16,2,Gas,0.7500000000000001,845
2019-03-16,2,Wind,0.25,0
2019-03-16,3,Gas,1.0,845
2019-03-16,4,Gas,0.75,848
2019-03-16,4,Pumped Storage Demand,0.16666666666666666,0
2019-03-16,4,Wind,0.08333333333333333,0
2019-03-16,5,Gas,0.10833333333333332,939
2019-03-16,5,Hydro,0.07499999999999998,0
2019-03-16,5,Pumped Storage Demand,0.6666666666666665,0
2019-03-16,5,Wind,0.14999999999999997,0
2019-03-16,6,Gas,0.6666666666666666,845
2019-03-16,6,Pumped Storage Demand,0.25,0
2019-03-16,6,Wind,0.08333333333333333,0
2019-03-16,7,Gas,0.9139953144834059,862
2019-03-16,7,Pumped Storage Demand,0.08299941431042573,0
2019-03-16,7,Wind,0.0030052712061684143,0
2019-03-16,8,Gas,0.49811397994398576,841
2019-03-16,8,Pumped Storage,0.4981139799439858,0
2019-03-16,8,Wind,0.0037720401120283453,0
2019-03-16,9,Gas,0.9957536667767299,843
2019-03-16,9,Wind,0.00424633322326987,0
2019-03-16,10,Gas,0.995985711851174,820
2019-03-16,10,Wind,0.004014288148825965,0
2019-03-16,11,Gas,0.9952054552825106,807
2019-03-16,11,Hydro,0.00046491434711157855,0
2019-03-16,11,Wind,0.004329630370377883,0
2019-03-16,12,Gas,0.9942144096193756,810
2019-03-16,12,Hydro,9.30325755468081e-05,0
2019-03-16,12,Wind,0.005692557805077446,0
2019-03-16,13,Gas,0.9935294591369181,866
2019-03-16,13,Hydro,0.0011133719116344963,0
2019-03-16,13,Wind,0.005357168951447562,0
2019-03-16,14,Gas,0.9938139475764791,865
2019-03-16,14,Hydro,0.0011536753159838778,0
2019-03-16,14,Wind,0.005032377107536986,0
2019-03-16,15,Gas,0.8282411937171732,847
2019-03-16,15,Hydro,0.0008940040352202864,0
2019-03-16,15,Wind,0.1708648022476066,0
2019-03-16,16,Gas,0.8286479745041744,851
2019-03-16,16,Hydro,0.0003796233923088565,0
2019-03-16,16,Wind,0.17097240210351702,0
2019-03-16,17,Gas,0.9950296014319875,831
2019-03-16,17,Wind,0.004970398568012413,0
2019-03-16,18,Gas,0.9947561370186524,816
2019-03-16,18,Wind,0.005243862981347705,0
2019-03-16,19,Gas,0.4971295564985003,806
2019-03-16,19,Other,0.3314197043323336,3602
2019-03-16,19,Pumped Storage,0.1657098521661668,0
2019-03-16,19,Wind,0.005740887002999459,0
2019-03-16,20,Gas,0.2492252437370934,804
2019-03-16,20,Pumped Storage,0.7464662756291708,0
2019-03-16,20,Wind,0.004308480633735893,0
2019-03-16,21,Gas,0.994360234003302,817
2019-03-16,21,Wind,0.00563976599669805,0
2019-03-16,22,Gas,0.9962576791460387,840
2019-03-16,22,Wind,0.0037423208539611743,0
2019-03-16,23,Gas,0.995635469048308,856
2019-03-16,23,Wind,0.004364530951692104,0
2019-03-17,0,Gas,0.9956188669146901,805
2019-03-17,0,Wind,0.00438113308530982,0
2019-03-17,1,Gas,0.9952396279859547,839
2019-03-17,1,Wind,0.004760372014045341,0
2019-03-17,2,Gas,0.9956779161285497,846
2019-03-17,2,Wind,0.00432208387145023,0
2019-03-17,3,Gas,0.9946679120411684,851
2019-03-17,3,Wind,0.005332087958831453,0
2019-03-17,4,Gas,0.9948511895298494,852
2019-03-17,4,Wind,0.005148810470150526,0
2019-03-17,5,Gas,0.9962218945585818,815
2019-03-17,5,Wind,0.003778105441418065,0
2019-03-17,6,Gas,0.6635354791100478,809
2019-03-17,6,Other,0.24981236209453528,2045
2019-03-17,6,Pumped Storage Demand,0.08286654784805746,0
2019-03-17,6,Wind,0.0037856109473593164,0
2019-03-17,7,Gas,0.9149309708714602,803
2019-03-17,7,Pumped Storage,0.0831755428064964,0
2019-03-17,7,Wind,0.001893486322043426,0
2019-03-17,8,Gas,0.9972494708445294,827
2019-03-17,8,Hydro,0.00036576904207662983,0
2019-03-17,8,Other,0.00018288452103831492,3240
2019-03-17,8,Wind,0.0022018755923556006,0
2019-03-17,9,Gas,0.9980469029312877,850
2019-03-17,9,Wind,0.0019530970687121308,0
2019-03-17,10,Gas,0.9980279066307883,808
2019-03-17,10,Wind,0.0019720933692116476,0
2019-03-17,11,Gas,0.9980391210022029,860
2019-03-17,11,Wind,0.0019608789977970387,0
2019-03-17,12,Gas,0.997999148361235,852
2019-03-17,12,Wind,0.002000851638765084,0
2019-03-17,13,Gas,0.9979678342461921,808
2019-03-17,13,Wind,0.0020321657538078146,0
2019-03-17,14,Gas,0.997997666994048,827
2019-03-17,14,Wind,0.002002333005951837,0
2019-03-17,15,Gas,0.8317251008394402,844
2019-03-17,15,Wind,0.16827489916055993,0
2019-03-17,16,Gas,0.08316929232378407,818
2019-03-17,16,Hydro,0.38581740078087606,0
2019-03-17,16,Other,0.039583333333333325,3954
2019-03-17,16,Wind,0.4914299735620066,0
2019-03-17,17,Gas,0.6653256080081319,898
2019-03-17,17,Hydro,0.07575757575757576,0
2019-03-17,17,Wind,0.2589168162342925,0
2019-03-17,18,Gas,0.9148607255462403,849
2019-03-17,18,Pumped Storage,0.08316915686784003,0
2019-03-17,18,Wind,0.001970117585919564,0
2019-03-17,19,Gas,0.9984452679090501,1040
2019-03-17,19,Wind,0.0015547320909497292,0
2019-03-17,20,Gas,0.9997061556406944,1095
2019-03-17,20,Wind,0.0002938443593055418,0
2019-03-17,21,Gas,0.6665213269956862,884
2019-03-17,21,Hydro,0.08318799366235292,0
2019-03-17,21,Pumped Storage,0.25,0
2019-03-17,21,Wind,0.00029067934196078305,0
2019-03-17,22,Gas,0.9992495929735307,845
2019-03-17,22,Wind,0.0007504070264692096,0
2019-03-17,23,Gas,0.75,860
2019-03-17,23,Pumped Storage Demand,0.25,0
2019-03-18,0,Gas,1.0,811
2019-03-18,1,Gas,0.08333333333333336,803
2019-03-18,1,Pumped Storage Demand,0.9163513346621237,0
2019-03-18,1,Wind,0.00031533200454290813,0
2019-03-18,2,Gas,0.9163641311637845,803
2019-03-18,2,Pumped Storage Demand,0.08333333333333333,0
2019-03-18,2,Wind,0.0003025355028822057,0
2019-03-18,3,Gas,0.9981109901381835,818
2019-03-18,3,Wind,0.001889009861816665,0
2019-03-18,4,Gas,0.9991182596595046,840
2019-03-18,4,Wind,0.0008817403404954752,0
2019-03-18,5,Gas,0.33333333333333337,820
2019-03-18,5,Pumped Storage,0.5833333333333334,0
2019-03-18,5,Pumped Storage Demand,0.08333333333333334,0
2019-03-18,6,Gas,0.25,851
2019-03-18,6,Pumped Storage,0.7497180034931318,0
2019-03-18,6,Wind,0.000281996506868228,0
2019-03-18,7,Gas,0.5823353817143876,1213
2019-03-18,7,Pumped Storage,0.4159538440817055,0
2019-03-18,7,Wind,0.0017107742039069724,0
2019-03-18,8,Gas,0.49999999999999994,1078
2019-03-18,8,Pumped Storage,0.49986294407440146,0
2019-03-18,8,Wind,0.0001370559255984859,0
2019-03-18,9,Gas,0.9166666666666667,867
2019-03-18,9,Pumped Storage,0.08333333333333334,0
2019-03-18,10,Gas,0.9166666666666666,858
2019-03-18,10,Pumped Storage,0.08333333333333333,0
2019-03-18,11,Gas,0.9996981082732233,827
2019-03-18,11,Wind,0.0003018917267767097,0
2019-03-18,12,Gas,0.8333333333333333,1002
2019-03-18,12,Pumped Storage Demand,0.16666666666666666,0
2019-03-18,13,Gas,0.9160436857588312,880
2019-03-18,13,Pumped Storage Demand,0.08333333333333334,0
2019-03-18,13,Wind,0.0006229809078355273,0
2019-03-18,14,Gas,0.9980984128519805,839
2019-03-18,14,Wind,0.0019015871480195967,0
2019-03-18,15,Gas,0.7485663616063031,816
2019-03-18,15,Pumped Storage Demand,0.2495221205354343,0
2019-03-18,15,Wind,0.001911517858262588,0
2019-03-18,16,Gas,0.9986993902747217,881
2019-03-18,16,Wind,0.0013006097252784387,0
2019-03-18,17,Gas,0.7491043358391014,852
2019-03-18,17,Pumped Storage,0.25,0
2019-03-18,17,Wind,0.0008956641608986042,0
2019-03-18,18,Gas,0.3333333333333334,850
2019-03-18,18,Other,0.08333333333333336,2048
2019-03-18,18,Pumped Storage,0.5833333333333335,0
2019-03-18,19,Gas,0.25,1264
2019-03-18,19,Pumped Storage,0.75,0
2019-03-18,20,Gas,0.33333333333333337,947
2019-03-18,20,Pumped Storage,0.6666666666666667,0
2019-03-18,21,Gas,0.5,872
2019-03-18,21,Pumped Storage,0.5,0
2019-03-18,22,Gas,1.0,827
2019-03-18,23,Gas,1.0,819
2019-03-19,0,Gas,1.0,842
2019-03-19,1,Gas,1.0,814
2019-03-19,2,Gas,0.8333333333333334,806
2019-03-19,2,Hydro,0.08333333333333334,0
2019-03-19,2,Pumped Storage Demand,0.08333333333333334,0
2019-03-19,3,Gas,1.0,814
2019-03-19,4,Gas,0.5,859
2019-03-19,4,Pumped Storage Demand,0.5,0
2019-03-19,5,Gas,0.7916666666666667,876
2019-03-19,5,Other,0.08333333333333333,2048
2019-03-19,5,Pumped Storage,0.125,0
2019-03-19,6,Gas,0.41666666666666674,1358
2019-03-19,6,Pumped Storage,0.5833333333333334,0
2019-03-19,7,Gas,0.41666666666666663,1188
2019-03-19,7,Pumped Storage,0.5833333333333333,0
2019-03-19,8,Gas,0.3749999999999999,1217
2019-03-19,8,Pumped Storage,0.625,0
2019-03-19,9,Gas,0.24999999999999994,1125
2019-03-19,9,Pumped Storage,0.75,0
2019-03-19,10,Gas,0.6666666666666666,852
2019-03-19,10,Other,0.25,2048
2019-03-19,10,Pumped Storage,0.08333333333333333,0
2019-03-19,11,Gas,1.0,1007
2019-03-19,12,Gas,0.9166666666666666,831
2019-03-19,12,Pumped Storage Demand,0.08333333333333333,0
2019-03-19,13,Gas,0.5,887
2019-03-19,13,Pumped Storage Demand,0.5,0
2019-03-19,14,Gas,0.4166666666666667,856
2019-03-19,14,Pumped Storage Demand,0.5833333333333334,0
2019-03-19,15,Pumped Storage Demand,1.0,0
2019-03-19,16,Pumped Storage Demand,1.0,0
2019-03-19,17,Gas,0.9166666666666666,863
2019-03-19,17,Pumped Storage Demand,0.08333333333333333,0
2019-03-19,18,Gas,0.8333333333333333,876
2019-03-19,18,Pumped Storage,0.16666666666666666,0
2019-03-19,19,Gas,0.3333333333333333,976
2019-03-19,19,Pumped Storage,0.6666666666666667,0
2019-03-19,20,Pumped Storage,1.0,0
2019-03-19,21,Gas,0.6666666666666667,914
2019-03-19,21,Pumped Storage,0.33333333333333337,0
2019-03-19,22,Gas,1.0,889
2019-03-19,23,Gas,1.0,827
2019-03-20,0,Gas,1.0,852
2019-03-20,1,Gas,1.0000000000000002,864
2019-03-20,2,Gas,1.0,847
2019-03-20,3,Gas,1.0,863
2019-03-20,4,Gas,0.9999999999999999,903
2019-03-20,5,Gas,0.5833333333333333,833
2019-03-20,5,Pumped Storage,0.16666666666666666,0
2019-03-20,5,Pumped Storage Demand,0.25,0
2019-03-20,6,Gas,0.5000000000000001,1143
2019-03-20,6,Pumped Storage,0.5000000000000001,0
2019-03-20,7,Gas,0.16666666666666666,842
2019-03-20,7,Other,0.041666666666666664,2044
2019-03-20,7,Pumped Storage,0.7916666666666666,0
2019-03-20,8,Pumped Storage,1.0,0
2019-03-20,9,Gas,0.625,890
2019-03-20,9,Pumped Storage,0.37500000000000006,0
2019-03-20,10,Gas,0.75,952
2019-03-20,10,Pumped Storage,0.25,0
2019-03-20,11,Gas,1.0,870
2019-03-20,12,Gas,1.0000000000000002,864
2019-03-20,13,Gas,0.7500000000000001,862
2019-03-20,13,Pumped Storage Demand,0.25,0
2019-03-20,14,Gas,0.75,881
2019-03-20,14,Pumped Storage Demand,0.25,0
2019-03-20,15,Gas,0.5,872
2019-03-20,15,Pumped Storage Demand,0.5,0
2019-03-20,16,Gas,0.5833333333333333,856
2019-03-20,16,Pumped Storage Demand,0.41666666666666663,0
2019-03-20,17,Gas,0.8333333333333335,843
2019-03-20,17,Pumped Storage,0.16666666666666669,0
2019-03-20,18,Gas,0.25,897
2019-03-20,18,Other,0.16666666666666666,2044
2019-03-20,18,Pumped Storage,0.5833333333333334,0
2019-03-20,19,Gas,0.22222222222222224,1022
2019-03-20,19,Pumped Storage,0.7777777777777778,0
2019-03-20,20,Gas,0.33333333333333337,852
2019-03-20,20,Pumped Storage,0.6666666666666666,0
2019-03-20,21,Gas,0.5,1035
2019-03-20,21,Pumped Storage,0.5,0
2019-03-20,22,Gas,0.5,1155
2019-03-20,22,Pumped Storage,0.5,0
2019-03-20,23,Gas,0.6666666666666667,837
2019-03-20,23,Pumped Storage,0.33333333333333337,0
2019-03-21,0,Gas,0.75,874
2019-03-21,0,Pumped Storage Demand,0.25000000000000006,0
2019-03-21,1,Gas,0.5,838
2019-03-21,1,Pumped Storage Demand,0.5000000000000001,0
2019-03-21,2,Gas,0.9166666666666666,860
2019-03-21,2,Pumped Storage Demand,0.08333333333333333,0
2019-03-21,3,Gas,1.0,856
2019-03-21,4,Gas,0.41666666666666663,846
2019-03-21,4,Pumped Storage Demand,0.5833333333333333,0
2019-03-21,5,Gas,0.24999999999999994,819
2019-03-21,5,Pumped Storage Demand,0.7499999999999999,0
2019-03-21,6,Gas,0.4999999999999999,839
2019-03-21,6,Pumped Storage,0.4999999999999999,0
2019-03-21,7,Gas,1.0,897
2019-03-21,8,Gas,1.0,866
2019-03-21,9,Gas,1.0,903
2019-03-21,10,Gas,0.9999999999999999,897
2019-03-21,11,Gas,1.0,867
2019-03-21,12,Gas,1.0,867
2019-03-21,13,Gas,1.0,855
2019-03-21,14,Gas,0.9990678410261018,857
2019-03-21,14,Wind,0.0009321589738983434,0
2019-03-21,15,Gas,0.999567966880955,850
2019-03-21,15,Wind,0.000432033119045161,0
2019-03-21,16,Gas,0.9995606778144381,851
2019-03-21,16,Wind,0.0004393221855618694,0
2019-03-21,17,Gas,0.9997073117585974,852
2019-03-21,17,Wind,0.00029268824140251597,0
2019-03-21,18,Gas,0.9991526498464821,854
2019-03-21,18,Wind,0.0008473501535177332,0
2019-03-21,19,Gas,1.0,837
2019-03-21,20,Gas,1.0,849
2019-03-21,21,Gas,1.0,840
2019-03-21,22,Gas,0.9166666666666667,1201
2019-03-21,22,Other,0.08333333333333334,2044
2019-03-21,23,Gas,0.9999999999999999,835
2019-03-22,0,Gas,0.9166666666666667,827
2019-03-22,0,Other,0.08333333333333334,2048
2019-03-22,1,Gas,1.0,841
2019-03-22,2,Gas,1.0000000000000002,847
2019-03-22,3,Gas,0.9999999999999999,847
2019-03-22,4,Gas,0.9999999999999999,829
2019-03-22,5,Gas,1.0,853
2019-03-22,6,Gas,0.4583333333333333,857
2019-03-22,6,Pumped Storage,0.5416666666666666,0
2019-03-22,7,Pumped Storage,1.0,0
2019-03-22,8,Gas,0.24999999999999997,856
2019-03-22,8,Pumped Storage,0.75,0
2019-03-22,9,Gas,0.08333333333333333,856
2019-03-22,9,Pumped Storage,0.9166666666666666,0
2019-03-22,10,Gas,0.25,818
2019-03-22,10,Pumped Storage,0.7500000000000001,0
2019-03-22,11,Gas,0.16666666666666663,896
2019-03-22,11,Pumped Storage,0.8333333333333333,0
2019-03-22,12,Other,0.16666666666666663,2048
2019-03-22,12,Pumped Storage,0.8329005593437498,0
2019-03-22,12,Wind,0.00043277398958344016,0
2019-03-22,13,Gas,0.16636345265125108,878
2019-03-22,13,Pumped Storage,0.8318172632562554,0
2019-03-22,13,Wind,0.0018192840924934972,0
2019-03-22,14,Gas,0.748655589580162,879
2019-03-22,14,Pumped Storage,0.24955186319338732,0
2019-03-22,14,Wind,0.001792547226450594,0
2019-03-22,15,Gas,0.9981851283732237,844
2019-03-22,15,Wind,0.0018148716267760827,0
2019-03-22,16,Gas,0.6654516953092057,994
2019-03-22,16,Wind,0.3345483046907943,0
2019-03-22,17,Gas,0.33271259712620815,1023
2019-03-22,17,Wind,0.6672874028737918,0
2019-03-22,18,Gas,0.8324289524685835,969
2019-03-22,18,Pumped Storage,0.16666666666666666,0
2019-03-22,18,Wind,0.0009043808647498342,0
2019-03-22,19,Gas,0.5833333333333334,890
2019-03-22,19,Other,0.08333333333333333,2048
2019-03-22,19,Pumped Storage,0.3333333333333333,0
2019-03-22,20,Gas,0.875,970
2019-03-22,20,Other,0.08333333333333333,2044
2019-03-22,20,Pumped Storage,0.041666666666666664,0
2019-03-22,21,Gas,0.8333333333333333,832
2019-03-22,21,Wind,0.16666666666666666,0
2019-03-22,22,Gas,0.9166666666666667,819
2019-03-22,22,Wind,0.08333333333333333,0
2019-03-22,23,Gas,0.6666666666666666,877
2019-03-22,23,Pumped Storage Demand,0.3333333333333333,0
2019-03-23,0,Gas,0.3333333333333333,834
2019-03-23,0,Pumped Storage Demand,0.6666666666666666,0
2019-03-23,1,Pumped Storage Demand,1.0,0
2019-03-23,2,Gas,0.9166666666666667,832
2019-03-23,2,Pumped Storage Demand,0.08333333333333333,0
2019-03-23,3,Gas,0.6666666666666667,803
2019-03-23,3,Pumped Storage Demand,0.33333333333333337,0
2019-03-23,4,Gas,0.08333333333333334,866
2019-03-23,4,Pumped Storage Demand,0.9166666666666667,0
2019-03-23,5,Gas,0.7499999999999999,847
2019-03-23,5,Pumped Storage Demand,0.25,0
2019-03-23,6,Gas,0.4166666666666667,831
2019-03-23,6,Pumped Storage Demand,0.5833333333333334,0
2019-03-23,7,Gas,0.24999999999999994,820
2019-03-23,7,Pumped Storage,0.75,0
2019-03-23,8,Gas,0.4166666666666666,847
2019-03-23,8,Pumped Storage,0.5833333333333334,0
2019-03-23,9,Gas,0.7072079033299283,841
2019-03-23,9,Pumped Storage,0.20810089326154435,0
2019-03-23,9,Wind,0.08469120340852726,0
2019-03-23,10,Gas,0.7481994304673772,830
2019-03-23,10,Pumped Storage,0.24949911636889305,0
2019-03-23,10,Wind,0.0023014531637296893,0
2019-03-23,11,Gas,0.9960182747599116,819
2019-03-23,11,Wind,0.003981725240088436,0
2019-03-23,12,Gas,0.9942275695335181,819
2019-03-23,12,Wind,0.0057724304664817875,0
2019-03-23,13,Gas,0.9960097510916528,807
2019-03-23,13,Wind,0.003990248908347138,0
2019-03-23,14,Gas,0.831455340101205,830
2019-03-23,14,Pumped Storage Demand,0.1663472431666215,0
2019-03-23,14,Wind,0.0021974167321736245,0
2019-03-23,15,Gas,0.9147849567626044,840
2019-03-23,15,Pumped Storage Demand,0.08316226879660042,0
2019-03-23,15,Wind,0.002052774440795227,0
2019-03-23,16,Gas,0.4990481062520304,864
2019-03-23,16,Pumped Storage Demand,0.2495240531260152,0
2019-03-23,16,Wind,0.2514278406219544,0
2019-03-23,17,Gas,0.8717488344082798,811
2019-03-23,17,Pumped Storage Demand,0.08315774330122078,0
2019-03-23,17,Wind,0.045093422290499355,0
2019-03-23,18,Gas,0.6968930363352468,828
2019-03-23,18,Pumped Storage,0.24540974397193094,0
2019-03-23,18,Wind,0.057697219692822245,0
2019-03-23,19,Gas,0.5729318468321905,856
2019-03-23,19,Other,0.16369481338062583,2044
2019-03-23,19,Pumped Storage,0.24554222007093876,0
2019-03-23,19,Wind,0.017831119716244827,0
2019-03-23,20,Gas,0.4094071082181789,868
2019-03-23,20,Pumped Storage,0.5731699515054505,0
2019-03-23,20,Wind,0.017422940276370893,0
2019-03-23,21,Gas,0.49735714335232734,878
2019-03-23,21,Other,0.08289285722538789,2044
2019-03-23,21,Pumped Storage,0.41351017886626884,0
2019-03-23,21,Wind,0.00623982055601584,0
2019-03-23,22,Gas,0.49739473719578736,828
2019-03-23,22,Pumped Storage,0.4973947371957873,0
2019-03-23,22,Wind,0.005210525608425451,0
2019-03-23,23,Gas,0.9947465136445321,821
2019-03-23,23,Wind,0.0052534863554680065,0
2019-03-24,0,Gas,0.986001176447824,841
2019-03-24,0,Hydro,0.005316901848110208,0
2019-03-24,0,Wind,0.00868192170406575,0
2019-03-24,1,Gas,0.40974564855799933,805
2019-03-24,1,Hydro,0.00107943403184664,0
2019-03-24,1,Pumped Storage Demand,0.4097456485579994,0
2019-03-24,1,Wind,0.17942926885215454,0
2019-03-24,2,Gas,0.245838024735689,806
2019-03-24,2,Hydro,0.006432839086190103,0
2019-03-24,2,Pumped Storage Demand,0.7381444446878775,0
2019-03-24,2,Wind,0.009584691490243451,0
2019-03-24,3,Hydro,0.008585039042924424,0
2019-03-24,3,Pumped Storage Demand,0.9862195877404986,0
2019-03-24,3,Wind,0.005195373216577133,0
2019-03-24,4,Hydro,0.002204011407448363,0
2019-03-24,4,Pumped Storage Demand,0.9831808581567855,0
2019-03-24,4,Wind,0.014615130435766285,0
2019-03-24,5,Gas,0.36167174303589217,831
2019-03-24,5,Pumped Storage Demand,0.6328815060148897,0
2019-03-24,5,Wind,0.005446750949218272,0
2019-03-24,6,Gas,0.98542487410174,826
2019-03-24,6,Wind,0.014575125898260089,0
2019-03-24,7,Gas,0.996519039348792,851
2019-03-24,7,Wind,0.003480960651207725,0
2019-03-24,8,Gas,0.8333333333333333,830
2019-03-24,8,Wind,0.16666666666666666,0
2019-03-24,9,Gas,1.0,862
2019-03-24,10,Gas,0.5833333333333333,832
2019-03-24,10,Pumped Storage Demand,0.41666666666666663,0
2019-03-24,11,Gas,0.3333333333333333,855
2019-03-24,11,Hydro,0.26666666666666666,0
2019-03-24,11,Pumped Storage Demand,0.3333333333333333,0
2019-03-24,11,Wind,0.06666666666666665,0
2019-03-24,12,Gas,0.6013350489768353,1014
2019-03-24,12,Hydro,0.22037037037037036,0
2019-03-24,12,Wind,0.17829458065279427,0
2019-03-24,13,Gas,0.11358101776172662,1242
2019-03-24,13,Hydro,0.3052043635657813,0
2019-03-24,13,Wind,0.5812146186724921,0
2019-03-24,14,Gas,0.08316250806835752,803
2019-03-24,14,Hydro,0.6663250161367151,0
2019-03-24,14,Wind,0.2505124757949274,0
2019-03-24,15,Gas,0.9981085750092129,835
2019-03-24,15,Wind,0.0018914249907870406,0
2019-03-24,16,Gas,0.8317300872401931,825
2019-03-24,16,Pumped Storage,0.16634601744803862,0
2019-03-24,16,Wind,0.0019238953117681817,0
2019-03-24,17,Gas,0.7484482576031427,884
2019-03-24,17,Wind,0.25155174239685724,0
2019-03-24,18,Gas,0.8734419330655327,839
2019-03-24,18,Pumped Storage,0.12491799647713328,0
2019-03-24,18,Wind,0.0016400704573340302,0
2019-03-24,19,Gas,0.16666666666666666,805
2019-03-24,19,Pumped Storage,0.8333333333333335,0
2019-03-24,20,Gas,0.833333333333333,834
2019-03-24,20,Pumped Storage,0.16666666666666663,0
2019-03-24,21,Gas,0.75,822
2019-03-24,21,Other,0.24999999999999994,2048
2019-03-24,22,Gas,1.0,808
2019-03-24,23,Gas,1.0,826
2019-03-25,0,Gas,1.0,828
2019-03-25,1,Gas,0.2499999999999999,856
2019-03-25,1,Hydro,0.36607142857142844,0
2019-03-25,1,Wind,0.3839285714285712,0
2019-03-25,2,Gas,0.7500000000000002,920
2019-03-25,2,Hydro,0.08333333333333334,0
2019-03-25,2,Wind,0.16666666666666669,0
2019-03-25,3,Gas,0.7499999999999999,839
2019-03-25,3,Wind,0.25,0
2019-03-25,4,Gas,1.0,809
2019-03-25,5,Gas,1.0,810
2019-03-25,6,Gas,0.4161963978918588,856
2019-03-25,6,Hydro,0.0006583762847310052,0
2019-03-25,6,Pumped Storage,0.5826749570486024,0
2019-03-25,6,Wind,0.00047026877480786086,0
2019-03-25,7,Gas,0.5000000000000001,859
2019-03-25,7,Pumped Storage,0.4997154860499474,0
2019-03-25,7,Wind,0.00028451395005269913,0
2019-03-25,8,Gas,0.665925834143094,840
2019-03-25,8,Hydro,0.0010186447199124944,0
2019-03-25,8,Pumped Storage,0.3330555211369936,0
2019-03-25,9,Gas,0.33318823370809747,858
2019-03-25,9,Hydro,0.0008705977514154099,0
2019-03-25,9,Pumped Storage,0.4159411685404872,0
2019-03-25,9,Wind,0.25,0
2019-03-25,10,Gas,0.5822038212912704,865
2019-03-25,10,Wind,0.41779617870872987,0
2019-03-25,11,Gas,0.9981324827084234,862
2019-03-25,11,Wind,0.001867517291576672,0
2019-03-25,12,Gas,0.9980791144959936,819
2019-03-25,12,Wind,0.0019208855040063377,0
2019-03-25,13,Gas,0.9980213005541753,831
2019-03-25,13,Wind,0.0019786994458248722,0
2019-03-25,14,Gas,0.9979595688706159,847
2019-03-25,14,Wind,0.0020404311293844434,0
2019-03-25,15,Gas,0.6654218081340284,838
2019-03-25,15,Pumped Storage Demand,0.3327109040670142,0
2019-03-25,15,Wind,0.001867287798957417,0
2019-03-25,16,Gas,0.9981617176152608,832
2019-03-25,16,Wind,0.001838282384739273,0
2019-03-25,17,Gas,0.7486380810199608,864
2019-03-25,17,Pumped Storage,0.16636401800443573,0
2019-03-25,17,Pumped Storage Demand,0.08318200900221787,0
2019-03-25,17,Wind,0.0018158919733855148,0
2019-03-25,18,Gas,0.33276847128828746,896
2019-03-25,18,Pumped Storage,0.6655369425765749,0
2019-03-25,18,Wind,0.0016945861351376369,0
2019-03-25,19,Gas,0.25000000000000006,880
2019-03-25,19,Pumped Storage,0.75,0
2019-03-25,20,Gas,0.25,842
2019-03-25,20,Pumped Storage,0.7500000000000001,0
2019-03-25,21,Gas,0.5,851
2019-03-25,21,Pumped Storage,0.41666666666666663,0
2019-03-25,21,Wind,0.08333333333333333,0
2019-03-25,22,Gas,0.625,820
2019-03-25,22,Wind,0.37500000000000006,0
2019-03-25,23,Gas,0.749737005959928,813
2019-03-25,23,Pumped Storage Demand,0.25,0
2019-03-25,23,Wind,0.0002629940400719806,0
2019-03-26,0,Gas,0.9984376661310329,829
2019-03-26,0,Wind,0.001562333868967165,0
2019-03-26,1,Gas,1.0,813
2019-03-26,2,Gas,1.0,813
2019-03-26,3,Gas,0.9977776296634007,823
2019-03-26,3,Wind,0.0022223703365992793,0
2019-03-26,4,Gas,0.994889686927129,807
2019-03-26,4,Wind,0.005110313072870982,0
2019-03-26,5,Gas,0.8294170390457158,804
2019-03-26,5,Pumped Storage,0.08287996316156335,0
2019-03-26,5,Pumped Storage Demand,0.08318866687660453,0
2019-03-26,5,Wind,0.0045143309161161565,0
2019-03-26,6,Gas,0.5823597782167582,831
2019-03-26,6,Pumped Storage,0.41611034945719516,0
2019-03-26,6,Wind,0.0015298723260464655,0
2019-03-26,7,Gas,0.16666666666666669,845
2019-03-26,7,Pumped Storage,0.8333333333333335,0
2019-03-26,8,Gas,0.9166666666666667,825
2019-03-26,8,Pumped Storage,0.08333333333333334,0
2019-03-26,9,Gas,1.0,877
2019-03-26,10,Gas,1.0000000000000002,846
2019-03-26,11,Gas,1.0,842
2019-03-26,12,Gas,1.0,818
2019-03-26,13,Gas,1.0,832
2019-03-26,14,Gas,1.0000000000000002,879
2019-03-26,15,Gas,0.6666666666666666,856
2019-03-26,15,Pumped Storage Demand,0.3333333333333333,0
2019-03-26,16,Gas,0.41590477934948966,822
2019-03-26,16,Pumped Storage Demand,0.5833333333333334,0
2019-03-26,16,Wind,0.0007618873171770312,0
2019-03-26,17,Gas,0.9982083135282571,832
2019-03-26,17,Wind,0.0017916864717428497,0
2019-03-26,18,Gas,0.9151089839280715,837
2019-03-26,18,Wind,0.08489101607192838,0
2019-03-26,19,Gas,0.24957388632978877,896
2019-03-26,19,Other,0.3327651817730517,2538
2019-03-26,19,Pumped Storage,0.3327651817730517,0
2019-03-26,19,Wind,0.08489575012410784,0
2019-03-26,20,Gas,0.6655763593289327,892
2019-03-26,20,Pumped Storage,0.3327881796644664,0
2019-03-26,20,Wind,0.0016354610066006995,0
2019-03-26,21,Gas,0.41653507281644064,859
2019-03-26,21,Pumped Storage,0.5824121763817509,0
2019-03-26,21,Wind,0.0010527508018083982,0
2019-03-26,22,Gas,0.9166666666666667,843
2019-03-26,22,Pumped Storage,0.08333333333333333,0
2019-03-26,23,Gas,0.8333333333333334,838
2019-03-26,23,Other,0.16666666666666666,2048
2019-03-27,0,Gas,0.8333333333333333,827
2019-03-27,0,Wind,0.16666666666666666,0
2019-03-27,1,Gas,1.0,820
2019-03-27,2,Gas,1.0,840
2019-03-27,3,Gas,0.9999999999999999,843
2019-03-27,4,Gas,0.3333333333333333,858
2019-03-27,4,Other,0.41666666666666663,2044
2019-03-27,4,Pumped Storage,0.25,0
2019-03-27,5,Gas,0.41666666666666674,1243
2019-03-27,5,Hydro,0.16666666666666669,0
2019-03-27,5,Other,0.08333333333333334,2048
2019-03-27,5,Pumped Storage,0.33333333333333337,0
2019-03-27,6,Gas,0.16666666666666669,859
2019-03-27,6,Pumped Storage,0.8333333333333335,0
2019-03-27,7,Gas,0.1666666666666667,866
2019-03-27,7,Pumped Storage,0.8333333333333334,0
2019-03-27,8,Pumped Storage,1.0,0
2019-03-27,9,Gas,0.5416666666666667,869
2019-03-27,9,Pumped Storage,0.4583333333333333,0
2019-03-27,10,Gas,1.0000000000000002,851
2019-03-27,11,Gas,1.0,881
2019-03-27,12,Gas,0.7500000000000001,854
2019-03-27,12,Pumped Storage Demand,0.25,0
2019-03-27,13,Gas,0.4166666666666667,826
2019-03-27,13,Pumped Storage Demand,0.5833333333333334,0
2019-03-27,14,Gas,0.33333333333333337,852
2019-03-27,14,Pumped Storage Demand,0.6666666666666667,0
2019-03-27,15,Gas,1.0,822
2019-03-27,16,Gas,0.75,822
2019-03-27,16,Pumped Storage Demand,0.25,0
2019-03-27,17,Gas,1.0,847
2019-03-27,18,Gas,0.8333333333333331,848
2019-03-27,18,Pumped Storage,0.16666666666666666,0
2019-03-27,19,Gas,0.25,823
2019-03-27,19,Pumped Storage,0.7500000000000001,0
2019-03-27,20,Gas,0.2857142857142857,899
2019-03-27,20,Other,0.14285714285714285,2044
2019-03-27,20,Pumped Storage,0.5714285714285714,0
2019-03-27,22,Gas,1.0,839
2019-03-27,23,Gas,0.9988373610224208,816
2019-03-27,23,Wind,0.001162638977579368,0
2019-03-28,0,Gas,0.9983413035876767,842
2019-03-28,0,Wind,0.0016586964123232453,0
2019-03-28,1,Gas,0.9982595708622333,805
2019-03-28,1,Wind,0.0017404291377668332,0
2019-03-28,2,Gas,0.998092231082962,817
2019-03-28,2,Wind,0.0019077689170380347,0
2019-03-28,3,Gas,0.9955147738803014,820
2019-03-28,3,Wind,0.004485226119698471,0
2019-03-28,4,Gas,0.5823251825258029,804
2019-03-28,4,Pumped Storage Demand,0.41594655894700205,0
2019-03-28,4,Wind,0.001728258527195086,0
2019-03-28,5,Gas,0.6636297689617479,810
2019-03-28,5,Pumped Storage Demand,0.08318983683569066,0
2019-03-28,5,Wind,0.2531803942025614,0
2019-03-28,6,Gas,0.9150537470429869,822
2019-03-28,6,Pumped Storage,0.08318670427663517,0
2019-03-28,6,Wind,0.0017595486803778826,0
2019-03-28,7,Gas,0.6655125066821792,825
2019-03-28,7,Pumped Storage,0.33275625334108966,0
2019-03-28,7,Wind,0.0017312399767311908,0
2019-03-28,8,Gas,0.9986998774309674,818
2019-03-28,8,Wind,0.0013001225690325313,0
2019-03-28,9,Gas,1.0,830
2019-03-28,10,Gas,0.9987355158530307,824
2019-03-28,10,Wind,0.0012644841469693078,0
2019-03-28,11,Gas,0.9148957134790104,850
2019-03-28,11,Pumped Storage Demand,0.08317233758900096,0
2019-03-28,11,Wind,0.0019319489319886201,0
2019-03-28,12,Gas,0.9149917877030509,852
2019-03-28,12,Pumped Storage Demand,0.08318107160936826,0
2019-03-28,12,Wind,0.0018271406875809842,0
2019-03-28,13,Gas,0.9981561636373191,890
2019-03-28,13,Wind,0.0018438363626808332,0
2019-03-28,14,Gas,0.998138907128939,855
2019-03-28,14,Wind,0.001861092871060973,0
2019-03-28,15,Gas,0.9981352556001843,861
2019-03-28,15,Wind,0.0018647443998155307,0
2019-03-28,16,Gas,0.9981637502848646,842
2019-03-28,16,Wind,0.0018362497151355073,0
2019-03-28,17,Gas,0.9982656913671724,840
2019-03-28,17,Wind,0.0017343086328276264,0
2019-03-28,18,Gas,0.8319361619408738,843
2019-03-28,18,Pumped Storage,0.16638723238817477,0
2019-03-28,18,Wind,0.0016766056709514134,0
2019-03-28,19,Gas,0.3327591870884246,859
2019-03-28,19,Pumped Storage,0.6655183741768492,0
2019-03-28,19,Wind,0.0017224387347261137,0
2019-03-28,20,Gas,0.3748585415593034,943
2019-03-28,20,Pumped Storage,0.6244341662372137,0
2019-03-28,20,Wind,0.0007072922034829781,0
2019-03-28,21,Gas,0.6666666666666666,891
2019-03-28,21,Pumped Storage,0.3333333333333333,0
2019-03-28,22,Gas,0.75,904
2019-03-28,22,Other,0.16666666666666666,2044
2019-03-28,22,Pumped Storage,0.08333333333333333,0
2019-03-28,23,Gas,0.5833333333333334,837
2019-03-28,23,Other,0.08333333333333334,2044
2019-03-28,23,Pumped Storage,0.33333333333333337,0
2019-03-29,0,Gas,0.9999999999999999,808
2019-03-29,1,Gas,1.0,828
2019-03-29,2,Gas,1.0,824
2019-03-29,3,Gas,1.0,807
2019-03-29,4,Gas,1.0,822
2019-03-29,5,Gas,1.0,811
2019-03-29,6,Gas,0.8333333333333334,830
2019-03-29,6,Pumped Storage,0.16666666666666666,0
2019-03-29,7,Gas,0.6666666666666667,868
2019-03-29,7,Pumped Storage,0.3333333333333333,0
2019-03-29,8,Gas,0.2541373286241384,828
2019-03-29,8,Pumped Storage,0.7458626713758616,0
2019-03-29,9,Gas,0.3416745291974099,1438
2019-03-29,9,Pumped Storage,0.6583254708025901,0
2019-03-29,10,Gas,0.17101985154976357,648
2019-03-29,10,Pumped Storage,0.8289801484502365,0
2019-03-29,11,Gas,0.5,814
2019-03-29,11,Pumped Storage,0.5,0
2019-03-29,12,Gas,0.16666666666666666,843
2019-03-29,12,Pumped Storage,0.8333333333333334,0
2019-03-29,13,Gas,0.5833333333333333,827
2019-03-29,13,Pumped Storage,0.41666666666666663,0
2019-03-29,14,Gas,0.75,859
2019-03-29,14,Pumped Storage,0.25,0
2019-03-29,15,Gas,0.9999999999999999,863
2019-03-29,16,Gas,1.0,976
2019-03-29,17,Gas,0.7499999999999998,865
2019-03-29,17,Wind,0.24999999999999994,0
2019-03-29,18,Gas,0.8333333333333333,855
2019-03-29,18,Pumped Storage,0.16666666666666669,0
2019-03-29,19,Gas,0.8333333333333333,944
2019-03-29,19,Pumped Storage,0.1666666666666667,0
2019-03-29,20,Gas,0.5886932336272024,1024
2019-03-29,20,Other,0.16452270654911905,2044
2019-03-29,20,Pumped Storage,0.24678405982367857,0
2019-03-29,21,Gas,1.0,869
2019-03-29,22,Gas,1.0,855
2019-03-29,23,Gas,0.9166666666666666,828
2019-03-29,23,Other,0.08333333333333333,2044
2019-03-30,0,Gas,0.5833333333333335,847
2019-03-30,0,Pumped Storage Demand,0.4166666666666667,0
2019-03-30,1,Gas,0.16666666666666666,864
2019-03-30,1,Pumped Storage Demand,0.8333333333333333,0
2019-03-30,2,Pumped Storage Demand,1.0,0
2019-03-30,3,Gas,0.6666666666666666,845
2019-03-30,3,Pumped Storage Demand,0.3333333333333333,0
2019-03-30,4,Pumped Storage Demand,1.0,0
2019-03-30,5,Gas,0.24999999999999997,855
2019-03-30,5,Pumped Storage Demand,0.7499999999999999,0
2019-03-30,6,Gas,0.6666666666666666,837
2019-03-30,6,Pumped Storage Demand,0.3333333333333333,0
2019-03-30,7,Gas,0.9999999999999999,833
2019-03-30,8,Gas,0.9979429102409716,810
2019-03-30,8,Wind,0.002057089759028475,0
2019-03-30,9,Gas,0.3333333333333333,859
2019-03-30,9,Pumped Storage,0.6666666666666666,0
2019-03-30,10,Gas,0.9993847443073975,834
2019-03-30,10,Wind,0.000615255692602331,0
2019-03-30,11,Gas,0.9999999999999998,812
2019-03-30,12,Gas,0.9972526336495153,822
2019-03-30,12,Wind,0.002747366350484577,0
2019-03-30,13,Gas,0.9980444688766302,826
2019-03-30,13,Wind,0.001955531123369675,0
2019-03-30,14,Gas,0.9150172032982009,869
2019-03-30,14,Wind,0.084982796701799,0
2019-03-30,15,Gas,0.9970008537069186,875
2019-03-30,15,Wind,0.0029991462930815047,0
2019-03-30,16,Gas,0.9958545237094649,835
2019-03-30,16,Wind,0.004145476290535072,0
2019-03-30,17,Gas,0.9959801262600089,818
2019-03-30,17,Wind,0.004019873739991018,0
2019-03-30,18,Gas,0.9969703476268813,818
2019-03-30,18,Wind,0.003029652373118775,0
2019-03-30,19,Gas,0.9959298667621516,828
2019-03-30,19,Wind,0.004070133237848578,0
2019-03-30,20,Gas,0.9961779857553191,841
2019-03-30,20,Wind,0.003822014244681051,0
2019-03-30,21,Gas,0.7471425595244071,811
2019-03-30,21,Pumped Storage,0.249047519841469,0
2019-03-30,21,Wind,0.0038099206341240042,0
2019-03-30,22,Gas,0.996291934264623,805
2019-03-30,22,Wind,0.0037080657353770544,0
2019-03-30,23,Gas,0.9955198843790917,808
2019-03-30,23,Wind,0.004480115620908368,0
2019-03-31,0,Gas,0.6638931397078597,849
2019-03-31,0,Pumped Storage Demand,0.33162253460693364,0
2019-03-31,0,Wind,0.004484325685206656,0
2019-03-31,1,Gas,0.9946298967149414,858
2019-03-31,1,Wind,0.005370103285058527,0
2019-03-31,2,Gas,0.6632156305795941,851
2019-03-31,2,Hydro,0.23782586938431707,0
2019-03-31,2,Wind,0.09895850003608897,0
2019-03-31,3,Gas,0.8289840651599868,849
2019-03-31,3,Pumped Storage Demand,0.16579681303199736,0
2019-03-31,3,Wind,0.005219121808015869,0
2019-03-31,4,Gas,0.523213407580082,872
2019-03-31,4,Hydro,0.12964652175970834,0
2019-03-31,4,Wind,0.34714007066020974,0
2019-03-31,5,Gas,0.6633409698957881,861
2019-03-31,5,Hydro,0.0017384657203688494,0
2019-03-31,5,Pumped Storage Demand,0.16575785963023396,0
2019-03-31,5,Wind,0.16916270475360912,0
2019-03-31,6,Gas,0.828759517609185,866
2019-03-31,6,Hydro,0.1680609972350244,0
2019-03-31,6,Wind,0.0031794851557907476,0
2019-03-31,7,Gas,0.1663607944725973,806
2019-03-31,7,Hydro,0.1677372193459096,0
2019-03-31,7,Pumped Storage Demand,0.6645239859854584,0
2019-03-31,7,Wind,0.0013780001960348425,0
2019-03-31,8,Gas,0.4990512576843926,842
2019-03-31,8,Pumped Storage Demand,0.4990512576843927,0
2019-03-31,8,Wind,0.0018974846312146494,0
2019-03-31,9,Gas,0.2578673723910848,991
2019-03-31,9,Hydro,0.39698774276145526,0
2019-03-31,9,Wind,0.34514488484746014,0
2019-03-31,10,Gas,0.9148787409836959,850
2019-03-31,10,Hydro,0.01041666666666667,0
2019-03-31,10,Wind,0.07470459234963778,0
2019-03-31,11,Gas,0.5405315163393704,826
2019-03-31,11,Other,0.08318515090322369,2044
2019-03-31,11,Pumped Storage,0.33274060361289476,0
2019-03-31,11,Wind,0.04354272914451113,0
2019-03-31,12,Gas,0.1663782816767311,866
2019-03-31,12,Pumped Storage,0.5823239858685588,0
2019-03-31,12,Wind,0.2512977324547102,0
2019-03-31,13,Other,0.41593663787717333,2048
2019-03-31,13,Pumped Storage,0.24956198272630398,0
2019-03-31,13,Wind,0.33450137939652275,0
2019-03-31,14,Gas,0.45752988585668264,834
2019-03-31,14,Other,0.12478087796091346,2044
2019-03-31,14,Pumped Storage,0.4159362598697115,0
2019-03-31,14,Wind,0.0017529763126924813,0
2019-03-31,15,Demand Response,0.08318600300622722,0
2019-03-31,15,Gas,0.8720241447839843,896
2019-03-31,15,Hydro,0.0011786426168489046,0
2019-03-31,15,Other,0.04159300150311361,2044
2019-03-31,15,Wind,0.002018208089826046,0
2019-03-31,16,Gas,0.49900112210697745,1006
2019-03-31,16,Pumped Storage,0.49842178470439386,0
2019-03-31,16,Wind,0.0025770931886287558,0
2019-03-31,17,Gas,0.4969044042965792,834
2019-03-31,17,Pumped Storage,0.4969044042965791,0
2019-03-31,17,Wind,0.006191191406841695,0
2019-03-31,18,Gas,0.7041186835688082,915
2019-03-31,18,Pumped Storage,0.2899312226459798,0
2019-03-31,18,Wind,0.005950093785211967,0
2019-03-31,19,Gas,0.41453210396345297,823
2019-03-31,19,Pumped Storage,0.5805114743963552,0
2019-03-31,19,Wind,0.004956421640191724,0
2019-03-31,20,Gas,0.45833333333333326,910
2019-03-31,20,Pumped Storage,0.5409878953134922,0
2019-03-31,20,Wind,0.0006787713531745135,0
2019-03-31,21,Gas,0.33292070552961933,819
2019-03-31,21,Pumped Storage,0.5830582481308574,0
2019-03-31,21,Wind,0.08402104633952334,0
2019-03-31,22,Gas,0.8739024693501843,831
2019-03-31,22,Other,0.08320421208041383,2044
2019-03-31,22,Wind,0.04289331856940191,0
2019-03-31,23,Gas,0.9985271460498545,805
2019-03-31,23,Wind,0.0014728539501454232,0
2019-04-01,0,Gas,0.9983972412450546,805
2019-04-01,0,Wind,0.0016027587549454307,0
2019-04-01,1,Gas,0.6650039130968799,831
2019-04-01,1,Pumped Storage Demand,0.3316387281202334,0
2019-04-01,1,Wind,0.0033573587828866105,0
2019-04-01,2,Gas,0.33196096009625886,876
2019-04-01,2,Pumped Storage Demand,0.6640452917156925,0
2019-04-01,2,Wind,0.003993748188048623,0
2019-04-01,3,Gas,0.9975615462706806,810
2019-04-01,3,Hydro,0.00047477855608963655,0
2019-04-01,3,Wind,0.0019636751732296986,0
2019-04-01,4,Gas,0.9967471270038686,805
2019-04-01,4,Hydro,0.001623715235482793,0
2019-04-01,4,Wind,0.0016291577606487371,0
2019-04-01,5,Gas,0.24888258453757256,805
2019-04-01,5,Hydro,0.0025785640891888666,0
2019-04-01,5,Pumped Storage Demand,0.7443817045219973,0
2019-04-01,5,Wind,0.004157146851241387,0
2019-04-01,6,Gas,0.579537675361821,833
2019-04-01,6,Hydro,0.0009929288992769686,0
2019-04-01,6,Other,0.0009929288992769686,3240
2019-04-01,6,Pumped Storage,0.33059699797859654,0
2019-04-01,6,Pumped Storage Demand,0.08264924949464914,0
2019-04-01,6,Wind,0.005230219366379688,0
2019-04-01,7,Gas,0.5424353289159979,843
2019-04-01,7,Other,0.2468137223568082,2044
2019-04-01,7,Pumped Storage,0.20567810196400682,0
2019-04-01,7,Wind,0.005072846763186913,0
2019-04-01,8,Gas,0.665821084446721,864
2019-04-01,8,Hydro,0.0010462684368273561,0
2019-04-01,8,Wind,0.33313264711645146,0
2019-04-01,9,Gas,0.9958954358573437,843
2019-04-01,9,Hydro,0.0010255806296985783,0
2019-04-01,9,Wind,0.003078983512957581,0
2019-04-01,10,Gas,0.9935463463215701,821
2019-04-01,10,Hydro,0.0030301600720091036,0
2019-04-01,10,Wind,0.003423493606420599,0
2019-04-01,11,Gas,0.9920171951252914,857
2019-04-01,11,Hydro,0.005289604695052526,0
2019-04-01,11,Wind,0.002693200179656106,0
2019-04-01,12,Gas,0.9926750779664508,825
2019-04-01,12,Hydro,0.004717679544013534,0
2019-04-01,12,Wind,0.00260724248953568,0
2019-04-01,13,Gas,0.4970207078473183,851
2019-04-01,13,Hydro,0.004384403999280008,0
2019-04-01,13,Wind,0.49859488815340164,0
2019-04-01,14,Gas,0.8274879224493163,856
2019-04-01,14,Hydro,0.004579386843077666,0
2019-04-01,14,Wind,0.16793269070760597,0
2019-04-01,15,Gas,0.41348343579418545,859
2019-04-01,15,Hydro,0.17081620926154797,0
2019-04-01,15,Wind,0.4157003549442665,0
2019-04-01,16,Gas,0.9923160110437843,840
2019-04-01,16,Hydro,0.004887237431501614,0
2019-04-01,16,Wind,0.002796751524714016,0
2019-04-01,17,Gas,0.9950871947869487,827
2019-04-01,17,Hydro,0.003083414566457699,0
2019-04-01,17,Wind,0.0018293906465934636,0
2019-04-01,18,Gas,0.7500534367802374,866
2019-04-01,18,Hydro,0.0005684643101782975,0
2019-04-01,18,Pumped Storage,0.08319121725578878,0
2019-04-01,18,Wind,0.16618688165379572,0
2019-04-01,19,Gas,0.6681443103886814,863
2019-04-01,19,Hydro,0.0015795053229982455,0
2019-04-01,19,Pumped Storage,0.33013259289532043,0
2019-04-01,19,Wind,0.0001435913929998405,0
2019-04-01,20,Gas,0.3793020575839667,850
2019-04-01,20,Hydro,0.0011139903032215113,0
2019-04-01,20,Pumped Storage,0.6190269569612012,0
2019-04-01,20,Wind,0.0005569951516107555,0
2019-04-01,21,Gas,0.8332753349817279,858
2019-04-01,21,Other,0.08253378282491551,2044
2019-04-01,21,Pumped Storage,0.08253378282491551,0
2019-04-01,21,Wind,0.0016570993684412603,0
2019-04-01,22,Gas,0.8310772263521358,852
2019-04-01,22,Hydro,0.0008271157323438059,0
2019-04-01,22,Wind,0.1680956579155206,0
2019-04-01,23,Gas,0.8709862201265512,836
2019-04-01,23,Hydro,0.00022055282082499925,0
2019-04-01,23,Other,0.08272145221355223,4012
2019-04-01,23,Wind,0.046071774839071634,0
2019-04-02,0,Gas,0.9961428023914529,805
2019-04-02,0,Wind,0.003857197608547065,0
2019-04-02,1,Gas,0.9979721250133633,820
2019-04-02,1,Wind,0.0020278749866366355,0
2019-04-02,2,Gas,0.9983490660737732,819
2019-04-02,2,Wind,0.001650933926226818,0
2019-04-02,3,Gas,0.9982336082428623,840
2019-04-02,3,Wind,0.0017663917571376776,0
2019-04-02,4,Gas,0.99827711018021,831
2019-04-02,4,Wind,0.0017228898197898354,0
2019-04-02,5,Gas,0.8319030213160439,846
2019-04-02,5,Pumped Storage,0.16638060426320875,0
2019-04-02,5,Wind,0.001716374420747396,0
2019-04-02,6,Gas,0.4991345164559136,868
2019-04-02,6,Pumped Storage,0.4991345164559136,0
2019-04-02,6,Wind,0.001730967088172602,0
2019-04-02,7,Gas,0.8324854959564145,995
2019-04-02,7,Pumped Storage,0.16666666666666666,0
2019-04-02,7,Wind,0.0008478373769187909,0
2019-04-02,8,Gas,0.16666666666666666,896
2019-04-02,8,Pumped Storage,0.8333333333333333,0
2019-04-02,9,Gas,0.625,845
2019-04-02,9,Other,0.041666666666666664,2048
2019-04-02,9,Pumped Storage,0.3333333333333333,0
2019-04-02,10,Gas,0.9999999999999998,826
2019-04-02,11,Gas,1.0,830
2019-04-02,12,Gas,1.0,821
2019-04-02,13,Gas,1.0,840
2019-04-02,14,Gas,0.99877401406993,821
2019-04-02,14,Wind,0.0012259859300699798,0
2019-04-02,15,Gas,0.9973650969042421,834
2019-04-02,15,Wind,0.0026349030957577104,0
2019-04-02,16,Gas,0.9971678529253865,887
2019-04-02,16,Wind,0.0028321470746135997,0
2019-04-02,17,Gas,0.6673089155201748,851
2019-04-02,17,Pumped Storage,0.32908775848924365,0
2019-04-02,17,Wind,0.0036033259905815128,0
2019-04-02,18,Gas,0.419535300556564,838
2019-04-02,18,Pumped Storage,0.5767813610394713,0
2019-04-02,18,Wind,0.003683338403964474,0
2019-04-02,19,Gas,0.25490586687015004,856
2019-04-02,19,Pumped Storage,0.7417598831490816,0
2019-04-02,19,Wind,0.0033342499807683,0
2019-04-02,20,Gas,0.1724432664642737,824
2019-04-02,20,Pumped Storage,0.8241688261593356,0
2019-04-02,20,Wind,0.0033879073763905592,0
2019-04-02,21,Gas,0.2961206778558221,870
2019-04-02,21,Other,0.04120346066641199,2048
2019-04-02,21,Pumped Storage,0.6592553706625919,0
2019-04-02,21,Wind,0.0034204908151741413,0
2019-04-02,22,Gas,0.9965475281149083,862
2019-04-02,22,Wind,0.003452471885091555,0
2019-04-02,23,Gas,0.9965990473521243,817
2019-04-02,23,Wind,0.003400952647875665,0
2019-04-03,0,Gas,0.9982997707644328,835
2019-04-03,0,Wind,0.001700229235567214,0
2019-04-03,1,Gas,0.9993976408202067,844
2019-04-03,1,Wind,0.0006023591797932174,0
2019-04-03,2,Gas,0.9964099993051947,873
2019-04-03,2,Wind,0.003590000694805378,0
2019-04-03,3,Gas,0.9965725096901478,838
2019-04-03,3,Wind,0.003427490309852167,0
2019-04-03,4,Gas,0.9982193003653381,831
2019-04-03,4,Wind,0.0017806996346618597,0
2019-04-03,5,Gas,0.503439031057511,842
2019-04-03,5,Pumped Storage Demand,0.4943772694081957,0
2019-04-03,5,Wind,0.002183699534293143,0
2019-04-03,6,Gas,0.1728527761349503,926
2019-04-03,6,Pumped Storage,0.8271472238650496,0
2019-04-03,7,Gas,0.42105750312016843,1035
2019-04-03,7,Pumped Storage,0.5789424968798316,0
2019-04-03,8,Gas,0.2556725434422035,1440
2019-04-03,8,Pumped Storage,0.7443274565577963,0
2019-04-03,9,Gas,0.17343817461299543,853
2019-04-03,9,Pumped Storage,0.8265618253870046,0
2019-04-03,10,Gas,0.8333333333333334,838
2019-04-03,10,Oil,0.16666666666666669,1279
2019-04-03,11,Gas,1.0,840
2019-04-03,12,Gas,0.9999999999999998,821
2019-04-03,13,Gas,0.9999999999999998,840
2019-04-03,14,Gas,0.5022308355648231,860
2019-04-03,14,Hydro,9.178663741393247e-05,0
2019-04-03,14,Pumped Storage Demand,0.24895533263301442,0
2019-04-03,14,Wind,0.2487220451647486,0
2019-04-03,15,Gas,0.9954100763602758,858
2019-04-03,15,Hydro,0.0011802881970047856,0
2019-04-03,15,Wind,0.0034096354427194356,0
2019-04-03,16,Gas,0.9953532740388287,836
2019-04-03,16,Hydro,0.00116379262886623,0
2019-04-03,16,Wind,0.0034829333323052112,0
2019-04-03,17,Gas,0.913170006751762,846
2019-04-03,17,Hydro,0.0007714171573846771,0
2019-04-03,17,Pumped Storage,0.08221907306318374,0
2019-04-03,17,Wind,0.003839503027669539,0
2019-04-03,18,Gas,0.254498008454409,892
2019-04-03,18,Hydro,0.0008981808670643904,0
2019-04-03,18,Pumped Storage,0.7407484211510967,0
2019-04-03,18,Wind,0.0038553895274301645,0
2019-04-03,19,Gas,0.29550809795476973,887
2019-04-03,19,Hydro,0.000956970241451859,0
2019-04-03,19,Pumped Storage,0.6988174934931483,0
2019-04-03,19,Wind,0.0047174383106303305,0
2019-04-03,20,Gas,0.08979552513935525,827
2019-04-03,20,Hydro,0.0009217337861129194,0
2019-04-03,20,Pumped Storage,0.9039480721459149,0
2019-04-03,20,Wind,0.005334668928617048,0
2019-04-03,21,Gas,0.829934577765643,859
2019-04-03,21,Hydro,0.001061148689891708,0
2019-04-03,21,Pumped Storage,0.16430838012093388,0
2019-04-03,21,Wind,0.004695893423531426,0
2019-04-03,22,Gas,0.9939179492877063,923
2019-04-03,22,Hydro,0.0008686680047558934,0
2019-04-03,22,Wind,0.005213382707537881,0
2019-04-03,23,Gas,0.993881921338617,822
2019-04-03,23,Hydro,0.0018529054182134833,0
2019-04-03,23,Wind,0.00426517324316967,0
2019-04-04,0,Gas,0.9113406394284365,855
2019-04-04,0,Hydro,0.002167006870979674,0
2019-04-04,0,Pumped Storage Demand,0.08282251749348048,0
2019-04-04,0,Wind,0.0036698362071034972,0
2019-04-04,1,Gas,0.9938816255435419,817
2019-04-04,1,Hydro,0.0026069480425300368,0
2019-04-04,1,Wind,0.003511426413928146,0
2019-04-04,2,Gas,0.993846554837066,859
2019-04-04,2,Hydro,0.0015327656889030246,0
2019-04-04,2,Import,0.0002960328914070968,0
2019-04-04,2,Wind,0.004324646582623914,0
2019-04-04,3,Gas,0.9947294739527346,840
2019-04-04,3,Hydro,0.0016176264061283853,0
2019-04-04,3,Wind,0.003652899641136905,0
2019-04-04,4,Gas,0.24842193796283643,820
2019-04-04,4,Hydro,0.0008867295451459068,0
2019-04-04,4,Pumped Storage Demand,0.7452658138885093,0
2019-04-04,4,Wind,0.005425518603508399,0
2019-04-04,5,Gas,0.33115749889826407,843
2019-04-04,5,Hydro,0.0009420226625301638,0
2019-04-04,5,Pumped Storage,0.331157498898264,0
2019-04-04,5,Pumped Storage Demand,0.331157498898264,0
2019-04-04,5,Wind,0.005585480642677792,0
2019-04-04,6,Gas,0.5106041683424379,1038
2019-04-04,6,Hydro,0.0009963289830278155,0
2019-04-04,6,Pumped Storage,0.48300394302663047,0
2019-04-04,6,Wind,0.0053955596479036815,0
2019-04-04,7,Gas,0.49679024278489475,1024
2019-04-04,7,Hydro,0.001041296077480096,0
2019-04-04,7,Pumped Storage,0.49679024278489475,0
2019-04-04,7,Wind,0.005378218352730461,0
2019-04-04,8,Gas,0.9116714287452574,858
2019-04-04,8,Hydro,0.0009413500474741475,0
2019-04-04,8,Pumped Storage,0.08281387419234769,0
2019-04-04,8,Wind,0.00457334701492067,0
2019-04-04,9,Gas,0.9943104798907997,900
2019-04-04,9,Hydro,0.0005817952378504301,0
2019-04-04,9,Other,0.00029089761892521504,3398
2019-04-04,9,Wind,0.004816827252424714,0
2019-04-04,10,Gas,0.9952207255866259,839
2019-04-04,10,Hydro,0.00010128981355343706,0
2019-04-04,10,Other,0.0005064490677671853,3398
2019-04-04,10,Wind,0.004171535532053758,0
2019-04-04,11,Gas,0.9941995775629983,843
2019-04-04,11,Hydro,0.0008280469830916903,0
2019-04-04,11,Wind,0.004972375453910235,0
2019-04-04,12,Gas,0.9938786954356894,858
2019-04-04,12,Hydro,0.0009829117548508248,0
2019-04-04,12,Other,0.00019658235097016498,3398
2019-04-04,12,Wind,0.004941810458489674,0
2019-04-04,13,Gas,0.9952202627233253,876
2019-04-04,13,Hydro,0.000298368956186726,0
2019-04-04,13,Other,0.0003978252749156347,3398
2019-04-04,13,Wind,0.004083543045572322,0
2019-04-04,14,Gas,0.995116448955964,825
2019-04-04,14,Hydro,0.0005997404958864728,0
2019-04-04,14,Wind,0.004283810548149521,0
2019-04-04,15,Gas,0.24915429014219584,821
2019-04-04,15,Hydro,0.0012058838913618672,0
2019-04-04,15,Wind,0.7496398259664423,0
2019-04-04,16,Gas,0.8306350732851141,821
2019-04-04,16,Hydro,0.0011795256103786199,0
2019-04-04,16,Pumped Storage Demand,0.16612701465702284,0
2019-04-04,16,Wind,0.002058386447484459,0
2019-04-04,17,Gas,0.7483296663405293,876
2019-04-04,17,Hydro,0.0010380142763771953,0
2019-04-04,17,Pumped Storage,0.16414632516280192,0
2019-04-04,17,Pumped Storage Demand,0.08308318164126789,0
2019-04-04,17,Wind,0.003402812579023618,0
2019-04-04,18,Gas,0.7884787840579576,877
2019-04-04,18,Hydro,0.000972406040903852,0
2019-04-04,18,Pumped Storage,0.20537015999150804,0
2019-04-04,18,Wind,0.005178649909630465,0
2019-04-04,19,Gas,0.08281016671068381,1135
2019-04-04,19,Hydro,0.0009390875432963532,0
2019-04-04,19,Other,0.33124066684273523,2045
2019-04-04,19,Pumped Storage,0.5796711669747866,0
2019-04-04,19,Wind,0.005338911928498116,0
2019-04-04,20,Gas,0.24846972213992152,1182
2019-04-04,20,Hydro,0.0009743214672290658,0
2019-04-04,20,Pumped Storage,0.7454091664197644,0
2019-04-04,20,Wind,0.005146789973085107,0
2019-04-04,21,Gas,0.45555535525376206,917
2019-04-04,21,Hydro,0.0009290399451645342,0
2019-04-04,21,Pumped Storage,0.5383836016635369,0
2019-04-04,21,Wind,0.005132003137536457,0
2019-04-04,22,Gas,0.9117503393993425,871
2019-04-04,22,Hydro,0.000921130580738637,0
2019-04-04,22,Pumped Storage,0.0828104459939826,0
2019-04-04,22,Wind,0.004518084025936331,0
2019-04-04,23,Gas,0.6625299649224843,1063
2019-04-04,23,Hydro,0.000840485947840295,0
2019-04-04,23,Pumped Storage,0.33126498246124214,0
2019-04-04,23,Wind,0.005364566668433297,0
2019-04-05,0,Gas,0.9937795277294982,969
2019-04-05,0,Hydro,0.0009164888492810769,0
2019-04-05,0,Wind,0.00530398342122068,0
2019-04-05,1,Gas,0.9940320132752394,814
2019-04-05,1,Hydro,0.00028199891645392484,0
2019-04-05,1,Other,0.0004229983746808873,3240
2019-04-05,1,Wind,0.0052629894336258375,0
2019-04-05,2,Gas,0.9972707858727854,878
2019-04-05,2,Hydro,7.210113913802312e-05,0
2019-04-05,2,Wind,0.002657112988076577,0
2019-04-05,3,Gas,0.9980612108631598,840
2019-04-05,3,Wind,0.0019387891368402108,0
2019-04-05,4,Gas,0.8315912891247538,851
2019-04-05,4,Other,0.08315912891247537,2048
2019-04-05,4,Pumped Storage Demand,0.08315912891247537,0
2019-04-05,4,Wind,0.0020904530502954917,0
2019-04-05,5,Gas,0.7899648878437325,956
2019-04-05,5,Other,0.12473129808058935,2047
2019-04-05,5,Pumped Storage,0.0831541987203929,0
2019-04-05,5,Wind,0.0021496153552852653,0
2019-04-05,6,Gas,0.33299047355628064,1003
2019-04-05,6,Pumped Storage,0.6661523770010875,0
2019-04-05,6,Wind,0.0008571494426317508,0
2019-04-05,7,Gas,0.4166666666666667,932
2019-04-05,7,Pumped Storage,0.5833333333333333,0
2019-04-05,8,Gas,0.25,883
2019-04-05,8,Pumped Storage,0.7499999999999999,0
2019-04-05,9,Gas,0.9999999999999996,881
2019-04-05,10,Gas,1.0,889
2019-04-05,11,Gas,1.0,876
2019-04-05,12,Gas,1.0,887
2019-04-05,13,Gas,0.9999999999999998,869
2019-04-05,14,Gas,0.6666666666666667,876
2019-04-05,14,Pumped Storage Demand,0.33333333333333337,0
2019-04-05,15,Gas,1.0,877
2019-04-05,16,Gas,0.75,905
2019-04-05,16,Pumped Storage Demand,0.25,0
2019-04-05,17,Gas,1.0,881
2019-04-05,18,Gas,1.0,882
2019-04-05,19,Gas,0.833050646076501,889
2019-04-05,19,Pumped Storage,0.16666666666666669,0
2019-04-05,19,Wind,0.0002826872568324035,0
2019-04-05,20,Gas,0.33213590422724437,887
2019-04-05,20,Pumped Storage,0.6642718084544887,0
2019-04-05,20,Wind,0.0035922873182669015,0
2019-04-05,21,Gas,0.539787360303072,886
2019-04-05,21,Pumped Storage,0.4567431510256762,0
2019-04-05,21,Wind,0.003469488671251747,0
2019-04-05,22,Gas,0.9543462296746208,884
2019-04-05,22,Pumped Storage,0.041524137394230234,0
2019-04-05,22,Wind,0.004129632931149041,0
2019-04-05,23,Gas,0.41486173992244224,866
2019-04-05,23,Pumped Storage,0.5809732025962178,0
2019-04-05,23,Wind,0.004165057481340014,0
2019-04-06,0,Demand Response,0.16636222831168038,0
2019-04-06,0,Gas,0.3601794047435004,818
2019-04-06,0,Pumped Storage,0.47135964688309434,0
2019-04-06,0,Wind,0.002098720061724849,0
2019-04-06,1,Demand Response,0.08318001522936372,0
2019-04-06,1,Gas,0.49946955116483516,874
2019-04-06,1,Hydro,0.041666666666666664,0
2019-04-06,1,Other,7.049452325600277e-05,3240
2019-04-06,1,Pumped Storage,0.3748466818960304,0
2019-04-06,1,Wind,0.0007665905198481112,0
2019-04-06,2,Gas,0.9996352060560412,983
2019-04-06,2,Hydro,0.00021887636637529112,0
2019-04-06,2,Other,0.0001459175775835274,3240
2019-04-06,3,Gas,0.9907940797716264,931
2019-04-06,3,Hydro,0.0002983794569500896,0
2019-04-06,3,Wind,0.008907540771423668,0
2019-04-06,4,Gas,0.9918812387572443,1072
2019-04-06,4,Other,0.0001974625303213877,3240
2019-04-06,4,Wind,0.007921298712434193,0
2019-04-06,5,Gas,0.6663754274965896,1226
2019-04-06,5,Other,0.00029123917007705383,3240
2019-04-06,5,Pumped Storage,0.33333333333333337,0
2019-04-06,6,Gas,0.3333333333333333,1202
2019-04-06,6,Pumped Storage,0.6666666666666666,0
2019-04-06,7,Pumped Storage,1.0,0
2019-04-06,8,Gas,0.33333333333333337,1226
2019-04-06,8,Pumped Storage,0.6666666666666666,0
2019-04-06,9,Gas,1.0,1182
2019-04-06,10,Gas,0.33333333333333337,978
2019-04-06,10,Pumped Storage,0.5,0
2019-04-06,10,Wind,0.16666666666666669,0
2019-04-06,11,Gas,0.9999999999999999,841
2019-04-06,12,Gas,0.5833333333333334,852
2019-04-06,12,Pumped Storage Demand,0.4166666666666666,0
2019-04-06,13,Gas,0.16666666666666666,858
2019-04-06,13,Pumped Storage Demand,0.8333333333333334,0
2019-04-06,14,Gas,0.41666666666666663,838
2019-04-06,14,Pumped Storage Demand,0.5833333333333334,0
2019-04-06,15,Gas,1.0,847
2019-04-06,16,Gas,0.7481730740431712,841
2019-04-06,16,Hydro,0.0007544525485492518,0
2019-04-06,16,Pumped Storage Demand,0.24971708029429404,0
2019-04-06,16,Wind,0.001355393113985438,0
2019-04-06,17,Gas,0.9166666666666666,845
2019-04-06,17,Hydro,9.022700668584757e-05,0
2019-04-06,17,Pumped Storage Demand,0.08324310632664748,0
2019-04-06,18,Gas,0.24951756110865014,805
2019-04-06,18,Pumped Storage,0.5822076425868503,0
2019-04-06,18,Wind,0.16827479630449957,0
2019-04-06,19,Gas,0.6654065228144654,979
2019-04-06,19,Pumped Storage,0.3327032614072327,0
2019-04-06,19,Wind,0.0018902157783017575,0
2019-04-06,20,Gas,0.9980867844115623,1128
2019-04-06,20,Wind,0.0019132155884377486,0
2019-04-06,21,Gas,0.6654763749059206,1229
2019-04-06,21,Pumped Storage,0.3327381874529603,0
2019-04-06,21,Wind,0.001785437641118947,0
2019-04-06,22,Gas,0.9149314513800472,885
2019-04-06,22,Pumped Storage,0.0831755864890952,0
2019-04-06,22,Wind,0.0018929621308576114,0
2019-04-06,23,Gas,0.734815225082046,870
2019-04-06,23,Pumped Storage,0.20796657313642813,0
2019-04-06,23,Wind,0.057218201781525736,0
2019-04-07,0,Gas,0.8317493848598104,912
2019-04-07,0,Pumped Storage Demand,0.16634987697196207,0
2019-04-07,0,Wind,0.0019007381682276444,0
2019-04-07,1,Gas,0.8316462337558768,846
2019-04-07,1,Pumped Storage Demand,0.16632924675117536,0
2019-04-07,1,Wind,0.002024519492947993,0
2019-04-07,2,Gas,0.9901065538761458,837
2019-04-07,2,Wind,0.00989344612385422,0
2019-04-07,3,Gas,0.9980566704530691,854
2019-04-07,3,Wind,0.0019433295469310284,0
2019-04-07,4,Gas,0.3327219254321373,858
2019-04-07,4,Pumped Storage Demand,0.6654438508642746,0
2019-04-07,4,Wind,0.0018342237035880642,0
2019-04-07,5,Gas,0.2495524420453977,845
2019-04-07,5,Other,0.1663682946969318,2048
2019-04-07,5,Pumped Storage Demand,0.0831841473484659,0
2019-04-07,5,Wind,0.5008951159092044,0
2019-04-07,6,Gas,0.9150126974456287,856
2019-04-07,6,Other,0.08318297249505716,2048
2019-04-07,6,Wind,0.0018043300593141177,0
2019-04-07,7,Gas,0.9980071076111882,854
2019-04-07,7,Wind,0.0019928923888118282,0
2019-04-07,8,Gas,0.9994873739856842,865
2019-04-07,8,Wind,0.000512626014315781,0
2019-04-07,9,Gas,0.5833333333333333,814
2019-04-07,9,Pumped Storage,0.16666666666666666,0
2019-04-07,9,Wind,0.25,0
2019-04-07,10,Gas,0.5416666666666667,867
2019-04-07,10,Pumped Storage,0.4583333333333333,0
2019-04-07,11,Gas,0.9986121298322441,931
2019-04-07,11,Wind,0.0013878701677559337,0
2019-04-07,12,Gas,0.9978644891994738,805
2019-04-07,12,Wind,0.0021355108005261052,0
2019-04-07,13,Gas,0.3326553369016694,827
2019-04-07,13,Pumped Storage Demand,0.6653106738033387,0
2019-04-07,13,Wind,0.002033989294992022,0
2019-04-07,14,Gas,0.9148525001581438,859
2019-04-07,14,Pumped Storage Demand,0.0831684091052858,0
2019-04-07,14,Wind,0.00197909073657032,0
2019-04-07,15,Gas,0.5822020561094853,854
2019-04-07,15,Pumped Storage Demand,0.4158586115067752,0
2019-04-07,15,Wind,0.0019393323837395243,0
2019-04-07,16,Gas,0.9149188801365387,837
2019-04-07,16,Pumped Storage Demand,0.08317444364877624,0
2019-04-07,16,Wind,0.0019066762146850893,0
2019-04-07,17,Gas,0.3327082937760593,885
2019-04-07,17,Pumped Storage,0.5822395141081038,0
2019-04-07,17,Pumped Storage Demand,0.08317707344401483,0
2019-04-07,17,Wind,0.0018751186718220332,0
2019-04-07,18,Gas,0.499378883444201,891
2019-04-07,18,Pumped Storage,0.5,0
2019-04-07,18,Wind,0.0006211165557990623,0
2019-04-07,19,Gas,0.5833333333333333,1042
2019-04-07,19,Pumped Storage,0.4166666666666667,0
2019-04-07,20,Gas,0.6666666666666666,933
2019-04-07,20,Other,0.16666666666666666,2048
2019-04-07,20,Pumped Storage,0.16666666666666666,0
2019-04-07,21,Gas,0.9041810511993122,867
2019-04-07,21,Hydro,0.00908044761262126,0
2019-04-07,21,Pumped Storage,0.08333333333333336,0
2019-04-07,21,Wind,0.003405167854732971,0
2019-04-07,22,Gas,0.9999999999999999,938
2019-04-07,23,Gas,1.0,838
2019-04-08,0,Gas,1.0,830
2019-04-08,1,Gas,0.9166666666666665,822
2019-04-08,1,Pumped Storage Demand,0.08333333333333333,0
2019-04-08,2,Gas,1.0,856
2019-04-08,3,Gas,1.0,824
2019-04-08,4,Gas,0.08333333333333331,845
2019-04-08,4,Pumped Storage Demand,0.9166666666666666,0
2019-04-08,5,Gas,0.75,813
2019-04-08,5,Pumped Storage Demand,0.25,0
2019-04-08,6,Gas,0.9999999999999998,933
2019-04-08,7,Gas,0.9970458456756024,877
2019-04-08,7,Wind,0.002954154324397829,0
2019-04-08,8,Gas,0.9133291015595882,922
2019-04-08,8,Pumped Storage,0.08302991832359893,0
2019-04-08,8,Wind,0.0036409801168129333,0
2019-04-08,9,Gas,0.7474464605936726,969
2019-04-08,9,Pumped Storage,0.08304960673263029,0
2019-04-08,9,Wind,0.16950393267369723,0
2019-04-08,10,Gas,0.6644315895508948,974
2019-04-08,10,Pumped Storage,0.3322157947754474,0
2019-04-08,10,Wind,0.0033526156736579083,0
2019-04-08,11,Gas,0.415235566496336,1166
2019-04-08,11,Pumped Storage,0.5833333333333335,0
2019-04-08,11,Wind,0.0014311001703306596,0
2019-04-08,12,Gas,0.25,901
2019-04-08,12,Pumped Storage,0.75,0
2019-04-08,13,Gas,0.9166666666666667,903
2019-04-08,13,Pumped Storage,0.08333333333333334,0
2019-04-08,14,Gas,1.0,914
2019-04-08,15,Gas,1.0,995
2019-04-08,16,Gas,0.9999999999999999,1052
2019-04-08,17,Gas,1.0,994
2019-04-08,18,Gas,1.0,1038
2019-04-08,19,Gas,0.41666666666666663,1224
2019-04-08,19,Pumped Storage,0.5833333333333333,0
2019-04-08,20,Gas,0.7500000000000001,1223
2019-04-08,20,Pumped Storage,0.25,0
2019-04-08,21,Gas,0.9999999999999999,935
2019-04-08,22,Gas,1.0,1079
2019-04-08,23,Gas,0.9166666666666666,958
2019-04-08,23,Pumped Storage Demand,0.08333333333333333,0
2019-04-09,0,Demand Response,0.41666666666666663,0
2019-04-09,0,Gas,0.5833333333333334,1116
2019-04-09,1,Gas,1.0,921
2019-04-09,2,Gas,1.0,1065
2019-04-09,3,Gas,1.0,1145
2019-04-09,4,Gas,0.7500000000000001,1188
2019-04-09,4,Pumped Storage Demand,0.25,0
2019-04-09,5,Gas,0.75,911
2019-04-09,5,Pumped Storage Demand,0.25,0
2019-04-09,6,Gas,0.5833333333333333,959
2019-04-09,6,Pumped Storage,0.41666666666666663,0
2019-04-09,7,Gas,0.3333333333333333,920
2019-04-09,7,Pumped Storage,0.6666666666666666,0
2019-04-09,8,Pumped Storage,1.0,0
2019-04-09,9,Gas,0.33333333333333326,889
2019-04-09,9,Pumped Storage,0.6666666666666666,0
2019-04-09,10,Gas,0.6666666666666666,1118
2019-04-09,10,Pumped Storage,0.33333333333333337,0
2019-04-09,11,Gas,1.0,885
2019-04-09,12,Gas,1.0000000000000002,855
2019-04-09,13,Gas,0.33333333333333326,864
2019-04-09,13,Pumped Storage,0.6666666666666667,0
2019-04-09,14,Gas,0.5833333333333333,911
2019-04-09,14,Pumped Storage,0.4166666666666667,0
2019-04-09,15,Gas,0.9999999999999999,904
2019-04-09,16,Gas,0.5833333333333333,873
2019-04-09,16,Pumped Storage,0.41666666666666663,0
2019-04-09,17,Gas,0.41666666666666663,1158
2019-04-09,17,Pumped Storage,0.5833333333333334,0
2019-04-09,18,Gas,0.08333333333333333,845
2019-04-09,18,Pumped Storage,0.9166666666666666,0
2019-04-09,19,Gas,0.6666666666666667,1195
2019-04-09,19,Pumped Storage,0.33333333333333337,0
2019-04-09,20,Demand Response,0.25,0
2019-04-09,20,Gas,0.5833333333333333,1059
2019-04-09,20,Pumped Storage,0.16666666666666666,0
2019-04-09,21,Demand Response,0.16666666666666666,0
2019-04-09,21,Gas,0.75,874
2019-04-09,21,Pumped Storage,0.08333333333333333,0
2019-04-09,22,Gas,0.8333333333333335,896
2019-04-09,22,Pumped Storage Demand,0.16666666666666669,0
2019-04-09,23,Gas,0.25,945
2019-04-09,23,Pumped Storage Demand,0.75,0
2019-04-10,0,Gas,0.3333333333333333,1022
2019-04-10,0,Pumped Storage Demand,0.6666666666666666,0
2019-04-10,1,Gas,0.9166666666666665,884
2019-04-10,1,Pumped Storage Demand,0.08333333333333333,0
2019-04-10,2,Gas,0.25,902
2019-04-10,2,Pumped Storage Demand,0.7499999999999999,0
2019-04-10,3,Pumped Storage Demand,1.0,0
2019-04-10,4,Gas,0.9166666666666667,1083
2019-04-10,4,Pumped Storage Demand,0.08333333333333334,0
2019-04-10,5,Gas,1.0,922
2019-04-10,6,Gas,0.41666666666666663,1098
2019-04-10,6,Pumped Storage,0.5833333333333334,0
2019-04-10,7,Gas,0.49999999999999994,965
2019-04-10,7,Pumped Storage,0.5,0
2019-04-10,8,Gas,0.3333333333333333,1233
2019-04-10,8,Pumped Storage,0.6666666666666666,0
2019-04-10,9,Gas,0.25,986
2019-04-10,9,Pumped Storage,0.75,0
2019-04-10,10,Gas,0.6666666666666667,876
2019-04-10,10,Pumped Storage,0.33333333333333326,0
2019-04-10,11,Gas,1.0,905
2019-04-10,12,Gas,0.5833333333333334,867
2019-04-10,12,Pumped Storage Demand,0.41666666666666674,0
2019-04-10,13,Gas,0.75,863
2019-04-10,13,Pumped Storage Demand,0.25,0
2019-04-10,14,Gas,1.0,854
2019-04-10,15,Gas,0.9999999999999999,848
2019-04-10,16,Gas,1.0,857
2019-04-10,17,Gas,1.0,887
2019-04-10,18,Gas,0.5,918
2019-04-10,18,Other,0.08333333333333333,2048
2019-04-10,18,Pumped Storage,0.41666666666666663,0
2019-04-10,19,Gas,0.6666666666666666,909
2019-04-10,19,Pumped Storage,0.3333333333333333,0
2019-04-10,20,Gas,0.6666666666666666,1037
2019-04-10,20,Pumped Storage,0.3333333333333333,0
2019-04-10,21,Gas,0.6666666666666666,909
2019-04-10,21,Pumped Storage,0.3333333333333333,0
2019-04-10,22,Gas,0.8333333333333334,883
2019-04-10,22,Pumped Storage Demand,0.16666666666666669,0
2019-04-10,23,Gas,0.9166666666666667,903
2019-04-10,23,Pumped Storage Demand,0.08333333333333334,0
2019-04-11,0,Gas,0.6666666666666666,869
2019-04-11,0,Pumped Storage Demand,0.3333333333333333,0
2019-04-11,1,Gas,1.0,908
2019-04-11,2,Gas,1.0,855
2019-04-11,3,Gas,1.0,909
2019-04-11,4,Gas,0.5833333333333334,829
2019-04-11,4,Pumped Storage Demand,0.4166666666666667,0
2019-04-11,5,Gas,0.25,866
2019-04-11,5,Pumped Storage Demand,0.75,0
2019-04-11,6,Gas,1.0000000000000002,964
2019-04-11,7,Gas,0.41666666666666674,1002
2019-04-11,7,Pumped Storage,0.5833333333333334,0
2019-04-11,8,Gas,0.75,870
2019-04-11,8,Wind,0.25,0
2019-04-11,9,Gas,0.9166666666666666,899
2019-04-11,9,Wind,0.08333333333333333,0
2019-04-11,10,Gas,0.9999999999999999,974
2019-04-11,11,Gas,1.0,969
2019-04-11,12,Gas,0.9166666666666666,897
2019-04-11,12,Pumped Storage Demand,0.08333333333333333,0
2019-04-11,13,Gas,0.9166666666666666,922
2019-04-11,13,Pumped Storage Demand,0.08333333333333333,0
2019-04-11,14,Gas,0.75,911
2019-04-11,14,Pumped Storage Demand,0.25,0
2019-04-11,15,Gas,0.916666666666667,910
2019-04-11,15,Other,0.08333333333333334,3600
2019-04-11,16,Gas,0.8333333333333334,942
2019-04-11,16,Other,0.08333333333333334,3600
2019-04-11,16,Pumped Storage,0.08333333333333334,0
2019-04-11,17,Gas,0.41666666666666663,899
2019-04-11,17,Pumped Storage,0.5833333333333334,0
2019-04-11,18,Gas,0.6666666666666667,1140
2019-04-11,18,Pumped Storage,0.33333333333333337,0
2019-04-11,19,Pumped Storage,1.0,0
2019-04-11,20,Gas,0.6666666666666667,1198
2019-04-11,20,Pumped Storage,0.33333333333333337,0
2019-04-11,21,Gas,0.75,1044
2019-04-11,21,Pumped Storage,0.25,0
2019-04-11,22,Gas,1.0,946
2019-04-11,23,Gas,1.0,925
2019-04-12,0,Gas,0.5,870
2019-04-12,0,Pumped Storage Demand,0.49999999999999994,0
2019-04-12,1,Gas,1.0,916
2019-04-12,2,Gas,1.0,911
2019-04-12,3,Gas,1.0,847
2019-04-12,4,Gas,1.0,834
2019-04-12,5,Gas,0.9999999999999999,880
2019-04-12,6,Gas,0.5,869
2019-04-12,6,Pumped Storage,0.5000000000000001,0
2019-04-12,7,Gas,0.5833333333333334,870
2019-04-12,7,Pumped Storage,0.4166666666666667,0
2019-04-12,8,Pumped Storage,1.0,0
2019-04-12,9,Pumped Storage,1.0,0
2019-04-12,10,Gas,0.41598135764114663,930
2019-04-12,10,Pumped Storage,0.5826480243078132,0
2019-04-12,10,Wind,0.0013706180510401757,0
2019-04-12,11,Gas,0.374156444737038,879
2019-04-12,11,Pumped Storage,0.6235940745617301,0
2019-04-12,11,Wind,0.0022494807012318737,0
2019-04-12,12,Gas,0.9977726808849346,876
2019-04-12,12,Wind,0.002227319115065292,0
2019-04-12,13,Gas,0.9979366455858012,898
2019-04-12,13,Wind,0.002063354414199108,0
2019-04-12,14,Gas,0.9978492342295224,885
2019-04-12,14,Wind,0.002150765770477679,0
2019-04-12,15,Gas,0.9975827063106315,891
2019-04-12,15,Wind,0.0024172936893685753,0
2019-04-12,16,Gas,0.9975792135565238,886
2019-04-12,16,Wind,0.0024207864434762642,0
2019-04-12,17,Gas,0.9970983701274552,890
2019-04-12,17,Wind,0.002901629872544785,0
2019-04-12,18,Gas,0.9967794907193986,941
2019-04-12,18,Wind,0.003220509280601258,0
2019-04-12,19,Gas,0.4568855863557519,1053
2019-04-12,19,Pumped Storage,0.5399556929658886,0
2019-04-12,19,Wind,0.0031587206783595884,0
2019-04-12,20,Gas,0.664430737854616,849
2019-04-12,20,Pumped Storage,0.3322153689273081,0
2019-04-12,20,Wind,0.0033538932180757442,0
2019-04-12,21,Gas,0.41528678831488497,870
2019-04-12,21,Pumped Storage,0.5814015036408389,0
2019-04-12,21,Wind,0.0033117080442761626,0
2019-04-12,22,Gas,0.9968377741628079,831
2019-04-12,22,Wind,0.0031622258371920013,0
2019-04-12,23,Gas,0.9968892984479211,1070
2019-04-12,23,Wind,0.0031107015520788557,0
2019-04-13,0,Demand Response,0.08308820825387099,0
2019-04-13,0,Gas,0.581617457777097,1002
2019-04-13,0,Pumped Storage Demand,0.33235283301548396,0
2019-04-13,0,Wind,0.0029415009535480856,0
2019-04-13,1,Gas,0.24926600049746986,840
2019-04-13,1,Pumped Storage Demand,0.7477980014924095,0
2019-04-13,1,Wind,0.0029359980101206044,0
2019-04-13,2,Pumped Storage Demand,0.6666666666666667,0
2019-04-13,2,Wind,0.3333333333333332,0
2019-04-13,3,Gas,0.75,855
2019-04-13,3,Wind,0.25,0
2019-04-13,4,Gas,0.7482621699915675,851
2019-04-13,4,Pumped Storage Demand,0.24913108499578376,0
2019-04-13,4,Wind,0.0026067450126487706,0
2019-04-13,5,Gas,0.2491803147360339,858
2019-04-13,5,Pumped Storage Demand,0.7475409442081017,0
2019-04-13,5,Wind,0.0032787410558644337,0
2019-04-13,6,Gas,0.6551977539276538,950
2019-04-13,6,Hydro,0.008159910734791566,0
2019-04-13,6,Pumped Storage Demand,0.33226168309799364,0
2019-04-13,6,Wind,0.004380652239561086,0
2019-04-13,7,Gas,0.9143809958554027,932
2019-04-13,7,Hydro,0.08333333333333333,0
2019-04-13,7,Wind,0.0022856708112640243,0
2019-04-13,8,Gas,0.997136668409401,1154
2019-04-13,8,Wind,0.0028633315905988942,0
2019-04-13,9,Gas,0.12463057038686874,866
2019-04-13,9,Pumped Storage,0.8724139927080813,0
2019-04-13,9,Wind,0.002955436905050093,0
2019-04-13,10,Gas,0.16666666666666666,1252
2019-04-13,10,Pumped Storage,0.8319254119956603,0
2019-04-13,10,Wind,0.0014079213376731604,0
2019-04-13,11,Gas,0.08333333333333333,1252
2019-04-13,11,Pumped Storage,0.9166666666666665,0
2019-04-13,12,Gas,0.41666666666666663,856
2019-04-13,12,Pumped Storage,0.5833333333333334,0
2019-04-13,13,Gas,1.0,851
2019-04-13,14,Gas,0.7497114463722743,840
2019-04-13,14,Pumped Storage Demand,0.2498557231861371,0
2019-04-13,14,Wind,0.00043283044158872174,0
2019-04-13,15,Pumped Storage Demand,0.9977448599537565,0
2019-04-13,15,Wind,0.002255140046243483,0
2019-04-13,16,Gas,0.4987326408020969,851
2019-04-13,16,Pumped Storage Demand,0.49873264080209695,0
2019-04-13,16,Wind,0.0025347183958062142,0
2019-04-13,17,Gas,0.9139952045690297,856
2019-04-13,17,Pumped Storage Demand,0.08309047314263907,0
2019-04-13,17,Wind,0.0029143222883312165,0
2019-04-13,18,Gas,0.9829094475796433,853
2019-04-13,18,Hydro,0.0011598636020345805,0
2019-04-13,18,Wind,0.015930688818322103,0
2019-04-13,19,Gas,0.5734114810315611,1019
2019-04-13,19,Hydro,0.0022957693396465522,0
2019-04-13,19,Pumped Storage,0.4095796293082579,0
2019-04-13,19,Wind,0.014713120320534573,0
2019-04-13,20,Gas,0.9830140362868107,869
2019-04-13,20,Wind,0.01698596371318921,0
2019-04-13,21,Gas,0.8194726350315126,907
2019-04-13,21,Hydro,0.0033400087863690196,0
2019-04-13,21,Pumped Storage,0.16389452700630253,0
2019-04-13,21,Wind,0.013292829175816034,0
2019-04-13,22,Gas,0.5737954444472632,916
2019-04-13,22,Hydro,0.005444827490227819,0
2019-04-13,22,Pumped Storage,0.40985388889090224,0
2019-04-13,22,Wind,0.010905839171606896,0
2019-04-13,23,Gas,0.9839378021580686,836
2019-04-13,23,Hydro,0.001078136791025425,0
2019-04-13,23,Wind,0.014984061050905965,0
2019-04-14,0,Gas,0.9956985289447358,846
2019-04-14,0,Wind,0.004301471055264505,0
2019-04-14,1,Gas,0.7464621604697876,850
2019-04-14,1,Pumped Storage Demand,0.24882072015659584,0
2019-04-14,1,Wind,0.004717119373616668,0
2019-04-14,2,Gas,0.6633684981257613,855
2019-04-14,2,Pumped Storage Demand,0.33168424906288063,0
2019-04-14,2,Wind,0.004947252811358218,0
2019-04-14,3,Gas,0.9120845753511776,847
2019-04-14,3,Pumped Storage Demand,0.08291677957737979,0
2019-04-14,3,Wind,0.004998645071442561,0
2019-04-14,4,Gas,0.9950871182965784,841
2019-04-14,4,Wind,0.00491288170342175,0
2019-04-14,5,Gas,0.9954170844461692,834
2019-04-14,5,Wind,0.004582915553830711,0
2019-04-14,6,Gas,0.9968291513485638,823
2019-04-14,6,Wind,0.0031708486514361632,0
2019-04-14,7,Gas,0.8308381170730462,848
2019-04-14,7,Hydro,0.0008196612398995839,0
2019-04-14,7,Wind,0.1683422216870542,0
2019-04-14,8,Gas,0.8333333333333334,846
2019-04-14,8,Pumped Storage Demand,0.08333333333333334,0
2019-04-14,8,Wind,0.08333333333333334,0
2019-04-14,9,Gas,0.9999999999999999,835
2019-04-14,10,Gas,1.0,816
2019-04-14,11,Gas,0.9999999999999999,853
2019-04-14,12,Gas,1.0,856
2019-04-14,13,Gas,1.0,805
2019-04-14,14,Gas,0.9999999999999999,833
2019-04-14,15,Gas,1.0,849
2019-04-14,16,Gas,1.0,865
2019-04-14,17,Gas,0.9999999999999999,876
2019-04-14,18,Gas,0.8333333333333333,902
2019-04-14,18,Pumped Storage,0.16666666666666666,0
2019-04-14,19,Gas,0.75,937
2019-04-14,19,Pumped Storage,0.25,0
2019-04-14,20,Gas,0.08333333333333333,882
2019-04-14,20,Pumped Storage,0.9166666666666667,0
2019-04-14,21,Gas,0.4165006420874965,926
2019-04-14,21,Other,0.00016602457917014267,3240
2019-04-14,21,Pumped Storage,0.5833333333333334,0
2019-04-14,22,Gas,0.91659192444485,977
2019-04-14,22,Other,7.474222181662176e-05,3240
2019-04-14,22,Wind,0.08333333333333333,0
2019-04-14,23,Gas,0.1665978616406727,882
2019-04-14,23,Pumped Storage Demand,0.5822520441832443,0
2019-04-14,23,Wind,0.25115009417608297,0
2019-04-15,0,Gas,0.9158586431581113,846
2019-04-15,0,Hydro,0.0008080235085552021,0
2019-04-15,0,Pumped Storage Demand,0.08325987665073739,0
2019-04-15,0,Wind,7.345668259592745e-05,0
2019-04-15,1,Gas,0.9990706488292274,805
2019-04-15,1,Hydro,0.00023233779269314663,0
2019-04-15,1,Wind,0.0006970133780794398,0
2019-04-15,2,Gas,0.9990522747647695,816
2019-04-15,2,Wind,0.0009477252352304532,0
2019-04-15,3,Gas,0.496366429633993,805
2019-04-15,3,Hydro,0.08536183061083318,0
2019-04-15,3,Other,0.16545547654466436,3503
2019-04-15,3,Wind,0.2528162632105095,0
2019-04-15,4,Gas,0.991885477685421,805
2019-04-15,4,Hydro,0.0018457226797020353,0
2019-04-15,4,Wind,0.00626879963487688,0
2019-04-15,5,Gas,0.9989240868440226,822
2019-04-15,5,Hydro,8.210109385078543e-05,0
2019-04-15,5,Wind,0.000993812062126861,0
2019-04-15,6,Gas,0.9879092237400041,925
2019-04-15,6,Wind,0.012090776259995913,0
2019-04-15,7,Gas,0.985745216615305,895
2019-04-15,7,Other,0.001091381852890711,4018
2019-04-15,7,Wind,0.013163401531804288,0
2019-04-15,8,Gas,0.915593308659782,871
2019-04-15,8,Pumped Storage,0.08323575533270744,0
2019-04-15,8,Wind,0.0011709360075107399,0
2019-04-15,9,Gas,0.9155378741410172,909
2019-04-15,9,Hydro,0.0005130875116587981,0
2019-04-15,9,Pumped Storage,0.08323071583100157,0
2019-04-15,9,Wind,0.0007183225163223174,0
2019-04-15,10,Gas,0.7490433985538816,858
2019-04-15,10,Pumped Storage,0.2496811328512939,0
2019-04-15,10,Wind,0.00127546859482426,0
2019-04-15,11,Gas,0.9898659509999309,898
2019-04-15,11,Hydro,0.006186483401204959,0
2019-04-15,11,Wind,0.0039475655988641155,0
2019-04-15,12,Gas,0.995426933092253,976
2019-04-15,12,Hydro,0.0016179564205771658,0
2019-04-15,12,Wind,0.0029551104871698647,0
2019-04-15,13,Gas,0.9996844502305413,950
2019-04-15,13,Wind,0.0003155497694588262,0
2019-04-15,14,Gas,0.999096307086376,966
2019-04-15,14,Wind,0.0009036929136239407,0
2019-04-15,15,Gas,0.9163758003939334,980
2019-04-15,15,Wind,0.0836241996060668,0
2019-04-15,16,Gas,0.9996581319227934,858
2019-04-15,16,Hydro,0.0002564010579049162,0
2019-04-15,16,Other,8.546701930163872e-05,3398
2019-04-15,17,Gas,0.9987917352370008,898
2019-04-15,17,Hydro,0.00025410269668116786,0
2019-04-15,17,Wind,0.0009541620663177466,0
2019-04-15,18,Gas,0.6659500491717084,991
2019-04-15,18,Hydro,0.0003005106237611248,0
2019-04-15,18,Pumped Storage,0.3318249706874763,0
2019-04-15,18,Wind,0.001924469517054283,0
2019-04-15,19,Gas,0.9159766326044394,901
2019-04-15,19,Hydro,0.00022369809053438585,0
2019-04-15,19,Pumped Storage,0.08295554248008616,0
2019-04-15,19,Wind,0.0008441268249401052,0
2019-04-15,20,Gas,0.748667935186729,929
2019-04-15,20,Hydro,0.0011348539410094163,0
2019-04-15,20,Wind,0.25019721087226154,0
2019-04-15,21,Gas,0.99829139848538,849
2019-04-15,21,Hydro,0.0008258732234872111,0
2019-04-15,21,Wind,0.0008827282911327214,0
2019-04-15,22,Gas,0.9977014869230653,831
2019-04-15,22,Hydro,0.0008091256552595277,0
2019-04-15,22,Wind,0.0014893874216753004,0
2019-04-15,23,Gas,0.9977435110685615,837
2019-04-15,23,Hydro,0.0008032011860419672,0
2019-04-15,23,Wind,0.0014532877453964038,0
2019-04-16,0,Gas,0.9977895463473364,838
2019-04-16,0,Hydro,0.0005057272886571842,0
2019-04-16,0,Wind,0.0017047263640065124,0
2019-04-16,1,Gas,0.9976260149709473,820
2019-04-16,1,Hydro,0.0003404156131787019,0
2019-04-16,1,Wind,0.0020335694158741813,0
2019-04-16,2,Gas,0.9976147686656113,805
2019-04-16,2,Hydro,0.0008218607346601878,0
2019-04-16,2,Wind,0.0015633705997285014,0
2019-04-16,3,Gas,0.8314332648041105,826
2019-04-16,3,Hydro,0.0008271785573016707,0
2019-04-16,3,Pumped Storage Demand,0.1662866529608221,0
2019-04-16,3,Wind,0.0014529036777657287,0
2019-04-16,4,Gas,0.9975097396800692,813
2019-04-16,4,Hydro,0.0008285152406295944,0
2019-04-16,4,Wind,0.001661745079301329,0
2019-04-16,5,Gas,0.6233396393803625,830
2019-04-16,5,Hydro,0.0008900245148303704,0
2019-04-16,5,Pumped Storage,0.2908918317108359,0
2019-04-16,5,Wind,0.0848785043939713,0
2019-04-16,6,Gas,0.24933360580870825,970
2019-04-16,6,Hydro,0.000980064477316562,0
2019-04-16,6,Pumped Storage,0.7480008174261247,0
2019-04-16,6,Wind,0.0016855122878504688,0
2019-04-16,7,Gas,0.6648558738364637,1125
2019-04-16,7,Hydro,0.001042924773542844,0
2019-04-16,7,Pumped Storage,0.33242793691823186,0
2019-04-16,7,Wind,0.0016732644717615938,0
2019-04-16,8,Gas,0.16636788217996631,895
2019-04-16,8,Hydro,0.0006459854130748929,0
2019-04-16,8,Other,0.24955182326994946,2049
2019-04-16,8,Pumped Storage,0.5816416022168073,0
2019-04-16,8,Wind,0.0017927069202022694,0
2019-04-16,9,Gas,0.9970474854327597,851
2019-04-16,9,Hydro,0.0010430752117954,0
2019-04-16,9,Wind,0.0019094393554447667,0
2019-04-16,10,Gas,0.9974811057627104,833
2019-04-16,10,Hydro,0.000384771242487141,0
2019-04-16,10,Other,9.619281062178525e-05,3398
2019-04-16,10,Wind,0.002037930184180713,0
2019-04-16,11,Gas,0.9140641578206313,821
2019-04-16,11,Hydro,0.0008884075131187908,0
2019-04-16,11,Pumped Storage Demand,0.08306982018026592,0
2019-04-16,11,Wind,0.001977614485984015,0
2019-04-16,12,Gas,0.8313784571239182,831
2019-04-16,12,Hydro,0.0003977218484796587,0
2019-04-16,12,Pumped Storage Demand,0.1661166026853918,0
2019-04-16,12,Wind,0.002107218342210339,0
2019-04-16,13,Gas,0.9977746210642965,821
2019-04-16,13,Other,0.0002015357147410743,3398
2019-04-16,13,Wind,0.002023843220962447,0
2019-04-16,14,Gas,0.9981427021651331,821
2019-04-16,14,Wind,0.0018572978348669763,0
2019-04-16,15,Gas,0.9974374359383937,833
2019-04-16,15,Hydro,0.00047306218285885615,0
2019-04-16,15,Wind,0.002089501878747398,0
2019-04-16,16,Gas,0.9979460388560918,861
2019-04-16,16,Hydro,0.00010043753571445572,0
2019-04-16,16,Wind,0.0019535236081935467,0
2019-04-16,17,Gas,0.4990408156021784,856
2019-04-16,17,Pumped Storage,0.4990408156021784,0
2019-04-16,17,Wind,0.0019183687956433125,0
2019-04-16,18,Gas,0.2495416077752439,879
2019-04-16,18,Pumped Storage,0.7486248233257318,0
2019-04-16,18,Wind,0.001833568899024397,0
2019-04-16,19,Gas,0.16636925091472168,1104
2019-04-16,19,Pumped Storage,0.8318462545736083,0
2019-04-16,19,Wind,0.0017844945116699364,0
2019-04-16,20,Pumped Storage,0.9982367430982564,0
2019-04-16,20,Wind,0.0017632569017436166,0
2019-04-16,21,Gas,0.2498482467538899,879
2019-04-16,21,Pumped Storage,0.7490894805233392,0
2019-04-16,21,Wind,0.0010622727227710062,0
2019-04-16,22,Gas,0.908349015250204,866
2019-04-16,22,Wind,0.09165098474979617,0
2019-04-16,23,Gas,0.9977389070075298,846
2019-04-16,23,Wind,0.0022610929924703114,0
2019-04-17,0,Gas,1.0,825
2019-04-17,1,Gas,0.5,805
2019-04-17,1,Pumped Storage Demand,0.5,0
2019-04-17,2,Gas,0.75,820
2019-04-17,2,Pumped Storage Demand,0.25000000000000006,0
2019-04-17,3,Gas,0.8333333333333333,805
2019-04-17,3,Pumped Storage Demand,0.16666666666666669,0
2019-04-17,4,Pumped Storage Demand,1.0,0
2019-04-17,5,Gas,0.41666666666666663,1120
2019-04-17,5,Pumped Storage,0.16666666666666666,0
2019-04-17,5,Pumped Storage Demand,0.4166666666666667,0
2019-04-17,6,Demand Response,0.16666666666666666,0
2019-04-17,6,Gas,0.25,858
2019-04-17,6,Pumped Storage,0.5833333333333334,0
2019-04-17,7,Demand Response,0.08333333333333333,0
2019-04-17,7,Gas,0.5833333333333333,850
2019-04-17,7,Pumped Storage,0.3333333333333333,0
2019-04-17,8,Gas,0.5833333333333333,902
2019-04-17,8,Pumped Storage,0.4166666666666667,0
2019-04-17,9,Gas,1.0,947
2019-04-17,10,Gas,0.8333333333333333,821
2019-04-17,10,Pumped Storage Demand,0.16666666666666663,0
2019-04-17,11,Gas,0.9998245134902456,821
2019-04-17,11,Wind,0.00017548650975434505,0
2019-04-17,12,Gas,1.0,834
2019-04-17,13,Gas,0.9999999999999999,830
2019-04-17,14,Gas,1.0,956
2019-04-17,15,Gas,0.6666666666666667,825
2019-04-17,15,Pumped Storage Demand,0.33333333333333337,0
2019-04-17,16,Gas,0.8333333333333335,920
2019-04-17,16,Pumped Storage Demand,0.16666666666666669,0
2019-04-17,17,Gas,0.9166666666666669,920
2019-04-17,17,Pumped Storage,0.08333333333333334,0
2019-04-17,18,Gas,0.6666666666666665,862
2019-04-17,18,Pumped Storage,0.3333333333333333,0
2019-04-17,19,Gas,0.5,879
2019-04-17,19,Pumped Storage,0.5,0
2019-04-17,20,Gas,0.4166666666666667,1248
2019-04-17,20,Pumped Storage,0.5833333333333335,0
2019-04-17,21,Gas,0.33333333333333337,1056
2019-04-17,21,Pumped Storage,0.6666666666666667,0
2019-04-17,22,Gas,0.25,857
2019-04-17,22,Pumped Storage,0.75,0
2019-04-17,23,Gas,0.5416666666666666,864
2019-04-17,23,Pumped Storage,0.45833333333333337,0
2019-04-18,0,Gas,1.0,849
2019-04-18,1,Gas,0.75,881
2019-04-18,1,Pumped Storage Demand,0.25000000000000006,0
2019-04-18,2,Gas,0.9991049945157475,883
2019-04-18,2,Wind,0.0008950054842522644,0
2019-04-18,3,Gas,0.9981420437873462,895
2019-04-18,3,Wind,0.0018579562126537993,0
2019-04-18,4,Gas,0.24910867018881894,894
2019-04-18,4,Pumped Storage Demand,0.7473260105664569,0
2019-04-18,4,Wind,0.003565319244724234,0
2019-04-18,5,Gas,0.7484235720808832,904
2019-04-18,5,Pumped Storage Demand,0.2490541432485299,0
2019-04-18,5,Wind,0.002522284670586995,0
2019-04-18,6,Gas,1.0,852
2019-04-18,7,Gas,0.49937730573912315,858
2019-04-18,7,Pumped Storage,0.4981319172173695,0
2019-04-18,7,Wind,0.002490777043507458,0
2019-04-18,8,Gas,0.7473568144049748,910
2019-04-18,8,Pumped Storage,0.24911893813499159,0
2019-04-18,8,Wind,0.00352424746003363,0
2019-04-18,9,Pumped Storage,0.9965177372498132,0
2019-04-18,9,Wind,0.0034822627501868357,0
2019-04-18,10,Pumped Storage,0.9964908748407901,0
2019-04-18,10,Wind,0.003509125159209774,0
2019-04-18,11,Gas,0.6644956470325576,991
2019-04-18,11,Pumped Storage,0.33224782351627885,0
2019-04-18,11,Wind,0.0032565294511636544,0
2019-04-18,12,Gas,0.5811748528385353,870
2019-04-18,12,Other,0.00025872898705312506,3398
2019-04-18,12,Pumped Storage,0.4153097013039918,0
2019-04-18,12,Wind,0.0032567168704196936,0
2019-04-18,13,Gas,0.6640938142233375,845
2019-04-18,13,Hydro,0.0006061252805193396,0
2019-04-18,13,Pumped Storage,0.33210204591879444,0
2019-04-18,13,Wind,0.003198014577348862,0
2019-04-18,14,Gas,0.6631679478871844,882
2019-04-18,14,Hydro,0.00034584670013262,0
2019-04-18,14,Pumped Storage,0.3317568972936586,0
2019-04-18,14,Wind,0.004729308119024355,0
2019-04-18,15,Gas,0.952937267758779,859
2019-04-18,15,Hydro,0.0005717891424605305,0
2019-04-18,15,Pumped Storage,0.041456915517445195,0
2019-04-18,15,Wind,0.005034027581315624,0
2019-04-18,16,Gas,0.8291071133338535,851
2019-04-18,16,Pumped Storage,0.16582142266677075,0
2019-04-18,16,Wind,0.005071463999375701,0
2019-04-18,17,Pumped Storage,0.6636989800160127,0
2019-04-18,17,Wind,0.33630101998398726,0
2019-04-18,18,Gas,0.08306251129265027,837
2019-04-18,18,Pumped Storage,0.9135429620459409,0
2019-04-18,18,Wind,0.0033945266614088215,0
2019-04-18,19,Gas,0.9128625556917211,942
2019-04-18,19,Pumped Storage,0.08304963929869372,0
2019-04-18,19,Wind,0.004087805009585169,0
2019-04-18,20,Gas,0.49605579432112973,922
2019-04-18,20,Pumped Storage,0.49790852270532376,0
2019-04-18,20,Wind,0.006035682973546469,0
2019-04-18,21,Gas,0.9839807962413928,875
2019-04-18,21,Wind,0.016019203758607155,0
2019-04-18,22,Gas,0.99541166830472,866
2019-04-18,22,Wind,0.004588331695279783,0
2019-04-18,23,Gas,0.3331967564748226,850
2019-04-18,23,Pumped Storage Demand,0.6661203592326236,0
2019-04-18,23,Wind,0.0006828842925537464,0
2019-04-19,0,Gas,0.8316711754734525,842
2019-04-19,0,Pumped Storage Demand,0.16639092153844046,0
2019-04-19,0,Wind,0.0019379029881072115,0
2019-04-19,1,Gas,0.41603328091434905,845
2019-04-19,1,Pumped Storage Demand,0.5824465932800887,0
2019-04-19,1,Wind,0.0015201258055623187,0
2019-04-19,2,Gas,0.9980013617221958,863
2019-04-19,2,Other,0.0004204339582621133,3240
2019-04-19,2,Wind,0.0015782043195419462,0
2019-04-19,3,Gas,0.33280312528539363,804
2019-04-19,3,Pumped Storage Demand,0.659755026041739,0
2019-04-19,3,Wind,0.007441848672867405,0
2019-04-19,4,Gas,0.1663647259381436,845
2019-04-19,4,Other,0.0002147084313606789,3240
2019-04-19,4,Pumped Storage Demand,0.8313919013607312,0
2019-04-19,4,Wind,0.002028664269764485,0
2019-04-19,5,Gas,0.08317964678602259,845
2019-04-19,5,Pumped Storage Demand,0.9149761146462486,0
2019-04-19,5,Wind,0.0018442385677288659,0
2019-04-19,6,Pumped Storage Demand,0.9981086194818145,0
2019-04-19,6,Wind,0.0018913805181854375,0
2019-04-19,7,Gas,0.08213121273952766,897
2019-04-19,7,Pumped Storage Demand,0.907620709198279,0
2019-04-19,7,Wind,0.010248078062193374,0
2019-04-19,8,Gas,0.1641960438298423,882
2019-04-19,8,Pumped Storage Demand,0.8317004504239379,0
2019-04-19,8,Wind,0.004103505746219735,0
2019-04-19,9,Gas,0.9994862932320163,856
2019-04-19,9,Wind,0.0005137067679838509,0
2019-04-19,10,Gas,0.8333333333333333,870
2019-04-19,10,Pumped Storage,0.16666666666666666,0
2019-04-19,11,Gas,0.9999999999999999,872
2019-04-19,12,Gas,1.0,873
2019-04-19,13,Gas,1.0,876
2019-04-19,14,Gas,0.16666666666666666,882
2019-04-19,14,Pumped Storage,0.8333333333333334,0
2019-04-19,15,Gas,1.0,864
2019-04-19,16,Gas,0.9999999999999999,878
2019-04-19,17,Gas,0.625,1064
2019-04-19,17,Pumped Storage,0.375,0
2019-04-19,18,Gas,0.5833333333333333,835
2019-04-19,18,Pumped Storage,0.41666666666666663,0
2019-04-19,19,Gas,0.125,882
2019-04-19,19,Pumped Storage,0.8750000000000001,0
2019-04-19,20,Gas,0.20833333333333331,1141
2019-04-19,20,Pumped Storage,0.7916666666666666,0
2019-04-19,21,Gas,0.7499999999999998,902
2019-04-19,21,Pumped Storage,0.24999999999999994,0
2019-04-19,22,Gas,1.0,919
2019-04-19,23,Gas,1.0,957
2019-04-20,0,Gas,0.41666666666666663,1031
2019-04-20,0,Other,0.041666666666666664,2048
2019-04-20,0,Pumped Storage,0.5416666666666666,0
2019-04-20,1,Gas,0.5833333333333334,843
2019-04-20,1,Pumped Storage Demand,0.4166666666666667,0
2019-04-20,2,Gas,0.5763591448775978,829
2019-04-20,2,Pumped Storage Demand,0.412681416120532,0
2019-04-20,2,Wind,0.010959439001870238,0
2019-04-20,3,Gas,0.75,826
2019-04-20,3,Pumped Storage Demand,0.25,0
2019-04-20,4,Gas,0.25,858
2019-04-20,4,Pumped Storage Demand,0.7500000000000001,0
2019-04-20,5,Gas,0.4166666666666667,858
2019-04-20,5,Pumped Storage Demand,0.5833333333333334,0
2019-04-20,6,Gas,0.999839396807378,897
2019-04-20,6,Other,0.00016060319262218537,3240
2019-04-20,7,Gas,0.749915856552503,959
2019-04-20,7,Hydro,0.0002524303424907449,0
2019-04-20,7,Other,8.414344749691498e-05,3240
2019-04-20,7,Pumped Storage,0.24974756965750922,0
2019-04-20,8,Gas,0.75,832
2019-04-20,8,Hydro,7.639210273823812e-05,0
2019-04-20,8,Pumped Storage,0.24992360789726178,0
2019-04-20,9,Gas,0.08333333333333333,1252
2019-04-20,9,Pumped Storage,0.9166666666666666,0
2019-04-20,10,Gas,0.1666666666666667,851
2019-04-20,10,Pumped Storage,0.8333333333333334,0
2019-04-20,11,Gas,0.25,711
2019-04-20,11,Pumped Storage,0.75,0
2019-04-20,12,Gas,0.16666666666666666,845
2019-04-20,12,Pumped Storage,0.8333333333333333,0
2019-04-20,13,Pumped Storage,1.0,0
2019-04-20,14,Gas,0.25,845
2019-04-20,14,Pumped Storage,0.7494227086944767,0
2019-04-20,14,Wind,0.000577291305523306,0
2019-04-20,15,Gas,0.16666666666666666,1233
2019-04-20,15,Pumped Storage,0.8333333333333333,0
2019-04-20,16,Gas,0.5,1222
2019-04-20,16,Pumped Storage,0.5,0
2019-04-20,17,Gas,0.5833333333333333,1149
2019-04-20,17,Pumped Storage,0.41666666666666663,0
2019-04-20,18,Gas,0.9988175546256655,1078
2019-04-20,18,Wind,0.0011824453743347367,0
2019-04-20,19,Demand Response,0.16606747565272242,0
2019-04-20,19,Gas,0.8306369737705842,1134
2019-04-20,19,Wind,0.003295550576693357,0
2019-04-20,20,Gas,0.9964181203450818,1055
2019-04-20,20,Wind,0.0035818796549182638,0
2019-04-20,21,Gas,0.8304198868639971,837
2019-04-20,21,Pumped Storage,0.16608397737279942,0
2019-04-20,21,Wind,0.003496135763203479,0
2019-04-20,22,Gas,0.9135422871136936,1089
2019-04-20,22,Pumped Storage,0.0830492988285176,0
2019-04-20,22,Wind,0.0034084140577889713,0
2019-04-20,23,Gas,0.9996516712203646,844
2019-04-20,23,Other,0.0003483287796354981,3240
2019-04-21,0,Gas,0.16660076670728746,851
2019-04-21,0,Hydro,0.00013179991875844513,0
2019-04-21,0,Other,6.589995937922256e-05,3240
2019-04-21,0,Pumped Storage Demand,0.8332015334145748,0
2019-04-21,1,Gas,1.0,861
2019-04-21,2,Gas,0.41666666666666663,851
2019-04-21,2,Pumped Storage Demand,0.5833333333333334,0
2019-04-21,3,Gas,0.5,856
2019-04-21,3,Pumped Storage Demand,0.5,0
2019-04-21,4,Gas,0.3333333333333333,855
2019-04-21,4,Pumped Storage Demand,0.6666666666666666,0
2019-04-21,5,Gas,0.0833333333333333,858
2019-04-21,5,Pumped Storage Demand,0.9155979874580882,0
2019-04-21,5,Wind,0.001068679208578427,0
2019-04-21,6,Gas,0.9166666666666667,886
2019-04-21,6,Pumped Storage Demand,0.08318564451032669,0
2019-04-21,6,Wind,0.0001476888230066729,0
2019-04-21,7,Gas,0.5833333333333334,812
2019-04-21,7,Pumped Storage Demand,0.33333333333333337,0
2019-04-21,7,Wind,0.08333333333333334,0
2019-04-21,8,Gas,1.0000000000000002,845
2019-04-21,9,Gas,0.4166666666666667,889
2019-04-21,9,Pumped Storage,0.33333333333333337,0
2019-04-21,9,Pumped Storage Demand,0.25,0
2019-04-21,10,Other,0.12499999999999994,2048
2019-04-21,10,Pumped Storage,0.875,0
2019-04-21,11,Gas,0.08333333333333333,845
2019-04-21,11,Other,0.08333333333333333,2048
2019-04-21,11,Pumped Storage,0.8333333333333334,0
2019-04-21,12,Gas,0.9166666666666665,858
2019-04-21,12,Pumped Storage,0.08333333333333334,0
2019-04-21,13,Gas,1.0,835
2019-04-21,14,Gas,1.0,812
2019-04-21,15,Gas,0.9999999999999999,882
2019-04-21,16,Gas,1.0,849
2019-04-21,17,Gas,1.0,831
2019-04-21,18,Gas,1.0,845
2019-04-21,19,Gas,0.5833333333333333,853
2019-04-21,19,Pumped Storage,0.4166666666666667,0
2019-04-21,20,Gas,0.9999999999999999,847
2019-04-21,21,Gas,0.5833333333333334,903
2019-04-21,21,Pumped Storage,0.4166666666666667,0
2019-04-21,22,Gas,1.0,833
2019-04-21,23,Gas,1.0,839
2019-04-22,0,Gas,0.5833333333333333,836
2019-04-22,0,Pumped Storage Demand,0.41666666666666663,0
2019-04-22,1,Gas,0.5833333333333335,857
2019-04-22,1,Pumped Storage Demand,0.4166666666666667,0
2019-04-22,2,Gas,0.9166666666666665,817
2019-04-22,2,Pumped Storage Demand,0.08333333333333333,0
2019-04-22,3,Gas,1.0,805
2019-04-22,4,Gas,1.0,818
2019-04-22,5,Gas,1.0,823
2019-04-22,6,Gas,1.0,847
2019-04-22,7,Gas,0.41666666666666663,896
2019-04-22,7,Pumped Storage,0.5833333333333334,0
2019-04-22,8,Gas,0.9999999999999998,924
2019-04-22,9,Gas,0.9999999999999999,878
2019-04-22,10,Gas,1.0000000000000002,885
2019-04-22,11,Gas,1.0,926
2019-04-22,12,Gas,0.33333333333333337,909
2019-04-22,12,Pumped Storage,0.6666666666666667,0
2019-04-22,13,Gas,0.24999999999999997,886
2019-04-22,13,Pumped Storage,0.7499999999999999,0
2019-04-22,14,Gas,0.16666666666666669,882
2019-04-22,14,Pumped Storage,0.8333333333333333,0
2019-04-22,15,Gas,0.6666666666666666,902
2019-04-22,15,Pumped Storage,0.3333333333333333,0
2019-04-22,16,Gas,0.24999999999999994,848
2019-04-22,16,Pumped Storage,0.75,0
2019-04-22,17,Gas,0.33333333333333337,1222
2019-04-22,17,Pumped Storage,0.6666666666666667,0
2019-04-22,18,Gas,0.08333333333333333,1279
2019-04-22,18,Pumped Storage,0.9166666666666667,0
2019-04-22,19,Gas,0.08333333333333333,986
2019-04-22,19,Pumped Storage,0.9166666666666667,0
2019-04-22,20,Gas,0.25000000000000006,1222
2019-04-22,20,Pumped Storage,0.7500000000000001,0
2019-04-22,21,Gas,0.9157891196695039,902
2019-04-22,21,Pumped Storage,0.08333333333333333,0
2019-04-22,21,Wind,0.0008775469971625448,0
2019-04-22,22,Gas,0.7488263478489533,918
2019-04-22,22,Pumped Storage,0.24960878261631778,0
2019-04-22,22,Wind,0.0015648695347290165,0
2019-04-22,23,Gas,0.9153539967801441,857
2019-04-22,23,Pumped Storage,0.08320206634468108,0
2019-04-22,23,Wind,0.001443936875174882,0
2019-04-23,0,Gas,0.9166666666666666,858
2019-04-23,0,Pumped Storage Demand,0.08319946764849626,0
2019-04-23,0,Wind,0.00013386568483706945,0
2019-04-23,1,Gas,0.08319198787787531,851
2019-04-23,1,Pumped Storage Demand,0.9151118666566281,0
2019-04-23,1,Wind,0.0016961454654965695,0
2019-04-23,2,Gas,0.9984820030780138,855
2019-04-23,2,Wind,0.001517996921986284,0
2019-04-23,3,Gas,0.16641011023529606,842
2019-04-23,3,Pumped Storage Demand,0.8320505511764805,0
2019-04-23,3,Wind,0.0015393385882232955,0
2019-04-23,4,Gas,0.0831976105625256,858
2019-04-23,4,Pumped Storage Demand,0.9151737161877818,0
2019-04-23,4,Wind,0.001628673249692581,0
2019-04-23,5,Gas,0.9150610738980105,848
2019-04-23,5,Pumped Storage Demand,0.08318737035436459,0
2019-04-23,5,Wind,0.001751555747624971,0
2019-04-23,6,Gas,0.7486146684582642,906
2019-04-23,6,Pumped Storage,0.0831794076064738,0
2019-04-23,6,Pumped Storage Demand,0.1663588152129476,0
2019-04-23,6,Wind,0.0018471087223142562,0
2019-04-23,7,Gas,0.4159637793752744,1033
2019-04-23,7,Other,0.08319275587505488,2048
2019-04-23,7,Pumped Storage,0.4991565352503294,0
2019-04-23,7,Wind,0.0016869294993412368,0
2019-04-23,8,Gas,0.9150192668428583,872
2019-04-23,8,Pumped Storage,0.08318356971298711,0
2019-04-23,8,Wind,0.0017971634441546595,0
2019-04-23,9,Gas,0.9998491852119469,889
2019-04-23,9,Wind,0.00015081478805301516,0
2019-04-23,10,Gas,1.0000000000000002,876
2019-04-23,11,Gas,0.9999999999999999,876
2019-04-23,12,Gas,0.9999999999999999,874
2019-04-23,13,Gas,0.9990018382056383,902
2019-04-23,13,Wind,0.0009981617943615798,0
2019-04-23,14,Gas,0.9983901447973712,868
2019-04-23,14,Wind,0.00160985520262853,0
2019-04-23,15,Gas,0.16666666666666669,876
2019-04-23,15,Pumped Storage Demand,0.8333333333333334,0
2019-04-23,16,Gas,1.0000000000000002,879
2019-04-23,17,Gas,0.7499999999999997,874
2019-04-23,17,Pumped Storage,0.24999999999999994,0
2019-04-23,18,Gas,0.3333333333333333,1336
2019-04-23,18,Pumped Storage,0.6666666666666666,0
2019-04-23,19,Gas,0.08333333333333334,937
2019-04-23,19,Pumped Storage,0.9166666666666666,0
2019-04-23,20,Gas,0.08333333333333334,895
2019-04-23,20,Pumped Storage,0.9166666666666667,0
2019-04-23,21,Gas,0.9166666666666667,920
2019-04-23,21,Pumped Storage,0.08333333333333334,0
2019-04-23,22,Gas,0.5833333333333333,892
2019-04-23,22,Pumped Storage Demand,0.4166666666666667,0
2019-04-23,23,Gas,0.5833333333333334,858
2019-04-23,23,Pumped Storage Demand,0.4166666666666667,0
2019-04-24,0,Gas,0.7894153391374826,861
2019-04-24,0,Pumped Storage Demand,0.16616637166018133,0
2019-04-24,0,Wind,0.04441828920233599,0
2019-04-24,1,Gas,0.08333333333333331,858
2019-04-24,1,Pumped Storage Demand,0.9158777855949289,0
2019-04-24,1,Wind,0.0007888810717377598,0
2019-04-24,2,Gas,0.9166666666666667,874
2019-04-24,2,Pumped Storage Demand,0.08333333333333334,0
2019-04-24,3,Gas,0.9999999999999998,867
2019-04-24,4,Gas,0.08333333333333334,858
2019-04-24,4,Pumped Storage Demand,0.9166666666666667,0
2019-04-24,5,Gas,0.25,858
2019-04-24,5,Pumped Storage Demand,0.7500000000000001,0
2019-04-24,6,Gas,0.7500000000000002,907
2019-04-24,6,Pumped Storage Demand,0.25000000000000006,0
2019-04-24,7,Gas,1.0,907
2019-04-24,8,Gas,1.0,891
2019-04-24,9,Gas,0.9999999999999999,881
2019-04-24,10,Gas,1.0,880
2019-04-24,11,Gas,1.0,887
2019-04-24,12,Gas,1.0,877
2019-04-24,13,Gas,1.0,943
2019-04-24,14,Gas,1.0,922
2019-04-24,15,Gas,1.0,983
2019-04-24,16,Gas,0.9999999999999998,886
2019-04-24,17,Gas,1.0,995
2019-04-24,18,Gas,0.5833333333333333,928
2019-04-24,18,Pumped Storage,0.4166666666666667,0
2019-04-24,19,Gas,0.6249999999999999,881
2019-04-24,19,Pumped Storage,0.37499999999999994,0
2019-04-24,20,Gas,0.4166666666666667,862
2019-04-24,20,Pumped Storage,0.5833333333333334,0
2019-04-24,21,Gas,0.7500000000000001,894
2019-04-24,21,Pumped Storage,0.25,0
2019-04-24,22,Gas,1.0,911
2019-04-24,23,Gas,1.0000000000000002,858
2019-04-25,0,Gas,1.0000000000000002,980
2019-04-25,1,Gas,1.0,897
2019-04-25,2,Gas,0.9999999999999999,860
2019-04-25,3,Gas,1.0,858
2019-04-25,4,Gas,0.25,858
2019-04-25,4,Pumped Storage Demand,0.75,0
2019-04-25,5,Gas,0.41666666666666663,876
2019-04-25,5,Pumped Storage Demand,0.5833333333333334,0
2019-04-25,6,Gas,0.41666666666666663,881
2019-04-25,6,Pumped Storage,0.5833333333333334,0
2019-04-25,7,Gas,0.49999999999999994,877
2019-04-25,7,Pumped Storage,0.5,0
2019-04-25,8,Gas,0.6666666666666667,875
2019-04-25,8,Pumped Storage,0.33333333333333337,0
2019-04-25,9,Gas,0.4166666666666666,894
2019-04-25,9,Pumped Storage Demand,0.5833333333333333,0
2019-04-25,10,Gas,0.7499999999999999,914
2019-04-25,10,Pumped Storage Demand,0.25,0
2019-04-25,11,Gas,0.8333333333333333,881
2019-04-25,11,Pumped Storage Demand,0.16666666666666666,0
2019-04-25,12,Gas,0.6666666666666665,895
2019-04-25,12,Pumped Storage Demand,0.3333333333333333,0
2019-04-25,13,Gas,0.75,926
2019-04-25,13,Pumped Storage Demand,0.25,0
2019-04-25,14,Gas,1.0000000000000002,968
2019-04-25,15,Gas,0.7500000000000001,864
2019-04-25,15,Pumped Storage Demand,0.24999999999999994,0
2019-04-25,16,Gas,1.0,958
2019-04-25,17,Gas,0.833333333333333,863
2019-04-25,17,Pumped Storage,0.16666666666666663,0
2019-04-25,18,Gas,1.0000000000000002,870
2019-04-25,19,Gas,0.33333333333333326,864
2019-04-25,19,Pumped Storage,0.6666666666666665,0
2019-04-25,20,Gas,0.5,863
2019-04-25,20,Pumped Storage,0.5,0
2019-04-25,21,Gas,0.9166666666666665,888
2019-04-25,21,Pumped Storage,0.08333333333333333,0
2019-04-25,22,Gas,1.0,864
2019-04-25,23,Gas,0.9999999999999999,838
2019-04-26,0,Gas,0.6666666666666667,844
2019-04-26,0,Pumped Storage Demand,0.33333333333333337,0
2019-04-26,1,Gas,0.5,842
2019-04-26,1,Pumped Storage Demand,0.5,0
2019-04-26,2,Gas,1.0,819
2019-04-26,3,Gas,1.0,805
2019-04-26,4,Gas,0.6666666666666666,822
2019-04-26,4,Pumped Storage Demand,0.3333333333333333,0
2019-04-26,5,Gas,0.9166666666666666,840
2019-04-26,5,Pumped Storage Demand,0.08333333333333333,0
2019-04-26,6,Gas,0.9999999999999999,851
2019-04-26,7,Gas,1.0,903
2019-04-26,8,Gas,0.7477330941584117,880
2019-04-26,8,Other,0.24902846892503352,2048
2019-04-26,8,Wind,0.003238436916554909,0
2019-04-26,9,Gas,0.7553997539504547,866
2019-04-26,9,Pumped Storage,0.2412785964437787,0
2019-04-26,9,Wind,0.003321649605766832,0
2019-04-26,10,Gas,0.4153674437601872,895
2019-04-26,10,Pumped Storage,0.581514421264262,0
2019-04-26,10,Wind,0.0031181349755508834,0
2019-04-26,11,Gas,0.2492292433462237,895
2019-04-26,11,Pumped Storage,0.7476877300386713,0
2019-04-26,11,Wind,0.0030830266151050775,0
2019-04-26,12,Gas,0.16599358667843245,895
2019-04-26,12,Hydro,0.0007011627984672145,0
2019-04-26,12,Pumped Storage,0.8303185147913957,0
2019-04-26,12,Wind,0.002986735731704664,0
2019-04-26,13,Gas,0.16600047632092665,889
2019-04-26,13,Hydro,0.0008922103560828128,0
2019-04-26,13,Pumped Storage,0.8300023816046332,0
2019-04-26,13,Wind,0.003104931718357328,0
2019-04-26,14,Gas,0.9131420336116891,846
2019-04-26,14,Hydro,0.0008919913413301164,0
2019-04-26,14,Pumped Storage,0.08301291214651725,0
2019-04-26,14,Wind,0.0029530629004635256,0
2019-04-26,15,Gas,0.3557611735289457,1082
2019-04-26,15,Hydro,0.00044923505590002005,0
2019-04-26,15,Other,0.00037436254658335,3398
2019-04-26,15,Pumped Storage,0.6403837578903221,0
2019-04-26,15,Wind,0.0030314709782487464,0
2019-04-26,16,Gas,0.9964087298800022,877
2019-04-26,16,Hydro,0.000531961264070979,0
2019-04-26,16,Other,7.599446629585416e-05,3398
2019-04-26,16,Wind,0.0029833143896309967,0
2019-04-26,17,Gas,0.7470194941666617,874
2019-04-26,17,Hydro,0.0006692222226897688,0
2019-04-26,17,Wind,0.25231128361064853,0
2019-04-26,18,Gas,0.9964526483153012,867
2019-04-26,18,Hydro,0.00044078987096852037,0
2019-04-26,18,Wind,0.0031065618137301903,0
2019-04-26,19,Gas,0.9973091818962212,894
2019-04-26,19,Hydro,6.718310794913487e-05,0
2019-04-26,19,Other,0.00013436621589826974,3398
2019-04-26,19,Wind,0.0024892687799315774,0
2019-04-26,20,Gas,0.9948030955941819,857
2019-04-26,20,Hydro,0.00037147850601738935,0
2019-04-26,20,Wind,0.00482542589980053,0
2019-04-26,21,Gas,0.9949861954874086,865
2019-04-26,21,Hydro,0.00021172546832040365,0
2019-04-26,21,Other,7.057515610680121e-05,3398
2019-04-26,21,Wind,0.004731503888163951,0
2019-04-26,22,Gas,0.8294557830953472,841
2019-04-26,22,Other,7.517352196369874e-05,3240
2019-04-26,22,Pumped Storage Demand,0.16590619132346218,0
2019-04-26,22,Wind,0.004562852059226851,0
2019-04-26,23,Gas,0.9146779670839376,817
2019-04-26,23,Pumped Storage Demand,0.08294267322008762,0
2019-04-26,23,Wind,0.0023793596959748664,0
2019-04-27,0,Gas,0.9966780540771562,829
2019-04-27,0,Wind,0.00332194592284388,0
2019-04-27,1,Gas,0.4979480574144741,824
2019-04-27,1,Hydro,0.0003518648049597785,0
2019-04-27,1,Pumped Storage Demand,0.49779477308052866,0
2019-04-27,1,Wind,0.0039053047000373875,0
2019-04-27,2,Gas,0.9962800055755383,845
2019-04-27,2,Hydro,0.001458381159381104,0
2019-04-27,2,Wind,0.0022616132650807664,0
2019-04-27,3,Gas,0.9983971599310955,833
2019-04-27,3,Hydro,0.0016028400689044964,0
2019-04-27,4,Gas,0.9982618995787722,830
2019-04-27,4,Hydro,0.0017381004212278799,0
2019-04-27,5,Gas,0.9983151363880429,836
2019-04-27,5,Hydro,0.0016848636119571189,0
2019-04-27,6,Gas,0.9982567231428823,810
2019-04-27,6,Hydro,0.001743276857117911,0
2019-04-27,7,Gas,0.7486437514762134,857
2019-04-27,7,Hydro,0.0018083313650488072,0
2019-04-27,7,Pumped Storage Demand,0.2495479171587378,0
2019-04-27,8,Gas,0.9061494577088027,837
2019-04-27,8,Hydro,0.0008173996599376147,0
2019-04-27,8,Pumped Storage Demand,0.08316985340134582,0
2019-04-27,8,Wind,0.009863289229913886,0
2019-04-27,9,Gas,0.9856013840886836,854
2019-04-27,9,Wind,0.014398615911316354,0
2019-04-27,10,Gas,0.9967412404405687,840
2019-04-27,10,Wind,0.00325875955943123,0
2019-04-27,11,Gas,0.9843610656567869,844
2019-04-27,11,Wind,0.0156389343432131,0
2019-04-27,12,Gas,0.9147410109265388,805
2019-04-27,12,Wind,0.08525898907346124,0
2019-04-27,13,Gas,0.9980550818080621,831
2019-04-27,13,Wind,0.0019449181919377802,0
2019-04-27,14,Gas,0.998094923798232,830
2019-04-27,14,Wind,0.0019050762017680317,0
2019-04-27,15,Gas,0.9980534493062363,805
2019-04-27,15,Wind,0.0019465506937635514,0
2019-04-27,16,Gas,0.9998447496004813,824
2019-04-27,16,Wind,0.00015525039951863205,0
2019-04-27,17,Gas,0.8330772737088112,825
2019-04-27,17,Hydro,0.0004267660408700418,0
2019-04-27,17,Pumped Storage,0.08324798012515931,0
2019-04-27,17,Wind,0.08324798012515931,0
2019-04-27,18,Gas,0.41650318208445236,858
2019-04-27,18,Hydro,0.000572196037750034,0
2019-04-27,18,Pumped Storage,0.4996730308355714,0
2019-04-27,18,Wind,0.08325159104222618,0
2019-04-27,19,Gas,0.24991897287242665,835
2019-04-27,19,Hydro,0.0005671898930138992,0
2019-04-27,19,Pumped Storage,0.7495138372345596,0
2019-04-27,20,Gas,0.5833333333333333,846
2019-04-27,20,Pumped Storage,0.4166666666666667,0
2019-04-27,21,Gas,0.4148823689967098,843
2019-04-27,21,Hydro,0.0007264912879344128,0
2019-04-27,21,Other,0.24978205261361972,2044
2019-04-27,21,Pumped Storage,0.332329113878436,0
2019-04-27,21,Wind,0.0022799732233001885,0
2019-04-27,22,Gas,0.4978159044871679,846
2019-04-27,22,Hydro,0.0008333158854343616,0
2019-04-27,22,Other,0.12445397612179197,2044
2019-04-27,22,Pumped Storage,0.37336192836537585,0
2019-04-27,22,Wind,0.003534875140229955,0
2019-04-27,23,Gas,0.9571939780341634,854
2019-04-27,23,Hydro,0.000903539370859989,0
2019-04-27,23,Other,0.04162901919288083,2044
2019-04-27,23,Wind,0.00027346340209572303,0
2019-04-28,0,Gas,0.9944994534532829,843
2019-04-28,0,Hydro,0.0008643809404197729,0
2019-04-28,0,Wind,0.004636165606297221,0
2019-04-28,1,Gas,0.9959955026266779,883
2019-04-28,1,Hydro,0.0009202962459595121,0
2019-04-28,1,Wind,0.0030842011273625176,0
2019-04-28,2,Gas,0.3316623792346014,895
2019-04-28,2,Hydro,0.0008371938684548836,0
2019-04-28,2,Pumped Storage Demand,0.6627524105714458,0
2019-04-28,2,Wind,0.0047480163254978724,0
2019-04-28,3,Gas,0.4980162075830426,828
2019-04-28,3,Hydro,0.0008485601794832148,0
2019-04-28,3,Pumped Storage Demand,0.49714674804382797,0
2019-04-28,3,Wind,0.003988484193646334,0
2019-04-28,4,Gas,0.9153714873388517,846
2019-04-28,4,Hydro,8.194117118250096e-05,0
2019-04-28,4,Pumped Storage Demand,0.08284359153527217,0
2019-04-28,4,Wind,0.0017029799546938644,0
2019-04-28,5,Gas,0.9985114107670375,915
2019-04-28,5,Wind,0.0014885892329624696,0
2019-04-28,6,Gas,0.831914071797559,839
2019-04-28,6,Pumped Storage Demand,0.16638281435951183,0
2019-04-28,6,Wind,0.0017031138429291015,0
2019-04-28,7,Gas,0.9998482915515695,844
2019-04-28,7,Wind,0.00015170844843031888,0
2019-04-28,8,Gas,0.9166666666666667,865
2019-04-28,8,Pumped Storage,0.08333333333333333,0
2019-04-28,9,Gas,0.9995627570822359,840
2019-04-28,9,Wind,0.0004372429177641514,0
2019-04-28,10,Gas,0.375,858
2019-04-28,10,Other,0.041666666666666664,2044
2019-04-28,10,Pumped Storage,0.5833333333333334,0
2019-04-28,11,Gas,0.6666666666666667,891
2019-04-28,11,Pumped Storage,0.33333333333333337,0
2019-04-28,12,Gas,0.7497065900829559,862
2019-04-28,12,Pumped Storage,0.25000000000000006,0
2019-04-28,12,Wind,0.00029340991704413703,0
2019-04-28,13,Gas,0.8318785067867073,885
2019-04-28,13,Other,0.16637570135734148,2044
2019-04-28,13,Wind,0.001745791855951265,0
2019-04-28,14,Gas,0.8319181885764857,871
2019-04-28,14,Other,0.16638363771529716,2044
2019-04-28,14,Wind,0.0016981737082171259,0
2019-04-28,15,Gas,0.8319192469843797,849
2019-04-28,15,Wind,0.1680807530156202,0
2019-04-28,16,Gas,0.707894769127541,874
2019-04-28,16,Pumped Storage,0.2916666666666667,0
2019-04-28,16,Wind,0.00043856420579240613,0
2019-04-28,17,Gas,0.45833333333333326,918
2019-04-28,17,Pumped Storage,0.5416666666666666,0
2019-04-28,18,Gas,0.8333333333333333,1137
2019-04-28,18,Pumped Storage,0.16666666666666666,0
2019-04-28,19,Gas,1.0,1115
2019-04-28,20,Gas,0.9988340887509736,966
2019-04-28,20,Wind,0.0011659112490264914,0
2019-04-28,21,Gas,0.9982935761599316,858
2019-04-28,21,Wind,0.001706423840068365,0
2019-04-28,22,Gas,0.9981541836246086,841
2019-04-28,22,Wind,0.0018458163753914505,0
2019-04-28,23,Gas,0.748829451495965,1124
2019-04-28,23,Pumped Storage Demand,0.2495610443109869,0
2019-04-28,23,Wind,0.0016095041930479594,0
2019-04-29,0,Gas,0.9982733965767505,878
2019-04-29,0,Wind,0.0017266034232494803,0
2019-04-29,1,Gas,0.9982271504098216,855
2019-04-29,1,Wind,0.0017728495901785316,0
2019-04-29,2,Gas,0.9982984986504475,840
2019-04-29,2,Wind,0.001701501349552507,0
2019-04-29,3,Gas,0.9151238765495349,832
2019-04-29,3,Pumped Storage Demand,0.08319307968632135,0
2019-04-29,3,Wind,0.0016830437641437005,0
2019-04-29,4,Gas,0.8327826130666215,831
2019-04-29,4,Pumped Storage Demand,0.16639130653331077,0
2019-04-29,4,Wind,0.0008260804000676644,0
2019-04-29,5,Gas,0.9149955908237435,836
2019-04-29,5,Pumped Storage Demand,0.08318141734761304,0
2019-04-29,5,Wind,0.001822991828643258,0
2019-04-29,6,Gas,0.49914211340757353,845
2019-04-29,6,Pumped Storage,0.4973870835003112,0
2019-04-29,6,Wind,0.003470803092115447,0
2019-04-29,7,Gas,0.4159249008256969,882
2019-04-29,7,Pumped Storage,0.5822948611559756,0
2019-04-29,7,Wind,0.0017802380183273802,0
2019-04-29,8,Gas,0.9150140428052127,865
2019-04-29,8,Pumped Storage,0.08318309480047388,0
2019-04-29,8,Wind,0.001802862394313306,0
2019-04-29,9,Gas,0.9970860085700681,882
2019-04-29,9,Hydro,0.0007103296426768529,0
2019-04-29,9,Other,0.00035516482133842646,3398
2019-04-29,9,Wind,0.0018484969659166672,0
2019-04-29,10,Gas,0.9986438702829934,865
2019-04-29,10,Hydro,0.0011855778340760575,0
2019-04-29,10,Wind,0.00017055188293044082,0
2019-04-29,11,Gas,0.9988888588300515,858
2019-04-29,11,Hydro,0.0011111411699484418,0
2019-04-29,12,Gas,0.99711730132851,907
2019-04-29,12,Hydro,0.001031247087580171,0
2019-04-29,12,Wind,0.0018514515839098014,0
2019-04-29,13,Gas,0.9897548564225853,908
2019-04-29,13,Hydro,0.0006601448215258083,0
2019-04-29,13,Wind,0.009584998755888825,0
2019-04-29,14,Gas,0.24942948544600457,876
2019-04-29,14,Hydro,0.000348487472209211,0
2019-04-29,14,Pumped Storage Demand,0.7482884563380136,0
2019-04-29,14,Wind,0.001933570743772511,0
2019-04-29,15,Gas,0.9980449055914267,859
2019-04-29,15,Wind,0.0019550944085734018,0
2019-04-29,16,Gas,0.6584876096730349,874
2019-04-29,16,Pumped Storage Demand,0.32874560636056877,0
2019-04-29,16,Wind,0.012766783966396435,0
2019-04-29,17,Gas,0.8217225942245306,868
2019-04-29,17,Other,0.16434451884490614,4019
2019-04-29,17,Wind,0.013932886930563056,0
2019-04-29,18,Gas,0.8513814977756349,882
2019-04-29,18,Other,0.05480166573466633,2044
2019-04-29,18,Pumped Storage,0.08220249860199949,0
2019-04-29,18,Wind,0.011614337887699396,0
2019-04-29,19,Gas,0.4991017034112047,937
2019-04-29,19,Pumped Storage,0.4981383128666998,0
2019-04-29,19,Wind,0.002759983722095422,0
2019-04-29,20,Gas,0.8324536105495608,983
2019-04-29,20,Pumped Storage,0.16652004620270458,0
2019-04-29,20,Wind,0.0010263432477345868,0
2019-04-29,21,Gas,0.4933177355581149,861
2019-04-29,21,Hydro,0.006682264441885118,0
2019-04-29,21,Pumped Storage,0.4942798761976762,0
2019-04-29,21,Wind,0.00572012380232375,0
2019-04-29,22,Gas,0.9869348361076575,838
2019-04-29,22,Hydro,0.006532581946171293,0
2019-04-29,22,Wind,0.006532581946171293,0
2019-04-29,23,Gas,0.9975616852801443,848
2019-04-29,23,Wind,0.002438314719855592,0
2019-04-30,0,Gas,0.49910123595165906,842
2019-04-30,0,Pumped Storage Demand,0.49955061797582945,0
2019-04-30,0,Wind,0.001348146072511373,0
2019-04-30,1,Gas,0.9159605296848028,805
2019-04-30,1,Pumped Storage Demand,0.08333333333333333,0
2019-04-30,1,Wind,0.0007061369818639034,0
2019-04-30,2,Gas,0.9985504057118787,805
2019-04-30,2,Wind,0.0014495942881212818,0
2019-04-30,3,Gas,1.0,844
2019-04-30,4,Gas,0.8333333333333333,849
2019-04-30,4,Pumped Storage Demand,0.16666666666666666,0
2019-04-30,5,Gas,0.8333333333333335,840
2019-04-30,5,Pumped Storage Demand,0.16666666666666669,0
2019-04-30,6,Gas,1.0,852
2019-04-30,7,Gas,0.3333333333333333,870
2019-04-30,7,Pumped Storage,0.6666666666666667,0
2019-04-30,8,Gas,0.41666666666666663,901
2019-04-30,8,Pumped Storage,0.5833333333333334,0
2019-04-30,9,Gas,0.8333333333333335,883
2019-04-30,9,Other,0.08333333333333334,2044
2019-04-30,9,Pumped Storage,0.08333333333333334,0
2019-04-30,10,Gas,1.0,894
2019-04-30,11,Gas,0.75,882
2019-04-30,11,Other,0.24967523429121347,2044
2019-04-30,11,Wind,0.00032476570878654896,0
2019-04-30,12,Gas,0.9998852159990266,919
2019-04-30,12,Wind,0.00011478400097324089,0
2019-04-30,13,Gas,0.9989880762944714,898
2019-04-30,13,Wind,0.0010119237055284626,0
2019-04-30,14,Gas,0.9983062380286636,891
2019-04-30,14,Wind,0.0016937619713364971,0
2019-04-30,15,Gas,0.9982785941007458,997
2019-04-30,15,Wind,0.001721405899254042,0
2019-04-30,16,Gas,0.9981881531083052,941
2019-04-30,16,Wind,0.0018118468916948187,0
2019-04-30,17,Gas,0.9982446584616327,965
2019-04-30,17,Wind,0.001755341538367294,0
2019-04-30,18,Gas,0.9982687843139263,895
2019-04-30,18,Wind,0.001731215686073722,0
2019-04-30,19,Gas,0.9934545560387558,871
2019-04-30,19,Wind,0.006545443961244296,0
2019-04-30,20,Gas,0.9875272571089806,953
2019-04-30,20,Wind,0.012472742891019274,0
2019-04-30,21,Gas,0.5757795205849804,919
2019-04-30,21,Pumped Storage,0.41127108613212887,0
2019-04-30,21,Wind,0.012949393282890518,0
2019-04-30,22,Gas,0.998936779525747,859
2019-04-30,22,Wind,0.0010632204742527765,0
2019-04-30,23,Gas,0.9933575781078906,869
2019-04-30,23,Wind,0.006642421892109395,0
2019-05-01,0,Gas,0.9871519846969219,858
2019-05-01,0,Wind,0.012848015303078133,0
2019-05-01,1,Gas,0.8322593886111013,856
2019-05-01,1,Pumped Storage Demand,0.16638028140740474,0
2019-05-01,1,Wind,0.0013603299814938653,0
2019-05-01,2,Gas,0.998656469907837,855
2019-05-01,2,Wind,0.0013435300921629477,0
2019-05-01,3,Gas,0.9991094593682008,819
2019-05-01,3,Wind,0.0008905406317993231,0
2019-05-01,4,Gas,0.41652016722435103,846
2019-05-01,4,Pumped Storage Demand,0.5833333333333334,0
2019-05-01,4,Wind,0.0001464994423156893,0
2019-05-01,5,Gas,0.9163522001458256,867
2019-05-01,5,Pumped Storage Demand,0.08317610007291279,0
2019-05-01,5,Wind,0.000471699781261584,0
2019-05-01,6,Gas,0.8333333333333333,831
2019-05-01,6,Pumped Storage,0.16666666666666666,0
2019-05-01,7,Gas,1.0000000000000002,892
2019-05-01,8,Gas,0.16653085523782502,731
2019-05-01,8,Pumped Storage,0.8333333333333335,0
2019-05-01,8,Wind,0.00013581142884169003,0
2019-05-01,9,Gas,0.49894811475371503,879
2019-05-01,9,Hydro,0.0005259426231424482,0
2019-05-01,9,Pumped Storage,0.4989481147537151,0
2019-05-01,9,Wind,0.0015778278694273445,0
2019-05-01,10,Gas,0.33294708141807544,1117
2019-05-01,10,Pumped Storage,0.6658941628361508,0
2019-05-01,10,Wind,0.0011587557457737989,0
2019-05-01,11,Gas,0.9156028306338919,831
2019-05-01,11,Pumped Storage,0.08323662096671743,0
2019-05-01,11,Wind,0.0011605483993907982,0
2019-05-01,12,Gas,0.9988869397994025,911
2019-05-01,12,Wind,0.0011130602005974823,0
2019-05-01,13,Gas,0.9988674950633829,873
2019-05-01,13,Wind,0.0011325049366170932,0
2019-05-01,14,Gas,0.7492006874768911,887
2019-05-01,14,Pumped Storage,0.24973356249229703,0
2019-05-01,14,Wind,0.0010657500308119358,0
2019-05-01,15,Gas,0.9990213382826253,884
2019-05-01,15,Hydro,0.00016311028622912076,0
2019-05-01,15,Wind,0.0008155514311456037,0
2019-05-01,16,Gas,0.9990244069075284,890
2019-05-01,16,Wind,0.000975593092471717,0
2019-05-01,17,Gas,0.3330202593392918,881
2019-05-01,17,Pumped Storage,0.6661970556756044,0
2019-05-01,17,Wind,0.000782684985103754,0
2019-05-01,18,Gas,0.5,846
2019-05-01,18,Pumped Storage,0.5,0
2019-05-01,19,Gas,1.0,949
2019-05-01,20,Gas,0.2494750793235167,1206
2019-05-01,20,Pumped Storage,0.7476378569558254,0
2019-05-01,20,Wind,0.0028870637206577275,0
2019-05-01,21,Gas,0.41525830711190814,947
2019-05-01,21,Hydro,0.0002716837557494846,0
2019-05-01,21,Pumped Storage,0.5814811708092013,0
2019-05-01,21,Wind,0.002988838323141219,0
2019-05-01,22,Gas,0.9166666666666666,923
2019-05-01,22,Hydro,5.9653090380262715e-05,0
2019-05-01,22,Pumped Storage,0.08302551290471823,0
2019-05-01,22,Wind,0.0002481673382348279,0
2019-05-01,23,Gas,0.45833333333333337,832
2019-05-01,23,Other,0.08333333333333334,2044
2019-05-01,23,Pumped Storage,0.4583333333333333,0
2019-05-02,0,Gas,0.7500000000000002,841
2019-05-02,0,Pumped Storage Demand,0.25000000000000006,0
2019-05-02,1,Gas,1.0,839
2019-05-02,2,Gas,0.9999999999999999,851
2019-05-02,3,Gas,1.0,847
2019-05-02,4,Gas,1.0,839
2019-05-02,5,Gas,0.75,849
2019-05-02,5,Pumped Storage Demand,0.25,0
2019-05-02,6,Gas,1.0000000000000002,875
2019-05-02,7,Gas,0.888888888888889,876
2019-05-02,7,Pumped Storage,0.11111111111111112,0
2019-05-02,8,Gas,0.9444444444444445,914
2019-05-02,8,Pumped Storage,0.05555555555555556,0
2019-05-02,9,Gas,0.8333333333333333,900
2019-05-02,9,Pumped Storage,0.16666666666666669,0
2019-05-02,10,Gas,1.0,847
2019-05-02,11,Gas,1.0,906
2019-05-02,12,Gas,0.9999999999999998,868
2019-05-02,13,Gas,0.9166666666666667,913
2019-05-02,13,Pumped Storage,0.08333333333333333,0
2019-05-02,14,Gas,0.7222222222222223,905
2019-05-02,14,Pumped Storage,0.2777777777777778,0
2019-05-02,15,Gas,0.8055555555555556,920
2019-05-02,15,Pumped Storage,0.19444444444444445,0
2019-05-02,16,Gas,0.9722222222222219,895
2019-05-02,16,Pumped Storage,0.02777777777777777,0
2019-05-02,17,Gas,0.7222222222222221,888
2019-05-02,17,Pumped Storage,0.2777777777777778,0
2019-05-02,18,Gas,0.9444444444444446,906
2019-05-02,18,Pumped Storage,0.05555555555555555,0
2019-05-02,19,Gas,0.8888888888888891,879
2019-05-02,19,Pumped Storage,0.11111111111111113,0
2019-05-02,20,Gas,1.0000000000000002,955
2019-05-02,21,Gas,1.0000000000000002,885
2019-05-02,22,Gas,0.8611111111111109,874
2019-05-02,22,Pumped Storage,0.1388888888888889,0
2019-05-02,23,Gas,0.9999999999999999,836
2019-05-03,0,Gas,1.0000000000000002,847
2019-05-03,1,Gas,1.0,846
2019-05-03,2,Gas,1.0,831
2019-05-03,3,Gas,1.0,842
2019-05-03,4,Gas,0.9999999999999999,853
2019-05-03,5,Gas,1.0,853
2019-05-03,6,Gas,1.0,837
2019-05-03,7,Gas,0.7500000000000001,834
2019-05-03,7,Pumped Storage,0.24999999999999994,0
2019-05-03,8,Gas,0.75,831
2019-05-03,8,Pumped Storage,0.25,0
2019-05-03,9,Gas,0.24999999999999994,837
2019-05-03,9,Pumped Storage,0.7500000000000001,0
2019-05-03,10,Gas,0.5833333333333333,863
2019-05-03,10,Pumped Storage,0.41666666666666663,0
2019-05-03,11,Gas,1.0,856
2019-05-03,12,Gas,1.0000000000000002,868
2019-05-03,13,Gas,1.0,911
2019-05-03,14,Gas,1.0,933
2019-05-03,15,Gas,1.0,870
2019-05-03,16,Gas,1.0,842
2019-05-03,17,Gas,0.9999999999999999,879
2019-05-03,18,Gas,1.0,868
2019-05-03,19,Gas,0.5833333333333334,891
2019-05-03,19,Other,0.33333333333333337,2044
2019-05-03,19,Pumped Storage,0.08333333333333334,0
2019-05-03,20,Gas,0.9166666666666667,845
2019-05-03,20,Pumped Storage,0.08333333333333336,0
2019-05-03,21,Gas,0.75,879
2019-05-03,21,Pumped Storage,0.25,0
2019-05-03,22,Gas,0.16666666666666669,858
2019-05-03,22,Pumped Storage,0.8333333333333333,0
2019-05-03,23,Gas,0.9166666666666666,862
2019-05-03,23,Pumped Storage,0.08333333333333333,0
2019-05-04,0,Gas,1.0,875
2019-05-04,1,Gas,0.9999999999999999,835
2019-05-04,2,Gas,1.0,852
2019-05-04,3,Gas,1.0,872
2019-05-04,4,Gas,0.5833333333333333,849
2019-05-04,4,Pumped Storage Demand,0.4166666666666667,0
2019-05-04,5,Gas,0.6666666666666666,840
2019-05-04,5,Pumped Storage Demand,0.3333333333333333,0
2019-05-04,6,Gas,1.0,832
2019-05-04,7,Gas,1.0,813
2019-05-04,8,Gas,0.33333333333333337,802
2019-05-04,8,Pumped Storage,0.6666666666666666,0
2019-05-04,9,Gas,0.6666666666666667,1103
2019-05-04,9,Pumped Storage,0.33333333333333337,0
2019-05-04,10,Gas,0.6666666666666666,831
2019-05-04,10,Pumped Storage,0.3333333333333333,0
2019-05-04,11,Gas,0.75,987
2019-05-04,11,Pumped Storage,0.25,0
2019-05-04,12,Gas,0.9999999999999999,934
2019-05-04,13,Gas,0.9444444444444448,836
2019-05-04,13,Other,0.055555555555555566,2044
2019-05-04,14,Gas,1.0,863
2019-05-04,15,Gas,1.0,872
2019-05-04,16,Gas,0.9999999999999999,952
2019-05-04,17,Gas,0.5833333333333334,861
2019-05-04,17,Other,0.4166666666666667,2044
2019-05-04,18,Gas,0.9999999999999999,848
2019-05-04,19,Gas,0.6666666666666666,838
2019-05-04,19,Pumped Storage,0.3333333333333333,0
2019-05-04,20,Gas,0.41666666666666663,814
2019-05-04,20,Pumped Storage,0.5833333333333334,0
2019-05-04,21,Gas,1.0,820
2019-05-04,22,Gas,1.0,912
2019-05-04,23,Gas,1.0,860
2019-05-05,0,Gas,1.0000000000000002,839
2019-05-05,1,Gas,0.5833333333333334,847
2019-05-05,1,Pumped Storage Demand,0.16666666666666666,0
2019-05-05,1,Wind,0.25,0
2019-05-05,2,Gas,0.25,858
2019-05-05,2,Pumped Storage Demand,0.6666666666666666,0
2019-05-05,2,Wind,0.08333333333333333,0
2019-05-05,3,Gas,1.0,851
2019-05-05,4,Gas,1.0,845
2019-05-05,5,Gas,1.0,852
2019-05-05,6,Gas,0.25,863
2019-05-05,6,Pumped Storage Demand,0.75,0
2019-05-05,7,Gas,0.8333333333333333,871
2019-05-05,7,Pumped Storage Demand,0.16666666666666666,0
2019-05-05,8,Gas,1.0,853
2019-05-05,9,Gas,1.0,950
2019-05-05,10,Gas,0.9166666666666667,881
2019-05-05,10,Pumped Storage,0.08333333333333334,0
2019-05-05,11,Gas,0.8333333333333333,806
2019-05-05,11,Pumped Storage,0.16666666666666663,0
2019-05-05,12,Pumped Storage,1.0,0
2019-05-05,13,Gas,0.8333333333333333,1208
2019-05-05,13,Pumped Storage,0.16666666666666666,0
2019-05-05,14,Gas,0.3333333333333333,1061
2019-05-05,14,Pumped Storage,0.6666666666666666,0
2019-05-05,15,Gas,1.0,819
2019-05-05,16,Gas,0.25000000000000006,805
2019-05-05,16,Pumped Storage,0.75,0
2019-05-05,17,Gas,0.25,1193
2019-05-05,17,Pumped Storage,0.75,0
2019-05-05,18,Gas,0.9999999999999999,973
2019-05-05,19,Gas,1.0,1220
2019-05-05,20,Gas,1.0000000000000002,1208
2019-05-05,21,Gas,0.75,864
2019-05-05,21,Pumped Storage,0.25,0
2019-05-05,22,Gas,0.8333333333333333,867
2019-05-05,22,Pumped Storage Demand,0.16666666666666666,0
2019-05-05,23,Gas,0.7499999999999999,870
2019-05-05,23,Pumped Storage Demand,0.25,0
2019-05-06,0,Gas,0.75,869
2019-05-06,0,Pumped Storage Demand,0.24999999999999997,0
2019-05-06,1,Gas,0.9166666666666666,854
2019-05-06,1,Pumped Storage Demand,0.08333333333333334,0
2019-05-06,2,Gas,1.0,805
2019-05-06,3,Gas,0.9166666666666667,820
2019-05-06,3,Pumped Storage Demand,0.08333333333333334,0
2019-05-06,4,Gas,0.5,851
2019-05-06,4,Pumped Storage Demand,0.5,0
2019-05-06,5,Gas,0.8333333333333334,846
2019-05-06,5,Pumped Storage Demand,0.16666666666666669,0
2019-05-06,6,Gas,0.75,824
2019-05-06,6,Pumped Storage Demand,0.25,0
2019-05-06,7,Gas,0.08333333333333333,805
2019-05-06,7,Pumped Storage,0.9166666666666666,0
2019-05-06,8,Gas,0.9583333333333334,843
2019-05-06,8,Other,0.04166666666666667,2044
2019-05-06,9,Gas,1.0,872
2019-05-06,10,Gas,0.9999999999999999,859
2019-05-06,11,Gas,1.0,892
2019-05-06,12,Gas,1.0,886
2019-05-06,13,Gas,1.0,951
2019-05-06,14,Gas,1.0,891
2019-05-06,15,Gas,1.0,888
2019-05-06,16,Gas,1.0,884
2019-05-06,17,Gas,1.0,867
2019-05-06,18,Gas,1.0,838
2019-05-06,19,Gas,0.9999999999999998,854
2019-05-06,20,Gas,1.0000000000000002,836
2019-05-06,21,Gas,1.0000000000000002,882
2019-05-06,22,Gas,0.9938284633991594,860
2019-05-06,22,Wind,0.006171536600840626,0
2019-05-06,23,Gas,0.9146404485239905,915
2019-05-06,23,Wind,0.08535955147600957,0
2019-05-07,0,Gas,0.9151799573406829,805
2019-05-07,0,Wind,0.08482004265931717,0
2019-05-07,1,Gas,0.9982874195654327,805
2019-05-07,1,Wind,0.0017125804345673034,0
2019-05-07,2,Gas,0.7486938027000006,906
2019-05-07,2,Wind,0.2513061972999995,0
2019-05-07,3,Gas,0.8318812146053449,805
2019-05-07,3,Wind,0.1681187853946552,0
2019-05-07,4,Gas,0.9982460818186053,818
2019-05-07,4,Wind,0.001753918181394823,0
2019-05-07,5,Gas,0.9981390215174276,817
2019-05-07,5,Wind,0.0018609784825723682,0
2019-05-07,6,Demand Response,0.16634417164655477,0
2019-05-07,6,Gas,0.8317208582327739,844
2019-05-07,6,Wind,0.0019349701206713744,0
2019-05-07,7,Gas,0.9983511552996276,839
2019-05-07,7,Wind,0.001648844700372372,0
2019-05-07,8,Gas,0.9999999999999999,871
2019-05-07,9,Gas,0.9999999999999999,923
2019-05-07,10,Gas,1.0,891
2019-05-07,11,Gas,1.0,935
2019-05-07,12,Gas,0.9999999999999999,858
2019-05-07,13,Gas,1.0000000000000002,865
2019-05-07,14,Gas,1.0,821
2019-05-07,15,Gas,1.0,821
2019-05-07,16,Gas,0.9999999999999998,926
2019-05-07,17,Gas,0.5833333333333333,859
2019-05-07,17,Pumped Storage,0.4166666666666667,0
2019-05-07,18,Gas,0.3333333333333333,847
2019-05-07,18,Pumped Storage,0.6666666666666666,0
2019-05-07,19,Gas,0.9166666666666667,949
2019-05-07,19,Pumped Storage,0.08333333333333334,0
2019-05-07,20,Gas,0.16666666666666666,846
2019-05-07,20,Pumped Storage,0.8333333333333334,0
2019-05-07,21,Gas,0.33333333333333326,853
2019-05-07,21,Pumped Storage,0.6666666666666665,0
2019-05-07,22,Gas,1.0,846
2019-05-07,23,Gas,1.0,904
2019-05-08,0,Gas,0.9999999999999999,929
2019-05-08,1,Gas,0.9166666666666667,859
2019-05-08,1,Pumped Storage Demand,0.08333333333333333,0
2019-05-08,2,Gas,0.8333333333333333,1142
2019-05-08,2,Pumped Storage Demand,0.16666666666666669,0
2019-05-08,3,Gas,0.75,819
2019-05-08,3,Pumped Storage Demand,0.25,0
2019-05-08,4,Gas,1.0,829
2019-05-08,5,Gas,0.6288745487963496,841
2019-05-08,5,Pumped Storage,0.04166666666666666,0
2019-05-08,5,Pumped Storage Demand,0.3294587845369837,0
2019-05-08,6,Gas,0.45833333333333326,1096
2019-05-08,6,Pumped Storage,0.5416666666666667,0
2019-05-08,7,Gas,0.42063733409793314,1122
2019-05-08,7,Pumped Storage,0.5793626659020669,0
2019-05-08,8,Gas,0.9722222222222222,936
2019-05-08,8,Other,0.027777777777777776,2044
2019-05-08,9,Gas,0.9722222222222221,871
2019-05-08,9,Other,0.027777777777777776,2044
2019-05-08,10,Gas,1.0,880
2019-05-08,11,Gas,1.0,871
2019-05-08,12,Gas,0.9999999999999999,875
2019-05-08,13,Gas,0.9987804160333618,857
2019-05-08,13,Wind,0.0012195839666381027,0
2019-05-08,14,Gas,0.9981390589795804,821
2019-05-08,14,Wind,0.0018609410204195032,0
2019-05-08,15,Gas,0.9978261239714941,821
2019-05-08,15,Hydro,0.0002581098641666769,0
2019-05-08,15,Wind,0.0019157661643392663,0
2019-05-08,16,Gas,0.9981660311313743,840
2019-05-08,16,Wind,0.0018339688686255567,0
2019-05-08,17,Gas,0.9875894135572595,896
2019-05-08,17,Hydro,0.0011148492906190403,0
2019-05-08,17,Wind,0.011295737152121219,0
2019-05-08,18,Gas,0.9867618551294117,857
2019-05-08,18,Hydro,0.007722251174509983,0
2019-05-08,18,Wind,0.005515893696078559,0
2019-05-08,19,Gas,0.7403472879233969,850
2019-05-08,19,Pumped Storage,0.24678242930779898,0
2019-05-08,19,Wind,0.012870282768804326,0
2019-05-08,20,Gas,0.5822579039178891,880
2019-05-08,20,Pumped Storage,0.4163816130866694,0
2019-05-08,20,Wind,0.0013604829954414403,0
2019-05-08,21,Gas,0.540728552747129,856
2019-05-08,21,Other,0.1247835121724144,2044
2019-05-08,21,Pumped Storage,0.3327560324597717,0
2019-05-08,21,Wind,0.0017319026206848067,0
2019-05-08,22,Gas,0.9981556093419939,854
2019-05-08,22,Wind,0.0018443906580062376,0
2019-05-08,23,Gas,0.9982409005571875,826
2019-05-08,23,Wind,0.001759099442812562,0
2019-05-09,0,Gas,0.605457607794138,1030
2019-05-09,0,Hydro,0.06818181818181819,0
2019-05-09,0,Other,0.015151515151515154,1673
2019-05-09,0,Pumped Storage Demand,0.16666666666666669,0
2019-05-09,0,Wind,0.14454239220586196,0
2019-05-09,1,Gas,0.9166666666666667,854
2019-05-09,1,Pumped Storage Demand,0.08333333333333334,0
2019-05-09,2,Gas,0.41666666666666663,845
2019-05-09,2,Hydro,0.25,0
2019-05-09,2,Wind,0.3333333333333333,0
2019-05-09,3,Gas,0.9166666666666667,928
2019-05-09,3,Hydro,0.08333333333333334,0
2019-05-09,4,Gas,1.0,820
2019-05-09,5,Gas,0.3333333333333333,858
2019-05-09,5,Pumped Storage Demand,0.6666666666666666,0
2019-05-09,6,Gas,0.5,858
2019-05-09,6,Pumped Storage Demand,0.5000000000000001,0
2019-05-09,7,Gas,1.0,871
2019-05-09,8,Gas,1.0000000000000002,842
2019-05-09,9,Gas,0.9999999999999999,891
2019-05-09,10,Gas,1.0,884
2019-05-09,11,Gas,1.0,821
2019-05-09,12,Gas,1.0,821
2019-05-09,13,Gas,1.0,821
2019-05-09,14,Gas,1.0,821
2019-05-09,15,Gas,1.0,850
2019-05-09,16,Gas,1.0,863
2019-05-09,17,Gas,1.0,867
2019-05-09,18,Gas,1.0,878
2019-05-09,19,Gas,0.9974866817500281,1058
2019-05-09,19,Wind,0.0025133182499717933,0
2019-05-09,20,Gas,0.9136868035547917,854
2019-05-09,20,Pumped Storage,0.08306243668679925,0
2019-05-09,20,Wind,0.0032507597584088893,0
2019-05-09,21,Gas,0.9137124092271931,890
2019-05-09,21,Pumped Storage,0.08306476447519938,0
2019-05-09,21,Wind,0.00322282629760741,0
2019-05-09,22,Gas,0.9414800914173086,888
2019-05-09,22,Other,0.05538118184807698,2044
2019-05-09,22,Wind,0.0031387267346143573,0
2019-05-09,23,Gas,0.8862251218401811,855
2019-05-09,23,Other,0.11077814023002264,2044
2019-05-09,23,Wind,0.002996737929796144,0
2019-05-10,0,Gas,0.9996154985004378,868
2019-05-10,0,Hydro,0.00013264297926965824,0
2019-05-10,0,Wind,0.00025185852029238224,0
2019-05-10,1,Gas,0.6666666666666667,836
2019-05-10,1,Pumped Storage Demand,0.33333333333333337,0
2019-05-10,2,Gas,0.8333333333333333,833
2019-05-10,2,Pumped Storage Demand,0.16666666666666666,0
2019-05-10,3,Gas,0.8333333333333334,818
2019-05-10,3,Pumped Storage Demand,0.16666666666666669,0
2019-05-10,4,Gas,1.0,831
2019-05-10,5,Gas,0.888888888888889,837
2019-05-10,5,Other,0.05555555555555555,2044
2019-05-10,5,Wind,0.05555555555555555,0
2019-05-10,6,Gas,0.9722222222222223,845
2019-05-10,6,Other,0.02777777777777778,2044
2019-05-10,7,Gas,0.5816101943305587,879
2019-05-10,7,Pumped Storage,0.4152307174976878,0
2019-05-10,7,Wind,0.0031590881717533984,0
2019-05-10,8,Gas,0.5812707093744015,889
2019-05-10,8,Pumped Storage,0.4151933638388582,0
2019-05-10,8,Wind,0.003535926786740355,0
2019-05-10,9,Gas,0.7475315960963855,841
2019-05-10,9,Pumped Storage,0.08305906623293172,0
2019-05-10,9,Wind,0.1694093376706828,0
2019-05-10,10,Gas,0.9971485268351024,883
2019-05-10,10,Wind,0.002851473164897603,0
2019-05-10,11,Gas,0.4154078760934207,887
2019-05-10,11,Pumped Storage,0.5833333333333334,0
2019-05-10,11,Wind,0.0012587905732459829,0
2019-05-10,12,Import,0.0002506228595739452,0
2019-05-10,12,Other,0.2492481314212782,2044
2019-05-10,12,Pumped Storage,0.7484962628425564,0
2019-05-10,12,Wind,0.0020049828765915617,0
2019-05-10,13,Gas,0.2492847412582058,872
2019-05-10,13,Other,0.16666666666666669,2044
2019-05-10,13,Pumped Storage,0.582379655010941,0
2019-05-10,13,Wind,0.0016689370641863874,0
2019-05-10,14,Gas,0.24955472919586105,867
2019-05-10,14,Pumped Storage,0.7482189167834441,0
2019-05-10,14,Wind,0.002226354020694946,0
2019-05-10,15,Gas,0.4571339933290257,859
2019-05-10,15,Pumped Storage,0.540249264843394,0
2019-05-10,15,Wind,0.002616741827580337,0
2019-05-10,16,Gas,0.6647615233671995,859
2019-05-10,16,Pumped Storage,0.33238076168359976,0
2019-05-10,16,Wind,0.0028577149492005874,0
2019-05-10,17,Gas,0.25,1157
2019-05-10,17,Pumped Storage,0.749268140678513,0
2019-05-10,17,Wind,0.0007318593214870472,0
2019-05-10,18,Gas,0.3333333333333333,845
2019-05-10,18,Pumped Storage,0.6666666666666666,0
2019-05-10,19,Gas,0.8333333333333333,1042
2019-05-10,19,Pumped Storage,0.16666666666666666,0
2019-05-10,20,Gas,0.41666666666666674,867
2019-05-10,20,Other,0.16666666666666669,4116
2019-05-10,20,Pumped Storage,0.4166666666666667,0
2019-05-10,21,Gas,0.1660631549165974,1135
2019-05-10,21,Other,0.0830315774582987,2044
2019-05-10,21,Pumped Storage,0.7478877088747575,0
2019-05-10,21,Wind,0.0030175587503462,0
2019-05-10,22,Gas,0.24928337504522755,814
2019-05-10,22,Hydro,0.0019891494570831465,0
2019-05-10,22,Other,0.08340085219405013,3961
2019-05-10,22,Pumped Storage,0.6632703498131507,0
2019-05-10,22,Wind,0.0020562734904884836,0
2019-05-10,23,Gas,0.6242510011889155,833
2019-05-10,23,Hydro,0.0020477352985883213,0
2019-05-10,23,Pumped Storage,0.37345564283415034,0
2019-05-10,23,Wind,0.00024562067834572453,0
2019-05-11,0,Gas,0.9979794645488848,1040
2019-05-11,0,Hydro,0.0008801169180300322,0
2019-05-11,0,Wind,0.0011404185330851073,0
2019-05-11,1,Gas,0.7911587502737198,809
2019-05-11,1,Hydro,0.000546986884712067,0
2019-05-11,1,Other,0.0001562819670605906,3240
2019-05-11,1,Wind,0.20813798087450766,0
2019-05-11,2,Gas,0.5833333333333334,835
2019-05-11,2,Pumped Storage Demand,0.4161680559813063,0
2019-05-11,2,Wind,0.0004986106853604249,0
2019-05-11,3,Pumped Storage Demand,1.0,0
2019-05-11,4,Pumped Storage Demand,0.9992362860017039,0
2019-05-11,4,Wind,0.0007637139982960687,0
2019-05-11,5,Gas,0.4144307238727618,853
2019-05-11,5,Hydro,0.00016577109656226198,0
2019-05-11,5,Pumped Storage Demand,0.580253426997549,0
2019-05-11,5,Wind,0.005150078033127,0
2019-05-11,6,Gas,0.9918708999439214,839
2019-05-11,6,Hydro,0.00015840965498461088,0
2019-05-11,6,Wind,0.007970690401093931,0
2019-05-11,7,Gas,0.7331158955337636,984
2019-05-11,7,Hydro,8.313491503340173e-05,0
2019-05-11,7,Other,0.2630366919661131,2044
2019-05-11,7,Wind,0.0037642775850898692,0
2019-05-11,8,Gas,0.649807355501071,897
2019-05-11,8,Other,0.17966387587393698,2044
2019-05-11,8,Pumped Storage,0.165843577729788,0
2019-05-11,8,Wind,0.004685190895203986,0
2019-05-11,9,Gas,0.9974792891753538,835
2019-05-11,9,Wind,0.002520710824646202,0
2019-05-11,10,Gas,0.8290268696003247,823
2019-05-11,10,Wind,0.17097313039967546,0
2019-05-11,11,Gas,0.8315666981341261,811
2019-05-11,11,Hydro,0.001208271921819655,0
2019-05-11,11,Wind,0.1672250299440543,0
2019-05-11,12,Gas,0.5813918428590925,966
2019-05-11,12,Hydro,0.0024875045987818203,0
2019-05-11,12,Other,0.00018343883677410374,3240
2019-05-11,12,Wind,0.4159372137053514,0
2019-05-11,13,Gas,0.16644156414485164,805
2019-05-11,13,Hydro,0.29256707675392707,0
2019-05-11,13,Other,0.00025223810752946364,3240
2019-05-11,13,Wind,0.5407391209936923,0
2019-05-11,14,Hydro,0.3336499043131742,0
2019-05-11,14,Pumped Storage Demand,0.08322780967338637,0
2019-05-11,14,Wind,0.5831222860134394,0
2019-05-11,15,Hydro,0.20962783091522072,0
2019-05-11,15,Other,9.337571808486679e-05,3240
2019-05-11,15,Pumped Storage Demand,0.6654094700495571,0
2019-05-11,15,Wind,0.1248693233171374,0
2019-05-11,16,Gas,0.16651345770416948,805
2019-05-11,16,Hydro,0.07805940728784526,0
2019-05-11,16,Other,0.00017875601341244598,3240
2019-05-11,16,Pumped Storage Demand,0.4159261322335988,0
2019-05-11,16,Wind,0.3393222467609738,0
2019-05-11,17,Gas,0.99867338684408,838
2019-05-11,17,Hydro,0.00124236502000614,0
2019-05-11,17,Other,8.424813591384796e-05,3240
2019-05-11,18,Gas,0.41600342136479507,876
2019-05-11,18,Hydro,0.001480947437761543,0
2019-05-11,18,Pumped Storage,0.5825156311974435,0
2019-05-11,19,Gas,0.2496135253296603,970
2019-05-11,19,Hydro,0.0010305991209059431,0
2019-05-11,19,Pumped Storage,0.7488405759889809,0
2019-05-11,19,Wind,0.0005152995604529716,0
2019-05-11,20,Gas,0.41603266006579387,1103
2019-05-11,20,Hydro,0.00025360264034911484,0
2019-05-11,20,Pumped Storage,0.5824457240921114,0
2019-05-11,20,Wind,0.001268013201745574,0
2019-05-11,21,Gas,0.6657263874878182,991
2019-05-11,21,Hydro,0.000822744281492387,0
2019-05-11,21,Pumped Storage,0.3328631937439091,0
2019-05-11,21,Wind,0.0005876744867802765,0
2019-05-11,22,Gas,0.9990130906402706,890
2019-05-11,22,Wind,0.0009869093597294697,0
2019-05-11,23,Gas,0.9990370928410591,812
2019-05-11,23,Wind,0.0009629071589407366,0
2019-05-12,0,Gas,0.9983513115527967,808
2019-05-12,0,Wind,0.0016486884472032206,0
2019-05-12,1,Gas,0.8318541321759696,805
2019-05-12,1,Wind,0.1681458678240304,0
2019-05-12,2,Gas,0.9150452495980976,842
2019-05-12,2,Wind,0.08495475040190241,0
2019-05-12,3,Gas,0.9986168605620616,827
2019-05-12,3,Wind,0.0013831394379383254,0
2019-05-12,4,Gas,0.9986116370259445,836
2019-05-12,4,Wind,0.001388362974055572,0
2019-05-12,5,Gas,0.3327951756438152,847
2019-05-12,5,Pumped Storage Demand,0.6655903512876306,0
2019-05-12,5,Wind,0.0016144730685543655,0
2019-05-12,6,Gas,0.7498397709690058,816
2019-05-12,6,Pumped Storage Demand,0.25,0
2019-05-12,6,Wind,0.00016022903099427509,0
2019-05-12,7,Gas,0.5833333333333333,816
2019-05-12,7,Pumped Storage Demand,0.41666666666666663,0
2019-05-12,8,Other,0.16666666666666669,3962
2019-05-12,8,Pumped Storage Demand,0.8333333333333333,0
2019-05-12,9,Gas,0.9166666666666667,842
2019-05-12,9,Other,0.08333333333333334,3962
2019-05-12,10,Gas,0.9166666666666667,771
2019-05-12,10,Other,0.08333333333333333,2048
2019-05-12,11,Gas,0.9166666666666667,884
2019-05-12,11,Pumped Storage,0.08333333333333334,0
2019-05-12,12,Gas,0.25,849
2019-05-12,12,Other,0.3333333333333333,2048
2019-05-12,12,Pumped Storage,0.41666666666666663,0
2019-05-12,13,Gas,0.41666666666666674,879
2019-05-12,13,Pumped Storage,0.5833333333333333,0
2019-05-12,14,Gas,1.0,872
2019-05-12,15,Gas,0.3333333333333333,856
2019-05-12,15,Pumped Storage,0.6666666666666666,0
2019-05-12,16,Gas,0.75,865
2019-05-12,16,Pumped Storage,0.25,0
2019-05-12,17,Gas,0.8333333333333334,785
2019-05-12,17,Pumped Storage,0.16666666666666666,0
2019-05-12,18,Gas,0.20833333333333334,847
2019-05-12,18,Pumped Storage,0.7916666666666667,0
2019-05-12,19,Gas,0.5,1047
2019-05-12,19,Pumped Storage,0.5,0
2019-05-12,20,Gas,0.16666666666666669,820
2019-05-12,20,Pumped Storage,0.8333333333333334,0
2019-05-12,21,Gas,0.8330329105467282,839
2019-05-12,21,Pumped Storage,0.16666666666666666,0
2019-05-12,21,Wind,0.0003004227866051386,0
2019-05-12,22,Gas,0.9981804069175868,837
2019-05-12,22,Wind,0.0018195930824132585,0
2019-05-12,23,Gas,0.9982156597263825,942
2019-05-12,23,Wind,0.0017843402736175667,0
2019-05-13,0,Gas,0.3331898621931033,864
2019-05-13,0,Pumped Storage Demand,0.6666666666666666,0
2019-05-13,0,Wind,0.00014347114023007497,0
2019-05-13,1,Gas,1.0,838
2019-05-13,2,Gas,1.0,805
2019-05-13,3,Gas,0.9166666666666666,842
2019-05-13,3,Pumped Storage Demand,0.08333333333333333,0
2019-05-13,4,Gas,0.16666666666666666,851
2019-05-13,4,Pumped Storage Demand,0.8333333333333334,0
2019-05-13,5,Gas,0.75,856
2019-05-13,5,Pumped Storage Demand,0.25000000000000006,0
2019-05-13,6,Gas,0.9999999999999998,871
2019-05-13,7,Gas,0.8333333333333333,869
2019-05-13,7,Pumped Storage,0.16666666666666666,0
2019-05-13,8,Gas,0.8333333333333334,897
2019-05-13,8,Pumped Storage,0.16666666666666666,0
2019-05-13,9,Gas,1.0,897
2019-05-13,10,Gas,0.4166666666666667,916
2019-05-13,10,Pumped Storage,0.5833333333333333,0
2019-05-13,11,Gas,0.8333333333333333,880
2019-05-13,11,Pumped Storage,0.16666666666666666,0
2019-05-13,12,Gas,1.0,926
2019-05-13,13,Gas,1.0,882
2019-05-13,14,Gas,1.0,920
2019-05-13,15,Gas,0.9166666666666667,881
2019-05-13,15,Pumped Storage,0.08333333333333334,0
2019-05-13,16,Gas,0.49999999999999994,857
2019-05-13,16,Pumped Storage,0.5,0
2019-05-13,17,Gas,0.41666666666666663,879
2019-05-13,17,Pumped Storage,0.5833333333333334,0
2019-05-13,18,Gas,0.25,875
2019-05-13,18,Pumped Storage,0.75,0
2019-05-13,19,Gas,0.9166666666666667,913
2019-05-13,19,Pumped Storage,0.08333333333333334,0
2019-05-13,20,Gas,0.5833333333333333,852
2019-05-13,20,Pumped Storage,0.4166666666666667,0
2019-05-13,21,Gas,0.33333333333333337,917
2019-05-13,21,Pumped Storage,0.6666666666666667,0
2019-05-13,22,Gas,0.9166666666666664,862
2019-05-13,22,Pumped Storage,0.08333333333333333,0
2019-05-13,23,Gas,0.8333333333333333,838
2019-05-13,23,Wind,0.16666666666666666,0
2019-05-14,0,Gas,0.9999999999999999,840
2019-05-14,1,Gas,1.0000000000000002,842
2019-05-14,2,Gas,1.0,843
2019-05-14,3,Gas,1.0,859
2019-05-14,4,Gas,0.25,851
2019-05-14,4,Pumped Storage Demand,0.75,0
2019-05-14,5,Gas,0.08333333333333336,820
2019-05-14,5,Pumped Storage Demand,0.9166666666666666,0
2019-05-14,6,Gas,0.75,805
2019-05-14,6,Pumped Storage,0.16666666666666666,0
2019-05-14,6,Pumped Storage Demand,0.08333333333333333,0
2019-05-14,7,Gas,0.25,861
2019-05-14,7,Pumped Storage,0.75,0
2019-05-14,8,Demand Response,0.25,0
2019-05-14,8,Gas,0.25,902
2019-05-14,8,Pumped Storage,0.5000000000000001,0
2019-05-14,9,Gas,1.0,882
2019-05-14,10,Gas,0.998957604868522,947
2019-05-14,10,Wind,0.001042395131478046,0
2019-05-14,11,Gas,0.9982218459195457,921
2019-05-14,11,Wind,0.0017781540804543076,0
2019-05-14,12,Gas,0.9984277343923856,895
2019-05-14,12,Wind,0.0015722656076142842,0
2019-05-14,13,Gas,0.9999999999999999,850
2019-05-14,15,Gas,1.0,863
2019-05-14,16,Gas,0.9997110843926205,873
2019-05-14,16,Wind,0.00028891560737945077,0
2019-05-14,17,Gas,0.9999999999999998,921
2019-05-14,18,Gas,0.6726705170360201,955
2019-05-14,18,Pumped Storage,0.3273294829639797,0
2019-05-14,19,Gas,0.5833333333333333,960
2019-05-14,19,Pumped Storage,0.4166666666666667,0
2019-05-14,20,Gas,0.9156840168848093,901
2019-05-14,20,Pumped Storage,0.08319295479306799,0
2019-05-14,20,Wind,0.0011230283221227617,0
2019-05-14,21,Gas,0.6660826191828025,872
2019-05-14,21,Pumped Storage,0.3327492858494692,0
2019-05-14,21,Wind,0.0011680949677281994,0
2019-05-14,22,Gas,0.3333333333333333,922
2019-05-14,22,Pumped Storage,0.666526927985589,0
2019-05-14,22,Wind,0.00013973868107773992,0
2019-05-14,23,Gas,0.4026289946670397,825
2019-05-14,23,Other,0.06944444444444445,2044
2019-05-14,23,Pumped Storage,0.5277777777777778,0
2019-05-14,23,Wind,0.00014878311073810297,0
2019-05-15,0,Gas,0.8333333333333333,834
2019-05-15,0,Other,0.16666666666666666,2044
2019-05-15,1,Gas,0.9998488901756584,832
2019-05-15,1,Wind,0.00015110982434165198,0
2019-05-15,2,Demand Response,0.16666666666666666,0
2019-05-15,2,Gas,0.8331941558995603,826
2019-05-15,2,Wind,0.00013917743377310404,0
2019-05-15,3,Gas,1.0,831
2019-05-15,4,Gas,0.9583333333333334,843
2019-05-15,4,Other,0.041666666666666664,2044
2019-05-15,5,Gas,0.655594457932076,836
2019-05-15,5,Other,0.09722222222222222,2044
2019-05-15,5,Pumped Storage,0.2471833198457018,0
2019-05-15,6,Gas,0.18075303267603363,864
2019-05-15,6,Pumped Storage,0.8192469673239664,0
2019-05-15,7,Gas,0.6680926867273039,845
2019-05-15,7,Pumped Storage,0.33190731327269607,0
2019-05-15,8,Gas,0.9166666666666667,869
2019-05-15,8,Pumped Storage,0.08333333333333333,0
2019-05-15,9,Gas,0.8333333333333334,864
2019-05-15,9,Other,0.16666666666666669,2048
2019-05-15,10,Gas,0.7500000000000001,879
2019-05-15,10,Other,0.25,2048
2019-05-15,11,Gas,1.0,953
2019-05-15,12,Gas,0.9166666666666667,926
2019-05-15,12,Wind,0.08333333333333333,0
2019-05-15,13,Gas,0.9999999999999998,879
2019-05-15,14,Gas,1.0,852
2019-05-15,15,Gas,0.9999999999999999,903
2019-05-15,16,Gas,0.9999999999999999,882
2019-05-15,17,Gas,0.8333333333333336,864
2019-05-15,17,Pumped Storage,0.1666666666666667,0
2019-05-15,18,Gas,0.8333333333333334,846
2019-05-15,18,Pumped Storage,0.16666666666666669,0
2019-05-15,19,Gas,0.08941342815307951,869
2019-05-15,19,Pumped Storage,0.9105865718469204,0
2019-05-15,20,Gas,0.4166666666666667,1021
2019-05-15,20,Pumped Storage,0.5833333333333334,0
2019-05-15,21,Gas,0.46287355419113363,970
2019-05-15,21,Pumped Storage,0.5371264458088663,0
2019-05-15,22,Gas,1.0000000000000002,858
2019-05-15,23,Gas,0.9166666666666667,864
2019-05-15,23,Other,0.08333333333333334,2044
2019-05-16,0,Gas,1.0000000000000002,839
2019-05-16,1,Gas,0.3749999999999999,819
2019-05-16,1,Other,0.12499999999999997,2044
2019-05-16,1,Pumped Storage,0.49999999999999994,0
2019-05-16,2,Gas,0.75,832
2019-05-16,2,Other,0.16666666666666666,2044
2019-05-16,2,Pumped Storage,0.08333333333333333,0
2019-05-16,3,Gas,1.0,836
2019-05-16,4,Gas,0.6666666666666666,828
2019-05-16,4,Other,0.3333333333333333,3962
2019-05-16,5,Gas,0.6666666666666666,848
2019-05-16,5,Other,0.05555555555555556,2044
2019-05-16,5,Pumped Storage,0.2777777777777778,0
2019-05-16,6,Gas,0.75,877
2019-05-16,6,Pumped Storage,0.25,0
2019-05-16,7,Gas,0.25,841
2019-05-16,7,Pumped Storage,0.75,0
2019-05-16,8,Gas,1.0,910
2019-05-16,9,Gas,1.0,869
2019-05-16,10,Gas,1.0,906
2019-05-16,11,Gas,1.0,860
2019-05-16,12,Gas,0.9999999999999998,886
2019-05-16,13,Gas,1.0,948
2019-05-16,14,Gas,1.0,905
2019-05-16,15,Gas,1.0,882
2019-05-16,16,Gas,0.7083333333333334,874
2019-05-16,16,Other,0.04166666666666667,2044
2019-05-16,16,Pumped Storage,0.25,0
2019-05-16,17,Gas,0.5833333333333334,1007
2019-05-16,17,Pumped Storage,0.41666666666666663,0
2019-05-16,18,Gas,0.41666666666666663,1243
2019-05-16,18,Pumped Storage,0.5833333333333334,0
2019-05-16,19,Pumped Storage,1.0,0
2019-05-16,20,Gas,0.8333333333333333,985
2019-05-16,20,Pumped Storage,0.16666666666666666,0
2019-05-16,21,Gas,0.25,818
2019-05-16,21,Pumped Storage,0.75,0
2019-05-16,22,Gas,0.5416666666666667,828
2019-05-16,22,Other,0.04166666666666667,2044
2019-05-16,22,Pumped Storage,0.4166666666666666,0
2019-05-16,23,Gas,0.8750000000000001,846
2019-05-16,23,Other,0.125,2047
2019-05-17,0,Gas,0.9722222222222222,847
2019-05-17,0,Other,0.027777777777777776,2044
2019-05-17,1,Gas,0.8333333333333334,844
2019-05-17,1,Pumped Storage Demand,0.16666666666666669,0
2019-05-17,2,Gas,1.0,839
2019-05-17,3,Gas,1.0,855
2019-05-17,4,Gas,1.0000000000000002,845
2019-05-17,5,Gas,0.25,836
2019-05-17,5,Pumped Storage Demand,0.75,0
2019-05-17,6,Gas,0.45833333333333337,911
2019-05-17,6,Other,0.041666666666666664,2044
2019-05-17,6,Pumped Storage Demand,0.5,0
2019-05-17,7,Gas,0.75,881
2019-05-17,7,Pumped Storage,0.25000000000000006,0
2019-05-17,8,Gas,0.5833333333333333,873
2019-05-17,8,Pumped Storage,0.41666666666666663,0
2019-05-17,9,Pumped Storage,1.0,0
2019-05-17,10,Gas,0.41666666666666663,872
2019-05-17,10,Pumped Storage,0.5833333333333334,0
2019-05-17,11,Gas,0.75,968
2019-05-17,11,Pumped Storage,0.25000000000000006,0
2019-05-17,12,Gas,0.6666666666666666,882
2019-05-17,12,Pumped Storage,0.3333333333333333,0
2019-05-17,13,Gas,0.25,869
2019-05-17,13,Pumped Storage,0.75,0
2019-05-17,14,Gas,0.33333333333333337,1213
2019-05-17,14,Pumped Storage,0.6666666666666666,0
2019-05-17,15,Gas,0.3333333333333333,876
2019-05-17,15,Pumped Storage,0.6666666666666667,0
2019-05-17,16,Gas,0.5,1222
2019-05-17,16,Pumped Storage,0.5,0
2019-05-17,17,Gas,0.8333333333333335,905
2019-05-17,17,Pumped Storage,0.16666666666666669,0
2019-05-17,18,Gas,0.41594806285770564,865
2019-05-17,18,Pumped Storage,0.5826147295243723,0
2019-05-17,18,Wind,0.0014372076179218834,0
2019-05-17,19,Gas,0.7478085507239118,849
2019-05-17,19,Pumped Storage,0.24926951690797056,0
2019-05-17,19,Wind,0.002921932368117554,0
2019-05-17,20,Gas,0.5815998234232754,869
2019-05-17,20,Pumped Storage,0.41542844530233963,0
2019-05-17,20,Wind,0.002971731274384725,0
2019-05-17,21,Gas,0.8172079379899734,919
2019-05-17,21,Hydro,0.0001928108403508863,0
2019-05-17,21,Other,0.11071895612543126,2044
2019-05-17,21,Pumped Storage,0.06917524622335067,0
2019-05-17,21,Wind,0.0027050488208939854,0
2019-05-17,22,Gas,0.23539020313663622,822
2019-05-17,22,Hydro,0.001215519426719027,0
2019-05-17,22,Other,0.027635535766244033,2044
2019-05-17,22,Pumped Storage,0.7340479548262471,0
2019-05-17,22,Wind,0.0017107868441535849,0
2019-05-17,23,Gas,0.38785688370241256,1190
2019-05-17,23,Hydro,0.0007076001161290652,0
2019-05-17,23,Other,0.027758122218996414,2044
2019-05-17,23,Pumped Storage,0.4993939241540897,0
2019-05-17,23,Pumped Storage Demand,0.08327436665698924,0
2019-05-17,23,Wind,0.0010091031513829397,0
2019-05-18,0,Gas,0.9160457730514219,864
2019-05-18,0,Hydro,0.0006773384893579098,0
2019-05-18,0,Pumped Storage,0.08327688845922017,0
2019-05-18,1,Gas,0.7494538803228763,850
2019-05-18,1,Hydro,0.0006067996412484241,0
2019-05-18,1,Pumped Storage Demand,0.24981796010762544,0
2019-05-18,1,Wind,0.00012135992824968487,0
2019-05-18,2,Gas,0.7494415036186357,831
2019-05-18,2,Hydro,0.00043438607439443233,0
2019-05-18,2,Pumped Storage Demand,0.24981383453954525,0
2019-05-18,2,Wind,0.00031027576742459457,0
2019-05-18,3,Gas,0.5828878106749851,806
2019-05-18,3,Hydro,0.0007637531285969531,0
2019-05-18,3,Pumped Storage Demand,0.4163484361964179,0
2019-05-18,4,Gas,0.3330780721402955,806
2019-05-18,4,Hydro,0.0007657835791135226,0
2019-05-18,4,Pumped Storage Demand,0.666156144280591,0
2019-05-18,5,Gas,0.16654139187182238,841
2019-05-18,5,Hydro,0.0007516487690657212,0
2019-05-18,5,Pumped Storage Demand,0.8327069593591119,0
2019-05-18,6,Gas,0.9993367041709815,1123
2019-05-18,6,Hydro,0.0006632958290184593,0
2019-05-18,7,Gas,0.16666666666666666,1024
2019-05-18,7,Hydro,0.00045696176468179426,0
2019-05-18,7,Pumped Storage,0.8328763715686515,0
2019-05-18,8,Gas,0.8425925925925923,831
2019-05-18,8,Hydro,0.027849842112162095,0
2019-05-18,8,Wind,0.12955756529524529,0
2019-05-18,9,Gas,1.0,856
2019-05-18,10,Gas,1.0,857
2019-05-18,11,Gas,1.0,846
2019-05-18,12,Gas,0.7500000000000001,835
2019-05-18,12,Pumped Storage Demand,0.25,0
2019-05-18,13,Gas,1.0,853
2019-05-18,14,Gas,1.0,946
2019-05-18,15,Gas,0.6666666666666667,842
2019-05-18,15,Pumped Storage Demand,0.3333333333333333,0
2019-05-18,16,Gas,0.5833333333333335,1129
2019-05-18,16,Other,0.16666666666666669,2044
2019-05-18,16,Pumped Storage,0.25,0
2019-05-18,17,Gas,0.16666666666666669,1026
2019-05-18,17,Pumped Storage,0.8333333333333333,0
2019-05-18,18,Gas,0.5,1208
2019-05-18,18,Pumped Storage,0.5,0
2019-05-18,19,Gas,0.08333333333333334,1215
2019-05-18,19,Pumped Storage,0.9166666666666666,0
2019-05-18,20,Gas,0.25,1215
2019-05-18,20,Pumped Storage,0.75,0
2019-05-18,21,Gas,0.75,985
2019-05-18,21,Pumped Storage,0.25,0
2019-05-18,22,Gas,0.8888888888888888,841
2019-05-18,22,Other,0.1111111111111111,2044
2019-05-18,23,Gas,0.8472222222222223,814
2019-05-18,23,Other,0.1527777777777778,2044
2019-05-19,0,Gas,0.6666666666666667,835
2019-05-19,0,Pumped Storage Demand,0.33333333333333337,0
2019-05-19,1,Gas,0.8333333333333333,874
2019-05-19,1,Pumped Storage Demand,0.16666666666666666,0
2019-05-19,2,Gas,1.0,832
2019-05-19,3,Gas,0.33333333333333337,836
2019-05-19,3,Pumped Storage Demand,0.6666666666666666,0
2019-05-19,4,Gas,0.9166666666666666,822
2019-05-19,4,Pumped Storage Demand,0.08333333333333333,0
2019-05-19,5,Gas,1.0,832
2019-05-19,6,Pumped Storage Demand,1.0,0
2019-05-19,7,Gas,0.5,844
2019-05-19,7,Pumped Storage Demand,0.5,0
2019-05-19,8,Gas,0.25,837
2019-05-19,8,Pumped Storage Demand,0.5833333333333334,0
2019-05-19,8,Wind,0.16666666666666666,0
2019-05-19,9,Gas,0.25,854
2019-05-19,9,Pumped Storage Demand,0.75,0
2019-05-19,10,Gas,1.0,878
2019-05-19,11,Gas,0.45833333333333337,852
2019-05-19,11,Pumped Storage,0.5416666666666667,0
2019-05-19,12,Gas,0.7500000000000001,869
2019-05-19,12,Other,0.25,2044
2019-05-19,13,Gas,1.0,855
2019-05-19,14,Gas,0.9999999999999999,836
2019-05-19,15,Gas,0.5833333333333335,816
2019-05-19,15,Pumped Storage Demand,0.41666666666666674,0
2019-05-19,16,Gas,0.5,836
2019-05-19,16,Pumped Storage Demand,0.5,0
2019-05-19,17,Gas,0.625,869
2019-05-19,17,Pumped Storage,0.375,0
2019-05-19,18,Gas,0.5833333333333333,1004
2019-05-19,18,Pumped Storage,0.4166666666666667,0
2019-05-19,19,Gas,0.3333333333333333,948
2019-05-19,19,Pumped Storage,0.6666666666666666,0
2019-05-19,20,Gas,0.41666666666666663,1071
2019-05-19,20,Pumped Storage,0.5833333333333334,0
2019-05-19,21,Gas,0.41666666666666663,984
2019-05-19,21,Pumped Storage,0.5833333333333333,0
2019-05-19,22,Gas,1.0,868
2019-05-19,23,Gas,0.969537168511678,854
2019-05-19,23,Other,0.02769386984932327,2044
2019-05-19,23,Wind,0.0027689616389986946,0
2019-05-20,0,Gas,0.08333333333333333,947
2019-05-20,0,Other,0.6666666666666666,2046
2019-05-20,0,Pumped Storage Demand,0.25,0
2019-05-20,1,Gas,1.0,847
2019-05-20,2,Gas,1.0,841
2019-05-20,3,Gas,1.0,846
2019-05-20,4,Gas,0.8333333333333334,833
2019-05-20,4,Pumped Storage Demand,0.16666666666666666,0
2019-05-20,5,Gas,1.0,863
2019-05-20,6,Gas,0.9999439093442031,801
2019-05-20,6,Hydro,5.609065579702386e-05,0
2019-05-20,7,Gas,0.9995158676541004,863
2019-05-20,7,Hydro,0.0004841323458996291,0
2019-05-20,8,Gas,0.9993696165919583,852
2019-05-20,8,Hydro,0.0006303834080416764,0
2019-05-20,9,Gas,0.9995559237087039,876
2019-05-20,9,Wind,0.0004440762912963045,0
2019-05-20,10,Gas,0.9995545667484214,868
2019-05-20,10,Other,0.00029695550105230105,2048
2019-05-20,10,Wind,0.00014847775052615053,0
2019-05-20,11,Gas,0.9996333865946138,881
2019-05-20,11,Wind,0.00036661340538625707,0
2019-05-20,12,Gas,0.9998710407189944,875
2019-05-20,12,Wind,0.0001289592810056897,0
2019-05-20,13,Gas,0.8474773916479836,860
2019-05-20,13,Other,6.938080658695709e-05,2048
2019-05-20,13,Pumped Storage,0.15238384673884245,0
2019-05-20,13,Wind,6.938080658695709e-05,0
2019-05-20,14,Gas,0.9995890638893443,861
2019-05-20,14,Other,0.0004109361106558349,2048
2019-05-20,15,Gas,0.9995884408154659,864
2019-05-20,15,Other,0.0003429659871117017,2048
2019-05-20,15,Wind,6.859319742234034e-05,0
2019-05-20,16,Gas,0.7694983811758194,891
2019-05-20,16,Hydro,0.0007146005358353845,0
2019-05-20,16,Pumped Storage,0.2268558842624096,0
2019-05-20,16,Wind,0.0029311340259356527,0
2019-05-20,17,Gas,0.695784646666853,852
2019-05-20,17,Hydro,0.0007160829536654984,0
2019-05-20,17,Pumped Storage,0.30064557134288394,0
2019-05-20,17,Wind,0.0028536990365976658,0
2019-05-20,18,Gas,0.04840894529020076,897
2019-05-20,18,Hydro,0.0008135911474607076,0
2019-05-20,18,Pumped Storage,0.9479367661901652,0
2019-05-20,18,Wind,0.0028406973721735404,0
2019-05-20,19,Hydro,0.0005306059921822258,0
2019-05-20,19,Other,0.0001768686640607419,3398
2019-05-20,19,Pumped Storage,0.9962303925607188,0
2019-05-20,19,Wind,0.0030621327830380653,0
2019-05-20,20,Gas,0.4981087400637254,888
2019-05-20,20,Hydro,0.0006537333111896722,0
2019-05-20,20,Other,5.9430301017242936e-05,3398
2019-05-20,20,Pumped Storage,0.4981087400637254,0
2019-05-20,20,Wind,0.003069356260342314,0
2019-05-20,21,Gas,0.3736270052932705,911
2019-05-20,21,Hydro,0.0007203671383283247,0
2019-05-20,21,Pumped Storage,0.6226154080535543,0
2019-05-20,21,Wind,0.003037219514846801,0
2019-05-20,22,Gas,0.4150850837482522,911
2019-05-20,22,Hydro,0.0006401093784137184,0
2019-05-20,22,Pumped Storage,0.5826884585777112,0
2019-05-20,22,Wind,0.0015863482956229313,0
2019-05-20,23,Gas,0.9960342481181403,892
2019-05-20,23,Hydro,0.0007249147820294111,0
2019-05-20,23,Wind,0.003240837099830079,0
2019-05-21,0,Gas,0.9987364257564861,859
2019-05-21,0,Hydro,0.0005345177149449598,0
2019-05-21,0,Wind,0.0007290565285688302,0
2019-05-21,1,Gas,0.9988154023444481,864
2019-05-21,1,Hydro,0.0006626767703596952,0
2019-05-21,1,Wind,0.0005219208851922249,0
2019-05-21,2,Gas,0.9989761868682101,879
2019-05-21,2,Hydro,0.0005845427767379945,0
2019-05-21,2,Wind,0.00043927035505197,0
2019-05-21,3,Gas,0.9988055087313933,863
2019-05-21,3,Hydro,0.0007240998133996729,0
2019-05-21,3,Wind,0.000470391455207005,0
2019-05-21,4,Gas,0.9988087646132265,866
2019-05-21,4,Hydro,0.0007276464779912251,0
2019-05-21,4,Wind,0.0004635889087822791,0
2019-05-21,5,Gas,0.9987308829510713,870
2019-05-21,5,Hydro,0.0006855963872839068,0
2019-05-21,5,Wind,0.0005835206616450337,0
2019-05-21,6,Gas,0.4147458702723168,808
2019-05-21,6,Hydro,0.001176139281181079,0
2019-05-21,6,Pumped Storage,0.5812650268323156,0
2019-05-21,6,Wind,0.0028129636141865093,0
2019-05-21,7,Gas,0.6633807891525674,844
2019-05-21,7,Hydro,0.0016162599276003343,0
2019-05-21,7,Pumped Storage,0.33169039457628363,0
2019-05-21,7,Wind,0.0033125563435486447,0
2019-05-21,8,Gas,0.9951171258706457,976
2019-05-21,8,Hydro,0.0015765541770564873,0
2019-05-21,8,Wind,0.0033063199522980107,0
2019-05-21,9,Gas,0.9980538955736826,884
2019-05-21,9,Hydro,0.0010457479302417867,0
2019-05-21,9,Wind,0.0009003564960756208,0
2019-05-21,10,Gas,0.9974050900695228,912
2019-05-21,10,Hydro,0.001339731751007771,0
2019-05-21,10,Wind,0.0012551781794694066,0
2019-05-21,11,Gas,0.9966904952053257,971
2019-05-21,11,Hydro,0.0016814319506017411,0
2019-05-21,11,Wind,0.0016280728440726659,0
2019-05-21,12,Gas,0.7476145286784465,853
2019-05-21,12,Hydro,0.0015951026792365335,0
2019-05-21,12,Pumped Storage Demand,0.24881111667154368,0
2019-05-21,12,Wind,0.001979251970773355,0
2019-05-21,13,Gas,0.7868956765575998,883
2019-05-21,13,Hydro,0.0013001641777677655,0
2019-05-21,13,Wind,0.21180415926463242,0
2019-05-21,14,Gas,0.49759520236301574,866
2019-05-21,14,Hydro,0.0015164518127671633,0
2019-05-21,14,Wind,0.500888345824217,0
2019-05-21,15,Gas,0.5386830823863622,893
2019-05-21,15,Hydro,0.0017404941771752254,0
2019-05-21,15,Wind,0.4595764234364627,0
2019-05-21,16,Gas,0.9943145476845957,879
2019-05-21,16,Hydro,0.0010857698788099958,0
2019-05-21,16,Wind,0.004599682436594228,0
2019-05-21,17,Gas,0.6623465095908212,889
2019-05-21,17,Hydro,0.0011824435935359607,0
2019-05-21,17,Pumped Storage,0.33147035326574953,0
2019-05-21,17,Wind,0.005000693549893556,0
2019-05-21,18,Hydro,0.08400507025236979,0
2019-05-21,18,Pumped Storage,0.9119292313769777,0
2019-05-21,18,Wind,0.004065698370652601,0
2019-05-21,19,Gas,0.12418979736592156,878
2019-05-21,19,Hydro,0.0009144246828598699,0
2019-05-21,19,Pumped Storage,0.8697747354499784,0
2019-05-21,19,Wind,0.005121042501240316,0
2019-05-21,20,Gas,0.6625407266113895,881
2019-05-21,20,Hydro,0.0008238312345498832,0
2019-05-21,20,Pumped Storage,0.33127036330569476,0
2019-05-21,20,Wind,0.005365078848365755,0
2019-05-21,21,Gas,0.4972924936660521,910
2019-05-21,21,Hydro,0.0002726846127879347,0
2019-05-21,21,Other,0.08307146145830989,2046
2019-05-21,21,Pumped Storage,0.41439004543320085,0
2019-05-21,21,Wind,0.004973314829649196,0
2019-05-21,22,Gas,0.6422307314355402,843
2019-05-21,22,Hydro,0.0005358481491998387,0
2019-05-21,22,Other,0.021007902309782105,2055
2019-05-21,22,Pumped Storage,0.3314853548353612,0
2019-05-21,22,Wind,0.004740163270116925,0
2019-05-21,23,Gas,0.7470552352652731,815
2019-05-21,23,Hydro,0.07719555401046392,0
2019-05-21,23,Other,0.08307962868718316,2048
2019-05-21,23,Wind,0.09266958203708027,0
2019-05-22,0,Gas,0.24912975544905855,866
2019-05-22,0,Hydro,0.20824342808061302,0
2019-05-22,0,Pumped Storage Demand,0.4152162590817643,0
2019-05-22,0,Wind,0.1274105573885642,0
2019-05-22,1,Gas,0.2490266314772918,806
2019-05-22,1,Hydro,0.00018206319577355565,0
2019-05-22,1,Other,0.000142915018843021,2048
2019-05-22,1,Pumped Storage Demand,0.7471360229341735,0
2019-05-22,1,Wind,0.0035123673739182555,0
2019-05-22,2,Gas,0.3332083481541914,832
2019-05-22,2,Other,0.00012498517914185707,3240
2019-05-22,2,Pumped Storage Demand,0.6663422161844059,0
2019-05-22,2,Wind,0.0003244504822607513,0
2019-05-22,3,Gas,0.16656441897989102,806
2019-05-22,3,Pumped Storage Demand,0.8328220948994554,0
2019-05-22,3,Wind,0.0006134861206537185,0
2019-05-22,4,Gas,0.7497316998540425,806
2019-05-22,4,Pumped Storage Demand,0.2499105666180141,0
2019-05-22,4,Wind,0.0003577335279433713,0
2019-05-22,5,Gas,0.3552311281889329,841
2019-05-22,5,Hydro,0.15909090909090906,0
2019-05-22,5,Other,2.8355823758148183e-05,2048
2019-05-22,5,Pumped Storage Demand,0.4152652996647058,0
2019-05-22,5,Wind,0.07038430723169384,0
2019-05-22,6,Gas,0.7500000000000001,865
2019-05-22,6,Pumped Storage Demand,0.25,0
2019-05-22,7,Gas,0.6246678157492483,869
2019-05-22,7,Other,0.041688812283383433,2044
2019-05-22,7,Pumped Storage,0.3333333333333333,0
2019-05-22,7,Wind,0.00031003863403483614,0
2019-05-22,8,Gas,0.9161933887188083,911
2019-05-22,8,Other,4.3025267987123834e-05,2048
2019-05-22,8,Pumped Storage,0.08329030806534621,0
2019-05-22,8,Wind,0.0004732779478583622,0
2019-05-22,9,Gas,0.9994842131158288,868
2019-05-22,9,Hydro,0.00047280464382372996,0
2019-05-22,9,Wind,4.298224034761182e-05,0
2019-05-22,10,Gas,0.9980018149729187,892
2019-05-22,10,Other,0.000307819795145066,2048
2019-05-22,10,Wind,0.0016903652319360282,0
2019-05-22,11,Gas,0.9977833646008987,863
2019-05-22,11,Other,0.00023261646658957004,2048
2019-05-22,11,Wind,0.0019840189325119146,0
2019-05-22,12,Gas,0.666258135607394,924
2019-05-22,12,Pumped Storage,0.333129067803697,0
2019-05-22,12,Wind,0.0006127965889090455,0
2019-05-22,13,Gas,0.6663216969170921,926
2019-05-22,13,Hydro,8.624243739362016e-05,0
2019-05-22,13,Other,0.0003018485308776705,2048
2019-05-22,13,Pumped Storage,0.33329021211463655,0
2019-05-22,14,Gas,0.9998302984004919,880
2019-05-22,14,Other,0.0001697015995082381,2048
2019-05-22,15,Gas,1.0,876
2019-05-22,16,Gas,0.8746722893775536,824
2019-05-22,16,Hydro,0.0003794544049381416,0
2019-05-22,16,Other,0.12494825621750845,2044
2019-05-22,17,Gas,0.49980071592106146,872
2019-05-22,17,Hydro,0.0003985681578771477,0
2019-05-22,17,Pumped Storage,0.4998007159210614,0
2019-05-22,18,Gas,0.41647001428314884,855
2019-05-22,18,Hydro,0.0004719657204427402,0
2019-05-22,18,Pumped Storage,0.5830580199964084,0
2019-05-22,19,Gas,0.0833002622846765,641
2019-05-22,19,Hydro,0.00039685258388219986,0
2019-05-22,19,Other,0.0833002622846765,2044
2019-05-22,19,Pumped Storage,0.8330026228467649,0
2019-05-22,20,Gas,0.49980224836647674,862
2019-05-22,20,Hydro,6.591721117441632e-05,0
2019-05-22,20,Other,0.0002307102391104571,2048
2019-05-22,20,Pumped Storage,0.49990112418323845,0
2019-05-22,21,Gas,0.9997353504371254,922
2019-05-22,21,Other,0.00026464956287466094,2048
2019-05-22,22,Gas,0.9718738847757384,879
2019-05-22,22,Other,0.028126115224261488,2044
2019-05-22,23,Gas,0.8332919468361016,825
2019-05-22,23,Other,0.16670805316389842,2044
2019-05-23,0,Gas,0.8331542484307642,908
2019-05-23,0,Other,0.0835124182359025,2044
2019-05-23,0,Pumped Storage Demand,0.08333333333333334,0
2019-05-23,1,Gas,0.6666666666666666,854
2019-05-23,1,Pumped Storage Demand,0.3333333333333333,0
2019-05-23,2,Gas,1.0,848
2019-05-23,3,Gas,0.7499589826622187,868
2019-05-23,3,Hydro,4.1017337781359067e-05,0
2019-05-23,3,Other,0.25,2044
2019-05-23,4,Demand Response,0.3333333333333333,0
2019-05-23,4,Gas,0.24996052177425152,897
2019-05-23,4,Hydro,0.00011843467724545248,0
2019-05-23,4,Other,0.16666666666666666,2048
2019-05-23,4,Pumped Storage Demand,0.24992104354850306,0
2019-05-23,5,Gas,0.33318460291215785,819
2019-05-23,5,Hydro,0.0004461912635264998,0
2019-05-23,5,Pumped Storage Demand,0.6663692058243157,0
2019-05-23,6,Gas,0.9995044308461734,882
2019-05-23,6,Hydro,0.0004955691538266619,0
2019-05-23,7,Gas,0.9161610252223625,870
2019-05-23,7,Hydro,0.08383897477763765,0
2019-05-23,8,Gas,0.9993380105254619,892
2019-05-23,8,Hydro,0.0006619894745380595,0
2019-05-23,9,Gas,0.832855568834715,946
2019-05-23,9,Hydro,0.000573317398341985,0
2019-05-23,9,Pumped Storage,0.166571113766943,0
2019-05-23,10,Gas,0.7912313626883939,918
2019-05-23,10,Hydro,0.00043530397827283964,0
2019-05-23,10,Pumped Storage,0.20833333333333334,0
2019-05-23,11,Gas,0.9996240589744585,883
2019-05-23,11,Hydro,0.0003759410255415271,0
2019-05-23,12,Gas,0.9994298363160189,861
2019-05-23,12,Hydro,0.000570163683981185,0
2019-05-23,13,Gas,0.9995087892249658,866
2019-05-23,13,Hydro,0.0004912107750342386,0
2019-05-23,14,Gas,0.999437351951159,867
2019-05-23,14,Hydro,0.0005626480488409612,0
2019-05-23,15,Gas,0.5831512385157274,869
2019-05-23,15,Hydro,0.0004097133396137366,0
2019-05-23,15,Pumped Storage,0.4164390481446591,0
2019-05-23,16,Gas,0.5830597216221287,859
2019-05-23,16,Hydro,0.0004690486477794127,0
2019-05-23,16,Pumped Storage,0.41647122973009193,0
2019-05-23,17,Gas,0.9996094496803426,896
2019-05-23,17,Hydro,0.0003905503196572893,0
2019-05-23,18,Gas,0.9996145506763131,913
2019-05-23,18,Hydro,0.0003854493236868806,0
2019-05-23,19,Gas,0.7497089533719156,906
2019-05-23,19,Hydro,0.0003880621707791254,0
2019-05-23,19,Wind,0.2499029844573052,0
2019-05-23,20,Gas,0.9995392313278209,912
2019-05-23,20,Hydro,0.00046076867217906996,0
2019-05-23,21,Gas,0.9996104626312118,859
2019-05-23,21,Hydro,0.0003895373687882101,0
2019-05-23,22,Gas,0.6663859361555322,840
2019-05-23,22,Hydro,0.00042109576670164875,0
2019-05-23,22,Pumped Storage Demand,0.3331929680777661,0
2019-05-23,23,Gas,0.9998107557671871,886
2019-05-23,23,Hydro,4.731105820311341e-05,0
2019-05-23,23,Other,0.0001419331746093402,2048
2019-05-24,0,Gas,0.9995665129785134,882
2019-05-24,0,Hydro,0.0004334870214865011,0
2019-05-24,1,Gas,0.9991800947354084,806
2019-05-24,1,Hydro,0.00027330175486386905,0
2019-05-24,1,Other,0.00027330175486386905,2048
2019-05-24,1,Wind,0.0002733017548638691,0
2019-05-24,2,Gas,0.08319182897574078,806
2019-05-24,2,Other,9.43362383950472e-05,2048
2019-05-24,2,Pumped Storage Demand,0.9150157824947533,0
2019-05-24,2,Wind,0.0016980522911108496,0
2019-05-24,3,Gas,0.6650886675776077,977
2019-05-24,3,Hydro,0.0006016906817928517,0
2019-05-24,3,Pumped Storage Demand,0.33266467192516236,0
2019-05-24,3,Wind,0.001644969815437149,0
2019-05-24,4,Gas,0.831308163626401,898
2019-05-24,4,Hydro,0.0007242586243359528,0
2019-05-24,4,Pumped Storage Demand,0.16626163272528022,0
2019-05-24,4,Wind,0.001705945023982835,0
2019-05-24,5,Gas,0.746433170917858,806
2019-05-24,5,Hydro,0.0013203237192135724,0
2019-05-24,5,Pumped Storage Demand,0.24926041017366013,0
2019-05-24,5,Wind,0.002986095189268296,0
2019-05-24,6,Gas,0.6646070030381713,806
2019-05-24,6,Hydro,0.0011514896930218948,0
2019-05-24,6,Other,0.00015769645644752225,3240
2019-05-24,6,Pumped Storage Demand,0.08304630729418752,0
2019-05-24,6,Wind,0.2510375035181717,0
2019-05-24,7,Gas,0.9142014645969192,927
2019-05-24,7,Hydro,0.0005918865976528898,0
2019-05-24,7,Other,0.00016760562951161477,3240
2019-05-24,7,Wind,0.08503904317591639,0
2019-05-24,8,Gas,0.9146212404572873,926
2019-05-24,8,Hydro,0.00024924589245358314,0
2019-05-24,8,Other,8.607655481357119e-05,3398
2019-05-24,8,Wind,0.08504343709544541,0
2019-05-24,9,Gas,0.9972653715385447,920
2019-05-24,9,Hydro,0.0003804003379839017,0
2019-05-24,9,Wind,0.002354228123471736,0
2019-05-24,10,Gas,0.33243348169761977,875
2019-05-24,10,Other,0.0831739252276316,2044
2019-05-24,10,Pumped Storage Demand,0.3326957009105264,0
2019-05-24,10,Wind,0.25169689216422225,0
2019-05-24,11,Gas,0.7897943582998033,874
2019-05-24,11,Hydro,0.0003711478532543365,0
2019-05-24,11,Other,0.12477134641183438,2044
2019-05-24,11,Pumped Storage Demand,0.08318089760788958,0
2019-05-24,11,Wind,0.0018822498272184202,0
2019-05-24,12,Gas,0.9981096532712217,934
2019-05-24,12,Hydro,4.67576929379827e-05,0
2019-05-24,12,Wind,0.0018435890358404615,0
2019-05-24,13,Gas,0.9969219127997078,936
2019-05-24,13,Hydro,0.00026900427078176804,0
2019-05-24,13,Wind,0.0028090829295105025,0
2019-05-24,14,Gas,0.9976262024152357,896
2019-05-24,14,Hydro,0.0003224975893714057,0
2019-05-24,14,Wind,0.0020512999953927777,0
2019-05-24,15,Gas,0.9997660926856622,930
2019-05-24,15,Hydro,0.00023390731433794204,0
2019-05-24,16,Gas,0.3331727448832445,867
2019-05-24,16,Hydro,0.00016058845008882195,0
2019-05-24,16,Other,0.25008029422504435,2048
2019-05-24,16,Pumped Storage,0.4165863724416223,0
2019-05-24,17,Gas,0.33317398674984966,870
2019-05-24,17,Hydro,0.0003186931669673148,0
2019-05-24,17,Other,0.00015934658348365737,2048
2019-05-24,17,Pumped Storage,0.6663479734996993,0
2019-05-24,18,Gas,0.49976079194476974,859
2019-05-24,18,Hydro,0.0004784161104605265,0
2019-05-24,18,Pumped Storage,0.4997607919447698,0
2019-05-24,19,Gas,0.9995230136337743,865
2019-05-24,19,Hydro,0.0004769863662258311,0
2019-05-24,20,Gas,0.16658455892121934,837
2019-05-24,20,Hydro,0.0004926464726840543,0
2019-05-24,20,Pumped Storage,0.8329227946060966,0
2019-05-24,21,Gas,0.5830474098340392,862
2019-05-24,21,Hydro,0.0004901545702185712,0
2019-05-24,21,Pumped Storage,0.4164624355957423,0
2019-05-24,22,Gas,0.5830692151841327,854
2019-05-24,22,Hydro,0.00035215753226762675,0
2019-05-24,22,Pumped Storage,0.41657862728359984,0
2019-05-24,23,Gas,0.5414255289128381,831
2019-05-24,23,Hydro,0.00028936530459422986,0
2019-05-24,23,Pumped Storage,0.45828510578256765,0
2019-05-25,0,Gas,0.9162958438342812,836
2019-05-25,0,Hydro,0.00042379752272648336,0
2019-05-25,0,Pumped Storage,0.08328035864299253,0
2019-05-25,1,Gas,0.99932031552532,840
2019-05-25,1,Hydro,0.0006796844746800278,0
2019-05-25,2,Gas,0.7495581002478251,841
2019-05-25,2,Hydro,0.0005891996695665155,0
2019-05-25,2,Pumped Storage Demand,0.24985270008260838,0
2019-05-25,3,Gas,1.0,881
2019-05-25,4,Gas,0.16666666666666669,848
2019-05-25,4,Pumped Storage Demand,0.8333333333333334,0
2019-05-25,5,Gas,0.49999999999999994,847
2019-05-25,5,Pumped Storage Demand,0.49999999999999994,0
2019-05-25,6,Gas,0.5833333333333334,825
2019-05-25,6,Pumped Storage Demand,0.4166666666666667,0
2019-05-25,7,Gas,0.75,860
2019-05-25,7,Pumped Storage,0.25,0
2019-05-25,8,Gas,0.6666666666666666,840
2019-05-25,8,Pumped Storage,0.3333333333333333,0
2019-05-25,9,Gas,0.9994575555931005,844
2019-05-25,9,Hydro,0.0005424444068995938,0
2019-05-25,10,Gas,0.999423113995732,853
2019-05-25,10,Hydro,0.0005768860042679617,0
2019-05-25,11,Gas,0.8885054292834654,943
2019-05-25,11,Hydro,0.00038345960542329,0
2019-05-25,11,Other,0.11111111111111109,2044
2019-05-25,12,Gas,0.7916187891750851,860
2019-05-25,12,Hydro,4.787749158160885e-05,0
2019-05-25,12,Other,0.20833333333333334,2044
2019-05-25,13,Gas,0.9994797288279236,822
2019-05-25,13,Hydro,0.0005202711720763843,0
2019-05-25,14,Gas,0.8746200751107274,836
2019-05-25,14,Hydro,0.0003799248892725653,0
2019-05-25,14,Other,0.125,2044
2019-05-25,15,Gas,0.8332165879064188,831
2019-05-25,15,Hydro,0.00011674542691463126,0
2019-05-25,15,Other,0.08333333333333333,2044
2019-05-25,15,Pumped Storage,0.08333333333333333,0
2019-05-25,16,Gas,0.7495868455309573,818
2019-05-25,16,Hydro,0.0005508726253903075,0
2019-05-25,16,Pumped Storage,0.24986228184365245,0
2019-05-25,17,Gas,0.582971569543736,838
2019-05-25,17,Hydro,0.0006201664964527773,0
2019-05-25,17,Pumped Storage,0.24984495837588686,0
2019-05-25,17,Wind,0.16656330558392457,0
2019-05-25,18,Gas,0.9994817773201743,887
2019-05-25,18,Hydro,0.0005182226798255902,0
2019-05-25,19,Gas,0.9994773208070481,918
2019-05-25,19,Hydro,0.0005226791929518965,0
2019-05-25,20,Gas,0.9994909843623652,849
2019-05-25,20,Hydro,0.0005090156376346567,0
2019-05-25,21,Gas,0.9994843358586258,850
2019-05-25,21,Hydro,0.0005156641413741378,0
2019-05-25,22,Gas,0.9574381635407793,838
2019-05-25,22,Hydro,0.0004230353914379613,0
2019-05-25,22,Other,0.04164743778523767,2044
2019-05-25,22,Wind,0.0004913632825450309,0
2019-05-25,23,Gas,0.3331661751159489,842
2019-05-25,23,Hydro,0.03362586021375586,0
2019-05-25,23,Pumped Storage Demand,0.24987463133696167,0
2019-05-25,23,Wind,0.3833333333333332,0
2019-05-26,0,Gas,0.8308425513032669,844
2019-05-26,0,Hydro,0.0004073922727499163,0
2019-05-26,0,Wind,0.16875005642398322,0
2019-05-26,1,Hydro,0.25019375445667574,0
2019-05-26,1,Pumped Storage Demand,0.41662791577533154,0
2019-05-26,1,Wind,0.3331783297679928,0
2019-05-26,2,Hydro,0.4168672592060171,0
2019-05-26,2,Pumped Storage Demand,0.24995988149212997,0
2019-05-26,2,Wind,0.3331728593018531,0
2019-05-26,3,Gas,0.16666666666666666,1263
2019-05-26,3,Hydro,0.6112226025804649,0
2019-05-26,3,Wind,0.22211073075286836,0
2019-05-26,4,Gas,0.24991794747055768,988
2019-05-26,4,Hydro,0.5556376080849974,0
2019-05-26,4,Wind,0.1944444444444443,0
2019-05-26,5,Gas,0.7551804697311488,855
2019-05-26,5,Hydro,0.03926397471329561,0
2019-05-26,5,Wind,0.20555555555555552,0
2019-05-26,6,Hydro,0.5682870370370371,0
2019-05-26,6,Wind,0.4317129629629629,0
2019-05-26,7,Gas,0.016666666666666663,1184
2019-05-26,7,Hydro,0.30185185185185176,0
2019-05-26,7,Wind,0.6814814814814814,0
2019-05-26,8,Gas,0.02272727272727273,1184
2019-05-26,8,Hydro,0.8030303030303032,0
2019-05-26,8,Other,0.08333333333333336,4018
2019-05-26,8,Wind,0.09090909090909093,0
2019-05-26,9,Gas,0.016666666666666673,1184
2019-05-26,9,Hydro,0.6333333333333334,0
2019-05-26,9,Wind,0.35,0
2019-05-26,10,Gas,0.5914326830527792,1206
2019-05-26,10,Hydro,0.26332922170912515,0
2019-05-26,10,Wind,0.1452380952380952,0
2019-05-26,11,Gas,0.16666666666666669,1054
2019-05-26,11,Hydro,0.28571428571428575,0
2019-05-26,11,Wind,0.5476190476190477,0
2019-05-26,12,Gas,0.9996920923289083,995
2019-05-26,12,Hydro,0.00030790767109171606,0
2019-05-26,13,Gas,0.08329061346538442,1263
2019-05-26,13,Hydro,0.9167093865346156,0
2019-05-26,14,Gas,0.17701339535724814,885
2019-05-26,14,Hydro,0.6042366046427523,0
2019-05-26,14,Wind,0.2187500000000001,0
2019-05-26,15,Gas,0.49957537630679183,861
2019-05-26,15,Hydro,0.0009173528328087916,0
2019-05-26,15,Pumped Storage,0.49944958830031466,0
2019-05-26,15,Wind,5.768256008459548e-05,0
2019-05-26,16,Gas,0.9994742719997909,891
2019-05-26,16,Hydro,0.00035620829352656764,0
2019-05-26,16,Other,0.00016951970668245152,3240
2019-05-26,17,Gas,0.9994055047074127,885
2019-05-26,17,Hydro,0.0005944952925872863,0
2019-05-26,18,Gas,0.9995521560621167,996
2019-05-26,18,Hydro,0.0004478439378833461,0
2019-05-26,19,Gas,0.999620642571744,903
2019-05-26,19,Hydro,0.000379357428255836,0
2019-05-26,20,Gas,0.9996182886701235,934
2019-05-26,20,Hydro,0.000381711329876466,0
2019-05-26,21,Gas,0.9996240588085483,889
2019-05-26,21,Hydro,0.00037594119145159115,0
2019-05-26,22,Gas,0.9995954978530828,852
2019-05-26,22,Hydro,0.00040450214691738315,0
2019-05-26,23,Gas,0.8332215371273858,863
2019-05-26,23,Hydro,0.00018632700991272607,0
2019-05-26,23,Other,0.16659213586270158,2044
2019-05-27,0,Gas,0.9992172898581702,888
2019-05-27,0,Hydro,0.0007827101418297059,0
2019-05-27,1,Gas,0.4997340735608224,1202
2019-05-27,1,Hydro,0.0004432107319628178,0
2019-05-27,1,Pumped Storage,0.49982271570721487,0
2019-05-27,2,Gas,0.4164829899327285,851
2019-05-27,2,Hydro,0.00044082416145154466,0
2019-05-27,2,Pumped Storage,0.24988979395963706,0
2019-05-27,2,Pumped Storage Demand,0.24988979395963706,0
2019-05-27,2,Wind,0.08329659798654569,0
2019-05-27,3,Gas,0.9162441275931817,852
2019-05-27,3,Hydro,0.00046095171652907633,0
2019-05-27,3,Pumped Storage Demand,0.08329492069028925,0
2019-05-27,4,Gas,0.5830676377834958,979
2019-05-27,4,Hydro,0.00045547808543593485,0
2019-05-27,4,Pumped Storage Demand,0.4164768841310684,0
2019-05-27,5,Gas,0.08330415267114641,1263
2019-05-27,5,Hydro,0.00014590331093466806,0
2019-05-27,5,Pumped Storage Demand,0.916549944017919,0
2019-05-27,6,Gas,0.1666286335459694,845
2019-05-27,6,Hydro,9.508280174313414e-05,0
2019-05-27,6,Pumped Storage Demand,0.8332762836522875,0
2019-05-27,7,Gas,0.24991086874623936,847
2019-05-27,7,Hydro,0.0003119593881621796,0
2019-05-27,7,Pumped Storage Demand,0.7497771718655984,0
2019-05-27,8,Gas,0.5830486986345341,874
2019-05-27,8,Hydro,0.0004879451979414715,0
2019-05-27,8,Pumped Storage Demand,0.4164633561675244,0
2019-05-27,9,Gas,0.9996740710722251,928
2019-05-27,9,Hydro,0.0003259289277750015,0
2019-05-27,10,Gas,0.7647504804575207,1008
2019-05-27,10,Hydro,0.12918891348187317,0
2019-05-27,10,Wind,0.10606060606060605,0
2019-05-27,11,Gas,0.9995641776737085,869
2019-05-27,11,Hydro,0.0004358223262914701,0
2019-05-27,12,Gas,0.9996433870856563,908
2019-05-27,12,Hydro,0.00035661291434394026,0
2019-05-27,13,Gas,0.6663828890934409,1033
2019-05-27,13,Hydro,0.09760650435263211,0
2019-05-27,13,Pumped Storage Demand,0.16659572227336022,0
2019-05-27,13,Wind,0.06941488428056676,0
2019-05-27,14,Gas,0.3331919029518991,905
2019-05-27,14,Hydro,0.00042429114430286364,0
2019-05-27,14,Pumped Storage Demand,0.6663838059037981,0
2019-05-27,15,Gas,0.9995877976432457,952
2019-05-27,15,Hydro,0.00041220235675450297,0
2019-05-27,16,Gas,0.9996002636309819,900
2019-05-27,16,Hydro,0.0003997363690180784,0
2019-05-27,17,Gas,0.41653676308591603,885
2019-05-27,17,Hydro,0.0003247589518767039,0
2019-05-27,17,Pumped Storage,0.5831384779622073,0
2019-05-27,18,Gas,0.49993707387922826,840
2019-05-27,18,Hydro,0.16685544502898214,0
2019-05-27,18,Pumped Storage,0.3332074810917897,0
2019-05-27,19,Gas,0.24992510977126897,1003
2019-05-27,19,Hydro,0.00029956091492394356,0
2019-05-27,19,Pumped Storage,0.7497753293138071,0
2019-05-27,20,Gas,0.4165097633960463,923
2019-05-27,20,Hydro,0.0001882839247445791,0
2019-05-27,20,Pumped Storage,0.5833019526792093,0
2019-05-27,21,Gas,0.9164376686555364,969
2019-05-27,21,Hydro,0.0002671643463185895,0
2019-05-27,21,Pumped Storage,0.08329516699814496,0
2019-05-27,22,Gas,0.9998325610690093,912
2019-05-27,22,Hydro,0.00016743893099064604,0
2019-05-27,23,Gas,0.7082085538342353,962
2019-05-27,23,Hydro,0.08345811283243137,0
2019-05-27,23,Other,0.20833333333333334,2044
2019-05-28,0,Gas,0.8470268098594214,890
2019-05-28,0,Hydro,0.0002171248475564549,0
2019-05-28,0,Other,0.15275606529302213,2044
2019-05-28,1,Gas,0.8332209962872746,931
2019-05-28,1,Hydro,0.00011233704605865578,0
2019-05-28,1,Pumped Storage Demand,0.16666666666666666,0
2019-05-28,2,Gas,0.41642623889227387,1098
2019-05-28,2,Hydro,0.0005770266585427474,0
2019-05-28,2,Pumped Storage Demand,0.5829967344491834,0
2019-05-28,3,Gas,0.9994918582729718,841
2019-05-28,3,Hydro,0.0005081417270281895,0
2019-05-28,4,Gas,0.9999604017057083,1020
2019-05-28,4,Hydro,3.959829429164792e-05,0
2019-05-28,5,Demand Response,0.16666666666666669,0
2019-05-28,5,Gas,0.5833333333333335,1138
2019-05-28,5,Other,0.12500000000000003,2044
2019-05-28,5,Pumped Storage,0.12500000000000003,0
2019-05-28,6,Gas,0.41666666666666663,829
2019-05-28,6,Pumped Storage,0.5833333333333334,0
2019-05-28,7,Gas,0.33333333333333337,984
2019-05-28,7,Other,0.08333333333333334,2044
2019-05-28,7,Pumped Storage,0.5833333333333333,0
2019-05-28,8,Gas,0.8333333333333333,878
2019-05-28,8,Pumped Storage,0.16666666666666666,0
2019-05-28,9,Gas,0.9999999999999999,975
2019-05-28,10,Demand Response,0.08333333333333333,0
2019-05-28,10,Gas,0.12499999999999997,857
2019-05-28,10,Pumped Storage,0.7916666666666666,0
2019-05-28,11,Gas,0.2916666666666667,857
2019-05-28,11,Pumped Storage,0.7083333333333334,0
2019-05-28,12,Gas,0.5277777777777778,937
2019-05-28,12,Pumped Storage,0.47222222222222227,0
2019-05-28,13,Gas,0.8328217299107218,870
2019-05-28,13,Other,0.16615506324405518,2044
2019-05-28,13,Wind,0.0010232068452230517,0
2019-05-28,14,Gas,0.7637153745862512,939
2019-05-28,14,Pumped Storage,0.23602435395979227,0
2019-05-28,14,Wind,0.0002602714539565785,0
2019-05-28,15,Gas,0.1666666666666667,1003
2019-05-28,15,Pumped Storage,0.8333333333333334,0
2019-05-28,16,Gas,0.6666666666666667,984
2019-05-28,16,Pumped Storage,0.3333333333333333,0
2019-05-28,17,Gas,0.41666666666666663,1043
2019-05-28,17,Pumped Storage,0.5833333333333333,0
2019-05-28,18,Gas,0.16666666666666666,896
2019-05-28,18,Pumped Storage,0.8333333333333333,0
2019-05-28,19,Gas,0.6666666666666667,872
2019-05-28,19,Pumped Storage,0.33333333333333337,0
2019-05-28,20,Gas,0.5416666666666665,992
2019-05-28,20,Pumped Storage,0.45833333333333337,0
2019-05-28,21,Gas,0.5416666666666667,853
2019-05-28,21,Other,0.2916666666666667,2044
2019-05-28,21,Pumped Storage,0.16666666666666669,0
2019-05-28,22,Gas,0.6666666666666667,848
2019-05-28,22,Other,0.04166666666666667,2044
2019-05-28,22,Pumped Storage,0.2916666666666667,0
2019-05-28,23,Gas,0.6250000000000001,799
2019-05-28,23,Other,0.12500000000000003,2044
2019-05-28,23,Pumped Storage,0.25000000000000006,0
2019-05-29,0,Gas,0.9999999999999999,826
2019-05-29,1,Gas,1.0,834
2019-05-29,2,Gas,0.7500000000000001,842
2019-05-29,2,Pumped Storage Demand,0.25,0
2019-05-29,3,Gas,1.0,827
2019-05-29,4,Gas,0.08333333333333333,820
2019-05-29,4,Pumped Storage Demand,0.9166666666666667,0
2019-05-29,5,Gas,0.41666666666666663,831
2019-05-29,5,Pumped Storage Demand,0.5833333333333334,0
2019-05-29,6,Gas,0.6666666666666667,835
2019-05-29,6,Pumped Storage,0.3333333333333333,0
2019-05-29,7,Gas,0.08333333333333331,845
2019-05-29,7,Other,0.3333333333333333,2044
2019-05-29,7,Pumped Storage,0.5833333333333334,0
2019-05-29,8,Gas,0.5,853
2019-05-29,8,Pumped Storage,0.5,0
2019-05-29,9,Gas,0.75,862
2019-05-29,9,Pumped Storage,0.25,0
2019-05-29,10,Gas,0.8181818181818183,873
2019-05-29,10,Pumped Storage,0.18181818181818182,0
2019-05-29,11,Gas,0.9090909090909092,870
2019-05-29,11,Import,0.09090909090909093,0
2019-05-29,12,Gas,1.0,867
2019-05-29,13,Gas,1.0,858
2019-05-29,14,Gas,1.0,870
2019-05-29,15,Gas,1.0,907
2019-05-29,16,Gas,1.0,882
2019-05-29,17,Gas,1.0,900
2019-05-29,18,Gas,0.9999999999999999,878
2019-05-29,19,Gas,1.0,927
2019-05-29,20,Gas,1.0,866
2019-05-29,21,Gas,1.0,896
2019-05-29,22,Gas,1.0,829
2019-05-29,23,Gas,0.925925925925926,834
2019-05-29,23,Hydro,0.07407407407407408,0
2019-05-30,0,Gas,0.7592592592592593,1112
2019-05-30,0,Hydro,0.07407407407407408,0
2019-05-30,0,Pumped Storage Demand,0.16666666666666666,0
2019-05-30,1,Gas,1.0,930
2019-05-30,2,Gas,1.0,806
2019-05-30,3,Gas,0.75,822
2019-05-30,3,Pumped Storage Demand,0.24999999999999997,0
2019-05-30,4,Gas,0.7500000000000001,820
2019-05-30,4,Pumped Storage Demand,0.25,0
2019-05-30,5,Gas,0.25,851
2019-05-30,5,Pumped Storage Demand,0.7500000000000001,0
2019-05-30,6,Gas,0.9999999999999999,960
2019-05-30,7,Gas,1.0,872
2019-05-30,8,Gas,1.0000000000000002,924
2019-05-30,9,Gas,1.0,853
2019-05-30,10,Gas,1.0,914
2019-05-30,11,Gas,1.0,879
2019-05-30,12,Gas,1.0,902
2019-05-30,13,Gas,1.0,897
2019-05-30,14,Gas,1.0,948
2019-05-30,15,Gas,1.0,838
2019-05-30,16,Gas,0.9999999999999999,928
2019-05-30,17,Gas,1.0,893
2019-05-30,18,Gas,0.9999999999999999,870
2019-05-30,19,Gas,1.0,937
2019-05-30,20,Gas,1.0,943
2019-05-30,21,Gas,0.875,863
2019-05-30,21,Hydro,0.125,0
2019-05-30,22,Gas,0.2916666666666667,1252
2019-05-30,22,Hydro,0.375,0
2019-05-30,22,Pumped Storage Demand,0.3333333333333333,0
2019-05-30,23,Gas,0.25,1131
2019-05-30,23,Hydro,0.33333333333333337,0
2019-05-30,23,Pumped Storage Demand,0.33333333333333337,0
2019-05-30,23,Wind,0.08333333333333334,0
2019-05-31,0,Gas,0.6662308479324187,1010
2019-05-31,0,Hydro,0.24999999999999997,0
2019-05-31,0,Pumped Storage Demand,0.08333333333333333,0
2019-05-31,0,Wind,0.0004358187342479147,0
2019-05-31,1,Gas,0.36111111111111105,941
2019-05-31,1,Hydro,0.5277777777777777,0
2019-05-31,1,Wind,0.11111111111111109,0
2019-05-31,2,Gas,0.025000000000000015,1184
2019-05-31,2,Hydro,0.38333333333333347,0
2019-05-31,2,Wind,0.591666666666667,0
2019-05-31,3,Gas,0.41666666666666663,882
2019-05-31,3,Hydro,0.41666666666666663,0
2019-05-31,3,Wind,0.16666666666666666,0
2019-05-31,4,Gas,0.2905982905982907,1252
2019-05-31,4,Hydro,0.44902319902319904,0
2019-05-31,4,Wind,0.2603785103785104,0
2019-05-31,5,Gas,0.75,908
2019-05-31,5,Wind,0.25000000000000006,0
2019-05-31,6,Gas,0.9166666666666667,882
2019-05-31,6,Other,0.08333333333333334,2044
2019-05-31,7,Gas,0.6666666666666666,834
2019-05-31,7,Other,0.3333333333333333,2044
2019-05-31,8,Gas,1.0,871
2019-05-31,9,Gas,0.5,870
2019-05-31,9,Pumped Storage,0.5,0
2019-05-31,10,Gas,0.3333333333333333,824
2019-05-31,10,Pumped Storage,0.6666666666666667,0
2019-05-31,11,Gas,0.16666666666666669,907
2019-05-31,11,Pumped Storage,0.8333333333333333,0
2019-05-31,12,Gas,0.25,857
2019-05-31,12,Pumped Storage,0.75,0
2019-05-31,13,Gas,0.5,853
2019-05-31,13,Pumped Storage,0.4999999999999999,0
2019-05-31,14,Gas,0.9166666666666667,857
2019-05-31,14,Pumped Storage,0.08333333333333333,0
2019-05-31,15,Gas,1.0,866
2019-05-31,16,Gas,0.3333333333333333,824
2019-05-31,16,Pumped Storage,0.6666666666666667,0
2019-05-31,17,Gas,0.25,870
2019-05-31,17,Pumped Storage,0.75,0
2019-05-31,18,Gas,0.08333333333333334,870
2019-05-31,18,Pumped Storage,0.9166666666666667,0
2019-05-31,19,Pumped Storage,1.0,0
2019-05-31,20,Pumped Storage,1.0,0
2019-05-31,21,Demand Response,0.027777777777777773,0
2019-05-31,21,Gas,0.22222222222222218,860
2019-05-31,21,Pumped Storage,0.7499999999999999,0
2019-05-31,22,Gas,1.0,804
2019-05-31,23,Gas,0.08333333333333331,1017
2019-05-31,23,Pumped Storage,0.9166666666666666,0
2019-06-01,0,Gas,0.625,877
2019-06-01,0,Pumped Storage,0.375,0
2019-06-01,1,Gas,0.9999999999999999,828
2019-06-01,2,Gas,0.8333333333333334,807
2019-06-01,2,Pumped Storage Demand,0.16666666666666666,0
2019-06-01,3,Gas,0.9166666666666667,847
2019-06-01,3,Pumped Storage Demand,0.08333333333333334,0
2019-06-01,4,Gas,0.7499999999999999,854
2019-06-01,4,Pumped Storage Demand,0.24999999999999997,0
2019-06-01,5,Gas,0.75,845
2019-06-01,5,Pumped Storage Demand,0.25000000000000006,0
2019-06-01,6,Pumped Storage Demand,1.0,0
2019-06-01,7,Gas,0.4166666666666667,844
2019-06-01,7,Pumped Storage Demand,0.5833333333333334,0
2019-06-01,8,Gas,0.08333333333333333,851
2019-06-01,8,Other,0.41666666666666663,2044
2019-06-01,8,Pumped Storage Demand,0.5,0
2019-06-01,9,Gas,0.5833333333333334,853
2019-06-01,9,Other,0.16666666666666666,2044
2019-06-01,9,Pumped Storage Demand,0.25,0
2019-06-01,10,Gas,0.5833333333333333,837
2019-06-01,10,Pumped Storage,0.41666666666666663,0
2019-06-01,11,Gas,0.9166666666666669,823
2019-06-01,11,Pumped Storage,0.08333333333333334,0
2019-06-01,12,Gas,1.0000000000000002,835
2019-06-01,13,Gas,0.7500000000000001,828
2019-06-01,13,Other,0.25000000000000006,2044
2019-06-01,14,Gas,0.9500000000000001,834
2019-06-01,14,Other,0.05,2044
2019-06-01,15,Gas,0.08333333333333331,820
2019-06-01,15,Other,0.20833333333333331,2044
2019-06-01,15,Pumped Storage,0.7083333333333333,0
2019-06-01,16,Gas,0.3333333333333333,810
2019-06-01,16,Pumped Storage,0.6666666666666666,0
2019-06-01,17,Gas,0.5833333333333334,950
2019-06-01,17,Pumped Storage,0.41666666666666674,0
2019-06-01,18,Pumped Storage,1.0,0
2019-06-01,19,Gas,0.5833333333333333,822
2019-06-01,19,Pumped Storage,0.4166666666666667,0
2019-06-01,20,Gas,0.16666666666666669,812
2019-06-01,20,Pumped Storage,0.8333333333333334,0
2019-06-01,21,Gas,0.5833333333333334,844
2019-06-01,21,Pumped Storage,0.4166666666666667,0
2019-06-01,22,Gas,0.6666666666666666,847
2019-06-01,22,Pumped Storage,0.3333333333333333,0
2019-06-01,23,Gas,0.8333333333333334,844
2019-06-01,23,Wind,0.16666666666666666,0
2019-06-02,0,Gas,1.0,854
2019-06-02,1,Gas,1.0,821
2019-06-02,2,Gas,0.7500000000000002,844
2019-06-02,2,Pumped Storage Demand,0.25000000000000006,0
2019-06-02,3,Gas,1.0,810
2019-06-02,4,Gas,0.8333333333333334,851
2019-06-02,4,Pumped Storage Demand,0.16666666666666666,0
2019-06-02,5,Gas,0.8333333333333335,861
2019-06-02,5,Pumped Storage Demand,0.1666666666666667,0
2019-06-02,6,Gas,1.0,832
2019-06-02,7,Gas,0.9999999999999999,829
2019-06-02,8,Gas,1.0,930
2019-06-02,9,Gas,0.9999999999999999,837
2019-06-02,10,Gas,0.7499999999999999,856
2019-06-02,10,Pumped Storage,0.25,0
2019-06-02,11,Gas,1.0,840
2019-06-02,12,Gas,1.0,824
2019-06-02,13,Gas,0.5833333333333333,826
2019-06-02,13,Other,0.16666666666666666,2044
2019-06-02,13,Pumped Storage,0.25,0
2019-06-02,14,Gas,0.6666666666666665,834
2019-06-02,14,Pumped Storage,0.33333333333333326,0
2019-06-02,15,Gas,0.8333333333333335,839
2019-06-02,15,Pumped Storage,0.16666666666666669,0
2019-06-02,16,Gas,0.33333333333333337,852
2019-06-02,16,Pumped Storage,0.6666666666666667,0
2019-06-02,17,Gas,0.5,1027
2019-06-02,17,Pumped Storage,0.5,0
2019-06-02,18,Gas,0.8333333333333331,1105
2019-06-02,18,Pumped Storage,0.16666666666666663,0
2019-06-02,19,Gas,0.41666666666666663,1303
2019-06-02,19,Pumped Storage,0.5833333333333334,0
2019-06-02,20,Gas,0.25,964
2019-06-02,20,Pumped Storage,0.75,0
2019-06-02,21,Gas,0.5,1193
2019-06-02,21,Pumped Storage,0.5,0
2019-06-02,22,Gas,0.75,1303
2019-06-02,22,Pumped Storage,0.25,0
2019-06-02,23,Gas,0.75,835
2019-06-02,23,Other,0.16666666666666666,2048
2019-06-02,23,Pumped Storage,0.08333333333333333,0
2019-06-03,0,Gas,0.5,847
2019-06-03,0,Pumped Storage Demand,0.25000000000000006,0
2019-06-03,0,Wind,0.25000000000000006,0
2019-06-03,1,Gas,0.75,861
2019-06-03,1,Pumped Storage Demand,0.25,0
2019-06-03,2,Gas,0.4166666666666667,859
2019-06-03,2,Pumped Storage Demand,0.5833333333333334,0
2019-06-03,3,Gas,0.08333333333333331,845
2019-06-03,3,Pumped Storage Demand,0.9166666666666666,0
2019-06-03,4,Pumped Storage Demand,1.0,0
2019-06-03,5,Pumped Storage Demand,1.0,0
2019-06-03,6,Pumped Storage,0.8333333333333334,0
2019-06-03,6,Pumped Storage Demand,0.16666666666666666,0
2019-06-03,7,Gas,0.16666666666666666,851
2019-06-03,7,Pumped Storage,0.8333333333333333,0
2019-06-03,8,Gas,0.2638888888888889,863
2019-06-03,8,Other,0.13888888888888887,2044
2019-06-03,8,Pumped Storage,0.5972222222222223,0
2019-06-03,9,Gas,0.36111111111111105,834
2019-06-03,9,Other,0.3611111111111111,2044
2019-06-03,9,Pumped Storage,0.27777777777777773,0
2019-06-03,10,Gas,1.0,847
2019-06-03,11,Gas,0.875,785
2019-06-03,11,Other,0.125,2044
2019-06-03,12,Gas,0.8333333333333333,857
2019-06-03,12,Other,0.16666666666666666,2044
2019-06-03,13,Gas,0.7916666666666667,839
2019-06-03,13,Hydro,0.16666666666666669,0
2019-06-03,13,Other,0.04166666666666667,2044
2019-06-03,14,Gas,1.0,829
2019-06-03,15,Gas,0.916666666666667,912
2019-06-03,15,Other,0.08333333333333334,2044
2019-06-03,16,Gas,0.6666666666666664,800
2019-06-03,16,Other,0.04166666666666666,2044
2019-06-03,16,Pumped Storage,0.29166666666666663,0
2019-06-03,17,Gas,0.24960533451504457,1302
2019-06-03,17,Pumped Storage,0.7492106690300893,0
2019-06-03,17,Wind,0.0011839964548662916,0
2019-06-03,18,Gas,0.33333333333333337,962
2019-06-03,18,Pumped Storage,0.6664073238780125,0
2019-06-03,18,Wind,0.0002593427886541507,0
2019-06-03,19,Gas,0.08333333333333333,1302
2019-06-03,19,Pumped Storage,0.9166666666666666,0
2019-06-03,20,Gas,0.5833333333333334,1191
2019-06-03,20,Pumped Storage,0.4166666666666667,0
2019-06-03,21,Gas,0.9166666666666665,898
2019-06-03,21,Pumped Storage,0.08333333333333333,0
2019-06-03,22,Gas,0.7909861367080819,843
2019-06-03,22,Other,0.1664192012271813,2044
2019-06-03,22,Wind,0.04259466206473687,0
2019-06-03,23,Gas,0.9985228865766627,852
2019-06-03,23,Wind,0.0014771134233372864,0
2019-06-04,0,Gas,0.7488606657531327,844
2019-06-04,0,Hydro,0.0012659269409637697,0
2019-06-04,0,Pumped Storage Demand,0.24962022191771088,0
2019-06-04,0,Wind,0.0002531853881927539,0
2019-06-04,1,Gas,0.3328361123465134,840
2019-06-04,1,Hydro,0.0011187472203448613,0
2019-06-04,1,Pumped Storage Demand,0.6660451404331418,0
2019-06-04,2,Gas,0.6666666666666667,847
2019-06-04,2,Pumped Storage Demand,0.33333333333333337,0
2019-06-04,3,Gas,0.08333333333333331,840
2019-06-04,3,Pumped Storage Demand,0.9166666666666666,0
2019-06-04,4,Gas,0.41666666666666663,834
2019-06-04,4,Hydro,0.0005226459573161651,0
2019-06-04,4,Pumped Storage Demand,0.4161440207093505,0
2019-06-04,4,Wind,0.16666666666666666,0
2019-06-04,5,Gas,0.5833333333333334,854
2019-06-04,5,Pumped Storage Demand,0.4166666666666667,0
2019-06-04,6,Gas,0.4772727272727274,884
2019-06-04,6,Hydro,0.31287878787878803,0
2019-06-04,6,Wind,0.20984848484848492,0
2019-06-04,7,Gas,1.0,871
2019-06-04,8,Gas,0.9999999999999999,913
2019-06-04,9,Gas,0.8402777777777777,876
2019-06-04,9,Hydro,0.041666666666666664,0
2019-06-04,9,Wind,0.11805555555555554,0
2019-06-04,10,Gas,0.24999999999999994,896
2019-06-04,10,Hydro,0.5666666666666665,0
2019-06-04,10,Pumped Storage Demand,0.08333333333333331,0
2019-06-04,10,Wind,0.09999999999999999,0
2019-06-04,11,Gas,0.4999999999999999,1151
2019-06-04,11,Hydro,0.04192081184828891,0
2019-06-04,11,Pumped Storage Demand,0.33307918815171106,0
2019-06-04,11,Wind,0.12499999999999997,0
2019-06-04,12,Gas,0.25,876
2019-06-04,12,Pumped Storage Demand,0.75,0
2019-06-04,13,Gas,0.5902777777777775,1060
2019-06-04,13,Hydro,0.12499999999999994,0
2019-06-04,13,Pumped Storage Demand,0.2499999999999999,0
2019-06-04,13,Wind,0.03472222222222221,0
2019-06-04,14,Hydro,0.5833333333333331,0
2019-06-04,14,Pumped Storage Demand,0.4166666666666666,0
2019-06-04,15,Gas,0.08320985723723233,872
2019-06-04,15,Hydro,0.16753099933937374,0
2019-06-04,15,Pumped Storage Demand,0.749259143423394,0
2019-06-04,16,Gas,0.8329700547481081,931
2019-06-04,16,Hydro,0.08381770478030022,0
2019-06-04,16,Pumped Storage Demand,0.08321224047159162,0
2019-06-04,17,Gas,0.9991716368934357,935
2019-06-04,17,Hydro,0.0008283631065641156,0
2019-06-04,18,Gas,0.9995334834657817,901
2019-06-04,18,Hydro,0.0001166291335545462,0
2019-06-04,18,Wind,0.0003498874006636386,0
2019-06-04,19,Gas,1.0,883
2019-06-04,20,Gas,1.0,909
2019-06-04,21,Gas,1.0,874
2019-06-04,22,Gas,0.9999999999999999,859
2019-06-04,23,Gas,0.9236111111111107,971
2019-06-04,23,Hydro,0.03472222222222221,0
2019-06-04,23,Wind,0.04166666666666665,0
2019-06-05,0,Gas,0.2569444444444445,854
2019-06-05,0,Hydro,0.03472222222222223,0
2019-06-05,0,Pumped Storage Demand,0.6666666666666669,0
2019-06-05,0,Wind,0.04166666666666668,0
2019-06-05,1,Gas,0.41666666666666663,858
2019-06-05,1,Pumped Storage Demand,0.5833333333333334,0
2019-06-05,2,Gas,0.5833333333333333,851
2019-06-05,2,Pumped Storage Demand,0.41666666666666663,0
2019-06-05,3,Gas,0.41666666666666663,849
2019-06-05,3,Pumped Storage Demand,0.5833333333333334,0
2019-06-05,4,Gas,1.0,850
2019-06-05,5,Gas,0.8333333333333335,844
2019-06-05,5,Hydro,0.16666666666666669,0
2019-06-05,6,Gas,0.75,864
2019-06-05,6,Pumped Storage,0.25,0
2019-06-05,7,Gas,0.9166666666666666,905
2019-06-05,7,Pumped Storage,0.08333333333333333,0
2019-06-05,8,Gas,1.0,922
2019-06-05,9,Gas,1.0,900
2019-06-05,10,Gas,1.0,900
2019-06-05,11,Gas,1.0,979
2019-06-05,12,Gas,0.7500000000000002,993
2019-06-05,12,Pumped Storage,0.25000000000000006,0
2019-06-05,13,Gas,0.9999999999999999,867
2019-06-05,14,Gas,1.0,881
2019-06-05,15,Gas,0.625,879
2019-06-05,15,Pumped Storage,0.375,0
2019-06-05,16,Gas,0.6666666666666666,877
2019-06-05,16,Pumped Storage,0.3333333333333333,0
2019-06-05,17,Gas,1.0,841
2019-06-05,18,Gas,0.75,825
2019-06-05,18,Pumped Storage,0.25,0
2019-06-05,19,Gas,0.3333333333333333,870
2019-06-05,19,Pumped Storage,0.6666666666666666,0
2019-06-05,20,Gas,0.5833333333333334,845
2019-06-05,20,Pumped Storage,0.4166666666666667,0
2019-06-05,21,Gas,0.75,895
2019-06-05,21,Other,0.08333333333333333,2044
2019-06-05,21,Pumped Storage,0.16666666666666666,0
2019-06-05,22,Gas,1.0,856
2019-06-05,23,Gas,0.75,945
2019-06-05,23,Pumped Storage Demand,0.25,0
2019-06-06,0,Gas,0.5,919
2019-06-06,0,Other,0.16666666666666666,2048
2019-06-06,0,Pumped Storage Demand,0.3333333333333333,0
2019-06-06,1,Gas,0.41666666666666663,860
2019-06-06,1,Pumped Storage Demand,0.5833333333333334,0
2019-06-06,2,Gas,0.5833333333333335,853
2019-06-06,2,Pumped Storage Demand,0.4166666666666667,0
2019-06-06,3,Gas,0.9166666666666667,817
2019-06-06,3,Pumped Storage Demand,0.08333333333333334,0
2019-06-06,4,Gas,1.0,852
2019-06-06,5,Gas,0.75,808
2019-06-06,5,Pumped Storage Demand,0.25000000000000006,0
2019-06-06,6,Gas,1.0000000000000002,911
2019-06-06,7,Gas,1.0,852
2019-06-06,8,Gas,1.0,888
2019-06-06,9,Gas,0.9999999999999999,858
2019-06-06,10,Gas,1.0,900
2019-06-06,11,Gas,1.0,870
2019-06-06,12,Gas,1.0,848
2019-06-06,13,Gas,0.9999999999999999,864
2019-06-06,14,Gas,1.0,907
2019-06-06,15,Gas,1.0000000000000002,897
2019-06-06,16,Gas,0.75,903
2019-06-06,16,Pumped Storage,0.25000000000000006,0
2019-06-06,17,Gas,0.9166666666666667,868
2019-06-06,17,Other,0.08333333333333334,2048
2019-06-06,18,Gas,1.0,921
2019-06-06,19,Gas,0.7499999999999999,847
2019-06-06,19,Pumped Storage,0.25,0
2019-06-06,20,Gas,1.0000000000000002,883
2019-06-06,21,Gas,0.9166666666666667,858
2019-06-06,21,Pumped Storage,0.08333333333333333,0
2019-06-06,22,Gas,0.8333333333333333,842
2019-06-06,22,Other,0.16666666666666666,2044
2019-06-06,23,Gas,1.0,841
2019-06-07,0,Gas,1.0,837
2019-06-07,1,Gas,0.9999999999999998,827
2019-06-07,2,Gas,1.0,805
2019-06-07,3,Gas,0.6458333333333333,960
2019-06-07,3,Hydro,0.35416666666666663,0
2019-06-07,4,Gas,0.5000000000000001,1034
2019-06-07,4,Hydro,0.16666666666666669,0
2019-06-07,4,Other,0.33333333333333337,1861
2019-06-07,5,Gas,0.9999999999999999,810
2019-06-07,6,Gas,0.9166666666666669,851
2019-06-07,6,Other,0.08333333333333334,2044
2019-06-07,7,Gas,0.9166666666666665,860
2019-06-07,7,Pumped Storage,0.08333333333333333,0
2019-06-07,8,Gas,0.75,869
2019-06-07,8,Pumped Storage,0.25,0
2019-06-07,9,Gas,1.0,888
2019-06-07,10,Gas,0.16666666666666666,864
2019-06-07,10,Pumped Storage,0.8333333333333334,0
2019-06-07,11,Gas,0.7291666666666667,876
2019-06-07,11,Other,0.020833333333333336,2044
2019-06-07,11,Pumped Storage,0.25000000000000006,0
2019-06-07,12,Gas,0.9166666666666669,865
2019-06-07,12,Pumped Storage,0.08333333333333334,0
2019-06-07,13,Gas,1.0,879
2019-06-07,14,Gas,0.5833333333333334,857
2019-06-07,14,Pumped Storage,0.41666666666666663,0
2019-06-07,15,Gas,0.7499999999999999,905
2019-06-07,15,Pumped Storage,0.24999999999999997,0
2019-06-07,16,Gas,0.25,986
2019-06-07,16,Pumped Storage,0.75,0
2019-06-07,17,Gas,0.9166666666666666,859
2019-06-07,17,Pumped Storage,0.08333333333333333,0
2019-06-07,18,Gas,1.0,946
2019-06-07,19,Gas,0.6666666666666666,903
2019-06-07,19,Other,0.3333333333333333,2044
2019-06-07,20,Gas,0.9999999999999999,879
2019-06-07,21,Gas,0.8333333333333333,859
2019-06-07,21,Pumped Storage,0.16666666666666666,0
2019-06-07,22,Gas,0.5833333333333334,855
2019-06-07,22,Pumped Storage,0.41666666666666663,0
2019-06-07,23,Gas,0.6666666666666667,820
2019-06-07,23,Pumped Storage,0.3333333333333333,0
2019-06-08,0,Gas,0.16666666666666669,826
2019-06-08,0,Other,0.6666666666666667,2047
2019-06-08,0,Pumped Storage,0.16666666666666669,0
2019-06-08,1,Gas,0.9444444444444445,842
2019-06-08,1,Other,0.055555555555555546,2044
2019-06-08,2,Gas,0.6666666666666667,861
2019-06-08,2,Pumped Storage Demand,0.33333333333333337,0
2019-06-08,3,Gas,1.0,856
2019-06-08,4,Gas,0.7500000000000001,805
2019-06-08,4,Pumped Storage Demand,0.25,0
2019-06-08,5,Pumped Storage Demand,1.0,0
2019-06-08,6,Gas,0.625,834
2019-06-08,6,Other,0.125,2044
2019-06-08,6,Pumped Storage Demand,0.25,0
2019-06-08,7,Gas,0.7083333333333334,837
2019-06-08,7,Other,0.16666666666666666,2044
2019-06-08,7,Pumped Storage,0.12499999999999999,0
2019-06-08,8,Gas,0.4583333333333335,879
2019-06-08,8,Pumped Storage,0.5416666666666667,0
2019-06-08,9,Gas,0.8333333333333334,842
2019-06-08,9,Other,0.08333333333333333,2048
2019-06-08,9,Pumped Storage,0.08333333333333333,0
2019-06-08,10,Gas,0.9583333333333333,844
2019-06-08,10,Other,0.041666666666666664,2044
2019-06-08,11,Gas,0.9166666666666667,840
2019-06-08,11,Pumped Storage,0.08333333333333334,0
2019-06-08,12,Gas,0.6299391886153147,842
2019-06-08,12,Other,0.08209853617950463,2048
2019-06-08,12,Pumped Storage,0.28796227520518053,0
2019-06-08,13,Gas,0.6691444978805247,865
2019-06-08,13,Other,0.24752216878614192,2044
2019-06-08,13,Pumped Storage,0.08333333333333334,0
2019-06-08,14,Gas,0.9999999999999999,860
2019-06-08,15,Gas,0.8333333333333334,850
2019-06-08,15,Pumped Storage,0.16666666666666669,0
2019-06-08,16,Gas,0.3333333333333333,1052
2019-06-08,16,Pumped Storage,0.6666666666666666,0
2019-06-08,17,Gas,0.8750000000000002,1128
2019-06-08,17,Other,0.125,2044
2019-06-08,18,Gas,0.8333333333333333,1160
2019-06-08,18,Pumped Storage,0.16666666666666666,0
2019-06-08,19,Gas,0.16666666666666669,1233
2019-06-08,19,Pumped Storage,0.8333333333333334,0
2019-06-08,20,Gas,0.6666666666666666,1047
2019-06-08,20,Pumped Storage,0.3333333333333333,0
2019-06-08,21,Gas,0.75,854
2019-06-08,21,Pumped Storage,0.25,0
2019-06-08,22,Gas,0.8541666666666667,896
2019-06-08,22,Other,0.14583333333333334,2048
2019-06-08,23,Gas,0.8333333333333334,847
2019-06-08,23,Other,0.16666666666666666,2044
2019-06-09,0,Gas,1.0000000000000002,834
2019-06-09,1,Gas,0.08333333333333333,805
2019-06-09,1,Pumped Storage Demand,0.9166666666666665,0
2019-06-09,2,Gas,0.3333333333333333,823
2019-06-09,2,Pumped Storage Demand,0.6666666666666666,0
2019-06-09,3,Gas,0.25,842
2019-06-09,3,Pumped Storage Demand,0.7499999999999999,0
2019-06-09,4,Pumped Storage Demand,1.0,0
2019-06-09,5,Pumped Storage Demand,1.0,0
2019-06-09,6,Gas,0.24999999999999997,842
2019-06-09,6,Pumped Storage Demand,0.75,0
2019-06-09,7,Gas,0.8333333333333333,857
2019-06-09,7,Pumped Storage Demand,0.16666666666666666,0
2019-06-09,8,Gas,1.0,851
2019-06-09,9,Gas,1.0,850
2019-06-09,10,Gas,1.0,847
2019-06-09,11,Gas,0.9999999999999999,849
2019-06-09,12,Gas,1.0,846
2019-06-09,13,Gas,1.0,847
2019-06-09,14,Gas,1.0,832
2019-06-09,15,Gas,0.9166666666666666,859
2019-06-09,15,Pumped Storage,0.08333333333333334,0
2019-06-09,16,Gas,0.41666666666666674,776
2019-06-09,16,Pumped Storage,0.5833333333333334,0
2019-06-09,17,Gas,0.1666666666666666,776
2019-06-09,17,Pumped Storage,0.8333333333333331,0
2019-06-09,18,Gas,0.3333333333333333,641
2019-06-09,18,Pumped Storage,0.6666666666666666,0
2019-06-09,19,Gas,0.29160431925833175,860
2019-06-09,19,Hydro,0.00012469481666968986,0
2019-06-09,19,Pumped Storage,0.7082709859249984,0
2019-06-09,20,Gas,0.41666666666666674,721
2019-06-09,20,Hydro,2.5510053573191783e-05,0
2019-06-09,20,Pumped Storage,0.5833078232797602,0
2019-06-09,21,Gas,0.75,837
2019-06-09,21,Pumped Storage,0.25000000000000006,0
2019-06-09,22,Gas,1.0,867
2019-06-09,23,Gas,1.0,823
2019-06-10,0,Gas,0.9166666666666667,834
2019-06-10,0,Pumped Storage Demand,0.08333333333333333,0
2019-06-10,1,Gas,0.41666666666666674,853
2019-06-10,1,Pumped Storage Demand,0.5833333333333334,0
2019-06-10,2,Gas,0.6666666666666667,859
2019-06-10,2,Pumped Storage Demand,0.33333333333333337,0
2019-06-10,3,Pumped Storage Demand,1.0,0
2019-06-10,4,Gas,0.9166666666666665,834
2019-06-10,4,Pumped Storage Demand,0.08333333333333333,0
2019-06-10,5,Gas,1.0,894
2019-06-10,6,Gas,0.791666666666667,990
2019-06-10,6,Other,0.20833333333333337,2811
2019-06-10,7,Gas,0.5833333333333334,1001
2019-06-10,7,Other,0.25,3323
2019-06-10,7,Pumped Storage,0.16666666666666669,0
2019-06-10,8,Gas,0.9999999999999999,887
2019-06-10,9,Gas,0.9166666666666666,843
2019-06-10,9,Pumped Storage,0.08333333333333333,0
2019-06-10,10,Gas,0.9166666666666666,883
2019-06-10,10,Pumped Storage,0.08333333333333333,0
2019-06-10,11,Gas,0.16666666666666669,848
2019-06-10,11,Pumped Storage,0.8333333333333335,0
2019-06-10,12,Pumped Storage,1.0,0
2019-06-10,13,Gas,0.08333333333333333,901
2019-06-10,13,Pumped Storage,0.9166666666666666,0
2019-06-10,14,Gas,0.6659663796535955,860
2019-06-10,14,Pumped Storage,0.3333333333333333,0
2019-06-10,14,Wind,0.0007002870130711692,0
2019-06-10,15,Gas,0.7497676118959509,804
2019-06-10,15,Pumped Storage,0.24930283568785316,0
2019-06-10,15,Wind,0.0009295524161957508,0
2019-06-10,16,Gas,0.7479102527183726,1127
2019-06-10,16,Pumped Storage,0.24947756317959316,0
2019-06-10,16,Wind,0.002612184102034061,0
2019-06-10,17,Demand Response,0.16618640331915485,0
2019-06-10,17,Gas,0.5821326749645539,1009
2019-06-10,17,Pumped Storage,0.24927960497873228,0
2019-06-10,17,Wind,0.002401316737559156,0
2019-06-10,18,Gas,0.3327947200563588,1109
2019-06-10,18,Pumped Storage,0.6658587467512049,0
2019-06-10,18,Wind,0.00134653319243632,0
2019-06-10,19,Demand Response,0.1660963901980811,0
2019-06-10,19,Gas,0.49828917059424327,1023
2019-06-10,19,Pumped Storage,0.3321927803961622,0
2019-06-10,19,Wind,0.0034216588115133484,0
2019-06-10,20,Demand Response,0.12459851430021789,0
2019-06-10,20,Gas,0.20766419050036314,982
2019-06-10,20,Pumped Storage,0.664525409601162,0
2019-06-10,20,Wind,0.003211885598256913,0
2019-06-10,21,Pumped Storage,0.9967197657900435,0
2019-06-10,21,Wind,0.003280234209956606,0
2019-06-10,22,Gas,0.5825673558538204,918
2019-06-10,22,Other,0.16615601501365804,3962
2019-06-10,22,Pumped Storage,0.24923402252048707,0
2019-06-10,22,Wind,0.0020426066120344203,0
2019-06-10,23,Gas,0.9973089807365969,919
2019-06-10,23,Wind,0.0026910192634030613,0
2019-06-11,0,Gas,0.9974471329124237,880
2019-06-11,0,Wind,0.002552867087576376,0
2019-06-11,1,Gas,0.9974638801724798,901
2019-06-11,1,Wind,0.0025361198275202,0
2019-06-11,2,Gas,0.4152228996920584,993
2019-06-11,2,Pumped Storage Demand,0.5813120595688818,0
2019-06-11,2,Wind,0.0034650407390598263,0
2019-06-11,3,Pumped Storage Demand,0.9962176495615909,0
2019-06-11,3,Wind,0.0037823504384091092,0
2019-06-11,4,Gas,0.8301348005171332,953
2019-06-11,4,Pumped Storage Demand,0.16602696010342663,0
2019-06-11,4,Wind,0.0038382393794401904,0
2019-06-11,5,Gas,0.8300802601992823,877
2019-06-11,5,Other,0.16601605203985645,4018
2019-06-11,5,Wind,0.003903687760861194,0
2019-06-11,6,Gas,0.08301943743240063,845
2019-06-11,6,Hydro,0.16666666666666663,0
2019-06-11,6,Other,0.24905831229720188,4018
2019-06-11,6,Pumped Storage,0.4999999999999999,0
2019-06-11,6,Wind,0.001255583603730767,0
2019-06-11,7,Pumped Storage,1.0,0
2019-06-11,8,Pumped Storage,1.0,0
2019-06-11,9,Pumped Storage,1.0,0
2019-06-11,10,Gas,0.41666666666666674,1036
2019-06-11,10,Pumped Storage,0.5833333333333334,0
2019-06-11,11,Gas,0.9999999999999999,920
2019-06-11,12,Gas,1.0,858
2019-06-11,13,Gas,0.5,827
2019-06-11,13,Other,0.5,4116
2019-06-11,14,Gas,1.0000000000000002,857
2019-06-11,15,Gas,1.0,846
2019-06-11,16,Gas,1.0,878
2019-06-11,17,Demand Response,0.16619485109933224,0
2019-06-11,17,Gas,0.5828615177659989,964
2019-06-11,17,Pumped Storage,0.24929227664899836,0
2019-06-11,17,Wind,0.0016513544856704367,0
2019-06-11,18,Demand Response,0.08308028229181734,0
2019-06-11,18,Gas,0.4154014114590867,866
2019-06-11,18,Pumped Storage,0.49848169375090406,0
2019-06-11,18,Wind,0.003036612498191844,0
2019-06-11,19,Gas,0.8320847810892302,865
2019-06-11,19,Hydro,0.00024341132564096942,0
2019-06-11,19,Pumped Storage,0.16616409620743564,0
2019-06-11,19,Wind,0.0015077113776931362,0
2019-06-11,20,Gas,0.8736628218408423,874
2019-06-11,20,Hydro,0.000891452106105158,0
2019-06-11,20,Wind,0.12544572605305257,0
2019-06-11,21,Gas,0.6657003761809553,900
2019-06-11,21,Pumped Storage,0.33285018809047767,0
2019-06-11,21,Wind,0.0014494357285669399,0
2019-06-11,22,Gas,0.9896204230060766,846
2019-06-11,22,Wind,0.01037957699392358,0
2019-06-11,23,Gas,0.864397041742235,854
2019-06-11,23,Other,0.12348529167746213,2044
2019-06-11,23,Wind,0.01211766658030297,0
2019-06-12,0,Gas,0.9895313731280378,832
2019-06-12,0,Wind,0.010468626871962332,0
2019-06-12,1,Gas,0.9875710000711608,822
2019-06-12,1,Wind,0.012428999928839295,0
2019-06-12,2,Gas,0.5760683459928586,805
2019-06-12,2,Hydro,0.08333333333333334,0
2019-06-12,2,Pumped Storage Demand,0.32918191199591923,0
2019-06-12,2,Wind,0.011416408677888835,0
2019-06-12,3,Gas,0.7405501376104987,805
2019-06-12,3,Pumped Storage Demand,0.24685004587016623,0
2019-06-12,3,Wind,0.012599816519335075,0
2019-06-12,4,Gas,0.5755263106321156,805
2019-06-12,4,Pumped Storage Demand,0.41109022188008254,0
2019-06-12,4,Wind,0.013383467487801956,0
2019-06-12,5,Gas,0.16444355468744054,848
2019-06-12,5,Pumped Storage Demand,0.8222177734372027,0
2019-06-12,5,Wind,0.013338671875356874,0
2019-06-12,6,Gas,0.9155213803512662,880
2019-06-12,6,Pumped Storage Demand,0.08333333333333334,0
2019-06-12,6,Wind,0.0011452863154005142,0
2019-06-12,7,Gas,0.913189917662049,819
2019-06-12,7,Pumped Storage Demand,0.08333333333333331,0
2019-06-12,7,Wind,0.0034767490046176,0
2019-06-12,8,Gas,1.0,821
2019-06-12,9,Gas,0.8333333333333334,821
2019-06-12,9,Pumped Storage Demand,0.16666666666666666,0
2019-06-12,10,Gas,1.0,821
2019-06-12,11,Gas,1.0,939
2019-06-12,12,Gas,1.0,907
2019-06-12,13,Gas,0.9999999999999999,864
2019-06-12,14,Gas,1.0,877
2019-06-12,15,Gas,1.0000000000000002,899
2019-06-12,16,Gas,1.0,909
2019-06-12,17,Gas,0.9583333333333335,859
2019-06-12,17,Other,0.04166666666666667,2044
2019-06-12,18,Gas,1.0,864
2019-06-12,19,Gas,1.0,868
2019-06-12,20,Gas,1.0,838
2019-06-12,21,Gas,1.0,863
2019-06-12,22,Gas,1.0000000000000002,883
2019-06-12,23,Gas,1.0000000000000002,859
2019-06-13,0,Gas,0.9887076665800746,856
2019-06-13,0,Wind,0.011292333419925542,0
2019-06-13,1,Gas,0.9877278346602381,805
2019-06-13,1,Wind,0.012272165339761958,0
2019-06-13,2,Gas,0.7489534939302295,805
2019-06-13,2,Pumped Storage Demand,0.24999999999999997,0
2019-06-13,2,Wind,0.0010465060697705804,0
2019-06-13,3,Pumped Storage Demand,1.0,0
2019-06-13,4,Pumped Storage Demand,1.0,0
2019-06-13,5,Gas,1.0,805
2019-06-13,6,Gas,0.6666666666666665,800
2019-06-13,6,Pumped Storage,0.3333333333333333,0
2019-06-13,7,Gas,0.4999999999999999,847
2019-06-13,7,Pumped Storage,0.4999999999999999,0
2019-06-13,8,Gas,0.41666666666666663,853
2019-06-13,8,Other,0.25,2048
2019-06-13,8,Pumped Storage,0.3333333333333333,0
2019-06-13,9,Gas,0.24999999999999997,874
2019-06-13,9,Other,0.25,2044
2019-06-13,9,Pumped Storage,0.4999999999999999,0
2019-06-13,10,Gas,0.8333333333333333,888
2019-06-13,10,Other,0.08333333333333333,2044
2019-06-13,10,Pumped Storage,0.08333333333333333,0
2019-06-13,11,Gas,0.8194444444444444,899
2019-06-13,11,Pumped Storage,0.18055555555555558,0
2019-06-13,12,Gas,0.7916666666666666,853
2019-06-13,12,Other,0.08333333333333333,2044
2019-06-13,12,Pumped Storage,0.125,0
2019-06-13,13,Gas,0.6666666666666667,817
2019-06-13,13,Other,0.08333333333333333,2044
2019-06-13,13,Pumped Storage,0.25,0
2019-06-13,14,Gas,0.8868796136250305,846
2019-06-13,14,Other,0.11111111111111113,2044
2019-06-13,14,Wind,0.002009275263858373,0
2019-06-13,15,Gas,0.9982883478460808,855
2019-06-13,15,Wind,0.001711652153919314,0
2019-06-13,16,Gas,0.8333333333333333,848
2019-06-13,16,Pumped Storage,0.16666666666666666,0
2019-06-13,17,Gas,0.5,844
2019-06-13,17,Pumped Storage,0.5,0
2019-06-13,18,Gas,0.08333333333333331,837
2019-06-13,18,Pumped Storage,0.9166666666666666,0
2019-06-13,19,Gas,0.665988902169196,882
2019-06-13,19,Hydro,0.0006777644974705396,0
2019-06-13,19,Other,0.24999999999999994,2044
2019-06-13,19,Pumped Storage,0.08333333333333331,0
2019-06-13,20,Gas,0.9152233054309106,855
2019-06-13,20,Other,0.08320211867553733,4116
2019-06-13,20,Wind,0.0015745758935521905,0
2019-06-13,21,Gas,0.9984949219206259,867
2019-06-13,21,Wind,0.0015050780793741335,0
2019-06-13,22,Gas,0.9919410278790157,877
2019-06-13,22,Wind,0.00805897212098451,0
2019-06-13,23,Gas,0.9875950636315713,867
2019-06-13,23,Wind,0.012404936368428819,0
2019-06-14,0,Gas,0.2468384156642389,805
2019-06-14,0,Hydro,0.49473069277373155,0
2019-06-14,0,Wind,0.25843089156202986,0
2019-06-14,1,Gas,0.7457714138675797,1161
2019-06-14,1,Pumped Storage Demand,0.16666666666666669,0
2019-06-14,1,Wind,0.0875619194657536,0
2019-06-14,2,Hydro,0.3333333333333334,0
2019-06-14,2,Pumped Storage Demand,0.6602368853155568,0
2019-06-14,2,Wind,0.006429781351109836,0
2019-06-14,3,Hydro,0.3333333333333333,0
2019-06-14,3,Pumped Storage Demand,0.6666666666666666,0
2019-06-14,4,Gas,0.25,805
2019-06-14,4,Pumped Storage Demand,0.7499999999999999,0
2019-06-14,5,Gas,0.4166666666666667,805
2019-06-14,5,Pumped Storage Demand,0.5833333333333335,0
2019-06-14,6,Gas,0.6666666666666666,805
2019-06-14,6,Pumped Storage Demand,0.3333333333333333,0
2019-06-14,7,Gas,1.0,823
2019-06-14,8,Gas,1.0,839
2019-06-14,9,Gas,1.0,830
2019-06-14,10,Gas,1.0,906
2019-06-14,11,Gas,0.9166666666666667,912
2019-06-14,11,Other,0.08333333333333334,2044
2019-06-14,12,Gas,0.9166666666666667,856
2019-06-14,12,Other,0.08333333333333334,4116
2019-06-14,13,Gas,0.9999999999999998,907
2019-06-14,14,Gas,1.0,876
2019-06-14,15,Gas,1.0,927
2019-06-14,16,Gas,1.0,940
2019-06-14,17,Gas,0.9994919833633995,899
2019-06-14,17,Wind,0.0005080166366006036,0
2019-06-14,18,Gas,1.0,867
2019-06-14,19,Gas,1.0,899
2019-06-14,20,Gas,0.5,883
2019-06-14,20,Pumped Storage,0.5,0
2019-06-14,21,Gas,0.5000000000000001,901
2019-06-14,21,Pumped Storage,0.5000000000000001,0
2019-06-14,22,Gas,1.0,870
2019-06-14,23,Gas,0.9999999999999998,838
2019-06-15,0,Gas,1.0,862
2019-06-15,1,Gas,1.0,816
2019-06-15,2,Gas,0.7500000000000001,805
2019-06-15,2,Pumped Storage Demand,0.24999999999999997,0
2019-06-15,3,Gas,0.6666666666666666,919
2019-06-15,3,Pumped Storage Demand,0.3333333333333333,0
2019-06-15,4,Gas,0.25,805
2019-06-15,4,Pumped Storage Demand,0.75,0
2019-06-15,5,Gas,0.25,805
2019-06-15,5,Pumped Storage Demand,0.75,0
2019-06-15,6,Gas,1.0,805
2019-06-15,7,Gas,1.0,805
2019-06-15,8,Gas,1.0,884
2019-06-15,9,Gas,0.9999999999999999,844
2019-06-15,10,Gas,1.0,829
2019-06-15,11,Gas,1.0000000000000002,816
2019-06-15,12,Gas,1.0,808
2019-06-15,13,Gas,1.0,805
2019-06-15,14,Gas,0.4166666666666667,842
2019-06-15,14,Pumped Storage Demand,0.5833333333333334,0
2019-06-15,15,Gas,0.9166666666666666,867
2019-06-15,15,Pumped Storage Demand,0.08333333333333333,0
2019-06-15,16,Gas,0.6666666666666667,861
2019-06-15,16,Pumped Storage Demand,0.3333333333333333,0
2019-06-15,17,Gas,0.9999999999999999,902
2019-06-15,18,Gas,1.0,986
2019-06-15,19,Gas,0.9999999999999999,963
2019-06-15,20,Gas,1.0,854
2019-06-15,21,Gas,1.0,944
2019-06-15,22,Gas,1.0,858
2019-06-15,23,Gas,1.0,820
2019-06-16,0,Gas,1.0,805
2019-06-16,1,Gas,0.9166666666666666,805
2019-06-16,1,Wind,0.08333333333333333,0
2019-06-16,2,Gas,0.6805555555555556,826
2019-06-16,2,Hydro,0.06944444444444445,0
2019-06-16,2,Wind,0.25,0
2019-06-16,3,Gas,0.25,842
2019-06-16,3,Hydro,0.7500000000000001,0
2019-06-16,4,Gas,0.1166666666666667,1240
2019-06-16,4,Hydro,0.4333333333333334,0
2019-06-16,4,Other,0.25000000000000006,2048
2019-06-16,4,Wind,0.20000000000000004,0
2019-06-16,5,Gas,0.6893939393939397,1039
2019-06-16,5,Hydro,0.09090909090909095,0
2019-06-16,5,Other,0.08333333333333337,2048
2019-06-16,5,Wind,0.13636363636363644,0
2019-06-16,6,Gas,1.0,962
2019-06-16,7,Gas,1.0,845
2019-06-16,8,Gas,1.0,820
2019-06-16,9,Gas,1.0,867
2019-06-16,10,Gas,1.0,868
2019-06-16,11,Gas,1.0000000000000002,863
2019-06-16,12,Gas,0.5833333333333334,865
2019-06-16,12,Pumped Storage,0.41666666666666674,0
2019-06-16,13,Gas,0.6666666666666667,873
2019-06-16,13,Pumped Storage,0.33333333333333337,0
2019-06-16,14,Gas,0.75,1095
2019-06-16,14,Pumped Storage,0.25,0
2019-06-16,15,Gas,0.5833333333333334,877
2019-06-16,15,Other,0.25000000000000006,2044
2019-06-16,15,Pumped Storage,0.16666666666666669,0
2019-06-16,16,Gas,0.3333333333333333,862
2019-06-16,16,Other,0.08333333333333333,2044
2019-06-16,16,Pumped Storage,0.5833333333333334,0
2019-06-16,17,Gas,0.8333333333333335,914
2019-06-16,17,Pumped Storage,0.16666666666666669,0
2019-06-16,18,Gas,1.0,879
2019-06-16,19,Gas,1.0,861
2019-06-16,20,Gas,0.75,892
2019-06-16,20,Pumped Storage,0.25,0
2019-06-16,21,Gas,1.0,897
2019-06-16,22,Gas,1.0000000000000002,846
2019-06-16,23,Gas,0.9166666666666667,904
2019-06-16,23,Other,0.08333333333333334,2044
2019-06-17,0,Gas,0.9583333333333331,902
2019-06-17,0,Other,0.041666666666666664,2044
2019-06-17,1,Gas,1.0,899
2019-06-17,2,Gas,1.0,903
2019-06-17,3,Gas,1.0,820
2019-06-17,4,Gas,1.0,805
2019-06-17,5,Gas,1.0,805
2019-06-17,6,Gas,1.0,808
2019-06-17,7,Gas,1.0,833
2019-06-17,8,Gas,0.9999999999999998,1119
2019-06-17,9,Gas,1.0000000000000002,977
2019-06-17,10,Gas,1.0,933
2019-06-17,11,Gas,0.9999999999999999,872
2019-06-17,12,Gas,1.0,842
2019-06-17,13,Gas,1.0,898
2019-06-17,14,Gas,1.0,886
2019-06-17,15,Gas,0.9999999999999999,889
2019-06-17,16,Gas,1.0,893
2019-06-17,17,Gas,1.0,851
2019-06-17,18,Gas,0.16666666666666666,870
2019-06-17,18,Pumped Storage,0.8333333333333333,0
2019-06-17,19,Gas,0.41666666666666674,836
2019-06-17,19,Other,0.5,4116
2019-06-17,19,Pumped Storage,0.08333333333333334,0
2019-06-17,20,Gas,1.0,869
2019-06-17,21,Gas,0.875,889
2019-06-17,21,Pumped Storage,0.125,0
2019-06-17,22,Gas,1.0,878
2019-06-17,23,Gas,1.0000000000000002,847
2019-06-18,0,Gas,0.6666666666666667,810
2019-06-18,0,Hydro,0.04166666666666667,0
2019-06-18,0,Pumped Storage,0.25,0
2019-06-18,0,Wind,0.04166666666666667,0
2019-06-18,1,Gas,0.5,818
2019-06-18,1,Pumped Storage Demand,0.5,0
2019-06-18,2,Gas,1.0,875
2019-06-18,3,Gas,1.0,835
2019-06-18,4,Gas,1.0,835
2019-06-18,5,Gas,1.0,908
2019-06-18,6,Gas,0.6666666666666666,813
2019-06-18,6,Pumped Storage,0.3333333333333333,0
2019-06-18,7,Gas,1.0000000000000002,922
2019-06-18,8,Gas,0.6666666666666667,858
2019-06-18,8,Other,0.33333333333333337,4116
2019-06-18,9,Gas,0.6666666666666666,879
2019-06-18,9,Pumped Storage,0.33333333333333337,0
2019-06-18,10,Gas,0.5,876
2019-06-18,10,Pumped Storage,0.5,0
2019-06-18,11,Gas,0.25000000000000006,839
2019-06-18,11,Pumped Storage,0.7500000000000001,0
2019-06-18,12,Gas,0.16666666666666669,876
2019-06-18,12,Pumped Storage,0.8333333333333333,0
2019-06-18,13,Gas,0.08333333333333333,848
2019-06-18,13,Pumped Storage,0.9166666666666666,0
2019-06-18,14,Gas,0.4583333333333334,1069
2019-06-18,14,Pumped Storage,0.5416666666666667,0
2019-06-18,15,Gas,0.4166666666666667,862
2019-06-18,15,Pumped Storage,0.5833333333333334,0
2019-06-18,16,Gas,0.6666666666666667,907
2019-06-18,16,Pumped Storage,0.3333333333333333,0
2019-06-18,17,Gas,0.8333333333333333,901
2019-06-18,17,Pumped Storage,0.16666666666666666,0
2019-06-18,18,Gas,0.29166666666666674,857
2019-06-18,18,Pumped Storage,0.7083333333333334,0
2019-06-18,19,Gas,0.6666666666666667,869
2019-06-18,19,Pumped Storage,0.33333333333333337,0
2019-06-18,20,Gas,0.9999999999999999,980
2019-06-18,21,Gas,0.9999999999999999,899
2019-06-18,22,Gas,1.0,903
2019-06-18,23,Gas,1.0,849
2019-06-19,0,Gas,1.0000000000000002,893
2019-06-19,1,Gas,1.0,873
2019-06-19,2,Gas,1.0,842
2019-06-19,3,Gas,1.0,805
2019-06-19,4,Gas,0.5833333333333334,818
2019-06-19,4,Pumped Storage Demand,0.4166666666666667,0
2019-06-19,5,Gas,0.6666666666666667,946
2019-06-19,5,Pumped Storage Demand,0.33333333333333337,0
2019-06-19,6,Gas,1.0,919
2019-06-19,7,Gas,1.0,951
2019-06-19,8,Gas,1.0000000000000002,866
2019-06-19,9,Gas,0.5833333333333333,875
2019-06-19,9,Pumped Storage,0.41666666666666663,0
2019-06-19,10,Gas,0.4583333333333333,871
2019-06-19,10,Pumped Storage,0.5416666666666667,0
2019-06-19,11,Gas,0.25000000000000006,871
2019-06-19,11,Pumped Storage,0.75,0
2019-06-19,12,Gas,0.08333333333333334,845
2019-06-19,12,Pumped Storage,0.9166666666666667,0
2019-06-19,13,Gas,0.125,1206
2019-06-19,13,Pumped Storage,0.8749999999999999,0
2019-06-19,14,Gas,0.125,999
2019-06-19,14,Pumped Storage,0.8749999999999999,0
2019-06-19,15,Gas,0.4583333333333333,935
2019-06-19,15,Pumped Storage,0.5416666666666666,0
2019-06-19,16,Pumped Storage,1.0,0
2019-06-19,17,Gas,0.9166666666666667,1117
2019-06-19,17,Pumped Storage,0.08333333333333333,0
2019-06-19,18,Gas,0.9166666666666666,1181
2019-06-19,18,Other,0.08333333333333333,2044
2019-06-19,19,Gas,0.8333333333333333,1195
2019-06-19,19,Other,0.16666666666666666,2044
2019-06-19,20,Gas,1.0,1097
2019-06-19,21,Gas,0.7083333333333334,1051
2019-06-19,21,Hydro,0.20833333333333331,0
2019-06-19,21,Other,0.08333333333333333,2044
2019-06-19,22,Gas,1.0,844
2019-06-19,23,Gas,0.8333333333333333,934
2019-06-19,23,Pumped Storage Demand,0.16666666666666666,0
2019-06-20,0,Gas,1.0,827
2019-06-20,1,Gas,1.0,876
2019-06-20,2,Gas,0.75,819
2019-06-20,2,Pumped Storage Demand,0.24999999999999997,0
2019-06-20,3,Pumped Storage Demand,1.0,0
2019-06-20,4,Gas,0.16666666666666666,858
2019-06-20,4,Pumped Storage Demand,0.8333333333333333,0
2019-06-20,5,Gas,0.5833333333333334,866
2019-06-20,5,Pumped Storage Demand,0.4166666666666667,0
2019-06-20,6,Gas,0.5833333333333334,849
2019-06-20,6,Other,0.08333333333333333,2044
2019-06-20,6,Pumped Storage Demand,0.3333333333333333,0
2019-06-20,7,Gas,0.5000000000000001,910
2019-06-20,7,Hydro,0.16666666666666669,0
2019-06-20,7,Pumped Storage,0.33333333333333337,0
2019-06-20,8,Gas,0.5,1087
2019-06-20,8,Hydro,0.16666666666666669,0
2019-06-20,8,Pumped Storage,0.33333333333333337,0
2019-06-20,9,Gas,0.7500000000000001,761
2019-06-20,9,Other,0.25,2044
2019-06-20,10,Gas,0.375,867
2019-06-20,10,Pumped Storage,0.6249999999999999,0
2019-06-20,11,Gas,0.6666666666666667,998
2019-06-20,11,Pumped Storage,0.33333333333333337,0
2019-06-20,12,Gas,0.08333333333333333,878
2019-06-20,12,Pumped Storage,0.9166666666666665,0
2019-06-20,13,Gas,0.24999999999999997,1003
2019-06-20,13,Pumped Storage,0.7500000000000001,0
2019-06-20,14,Gas,0.08333333333333333,870
2019-06-20,14,Pumped Storage,0.9166666666666666,0
2019-06-20,15,Gas,0.3749999999999999,945
2019-06-20,15,Pumped Storage,0.625,0
2019-06-20,16,Gas,0.75,946
2019-06-20,16,Pumped Storage,0.25,0
2019-06-20,17,Gas,0.875,932
2019-06-20,17,Hydro,0.125,0
2019-06-20,18,Gas,1.0,999
2019-06-20,19,Gas,0.6666666666666667,995
2019-06-20,19,Pumped Storage,0.33333333333333337,0
2019-06-20,20,Gas,0.9166666666666665,878
2019-06-20,20,Pumped Storage,0.08333333333333331,0
2019-06-20,21,Gas,1.0,910
2019-06-20,22,Gas,0.75,1077
2019-06-20,22,Pumped Storage,0.25000000000000006,0
2019-06-20,23,Gas,0.5416666666666667,1061
2019-06-20,23,Hydro,0.12500000000000003,0
2019-06-20,23,Pumped Storage,0.33333333333333337,0
2019-06-21,0,Gas,0.5,835
2019-06-21,0,Pumped Storage Demand,0.5,0
2019-06-21,1,Gas,0.6666666666666669,865
2019-06-21,1,Pumped Storage Demand,0.33333333333333337,0
2019-06-21,2,Gas,0.7500000000000001,993
2019-06-21,2,Pumped Storage Demand,0.24999999999999997,0
2019-06-21,3,Gas,0.3333333333333333,820
2019-06-21,3,Pumped Storage Demand,0.6666666666666666,0
2019-06-21,4,Gas,0.5833333333333333,993
2019-06-21,4,Pumped Storage Demand,0.41666666666666663,0
2019-06-21,5,Gas,0.75,993
2019-06-21,5,Pumped Storage Demand,0.25000000000000006,0
2019-06-21,6,Gas,0.8333333333333333,905
2019-06-21,6,Pumped Storage Demand,0.16666666666666666,0
2019-06-21,7,Gas,1.0,883
2019-06-21,8,Gas,1.0,860
2019-06-21,9,Gas,1.0,864
2019-06-21,10,Gas,0.8749999999999999,851
2019-06-21,10,Other,0.125,2044
2019-06-21,11,Gas,1.0,869
2019-06-21,12,Gas,1.0,870
2019-06-21,13,Gas,0.9995084769815228,916
2019-06-21,13,Wind,0.0004915230184771799,0
2019-06-21,14,Gas,0.9987705859649523,866
2019-06-21,14,Wind,0.0012294140350479013,0
2019-06-21,15,Gas,0.9998017652960598,869
2019-06-21,15,Wind,0.00019823470394025958,0
2019-06-21,16,Gas,0.9995631276691377,854
2019-06-21,16,Wind,0.0004368723308624323,0
2019-06-21,17,Gas,0.9997965833102901,864
2019-06-21,17,Wind,0.0002034166897101334,0
2019-06-21,18,Gas,1.0,903
2019-06-21,19,Gas,1.0,855
2019-06-21,20,Gas,1.0,877
2019-06-21,21,Gas,0.9999999999999997,887
2019-06-21,22,Gas,0.9999999999999999,850
2019-06-21,23,Gas,0.75,917
2019-06-21,23,Wind,0.25,0
2019-06-22,0,Gas,0.6777206646859223,858
2019-06-22,0,Hydro,0.11111111111111113,0
2019-06-22,0,Wind,0.21116822420296644,0
2019-06-22,1,Gas,0.9880692433640117,951
2019-06-22,1,Wind,0.011930756635988192,0
2019-06-22,2,Gas,0.246999518281297,866
2019-06-22,2,Other,0.08233317276043232,0
2019-06-22,2,Pumped Storage Demand,0.6586653820834586,0
2019-06-22,2,Wind,0.012001926874812056,0
2019-06-22,3,Gas,0.7408312813202876,851
2019-06-22,3,Pumped Storage Demand,0.24694376044009594,0
2019-06-22,3,Wind,0.01222495823961635,0
2019-06-22,4,Gas,0.9879006608565248,856
2019-06-22,4,Wind,0.012099339143475125,0
2019-06-22,5,Gas,0.6582418741629168,1054
2019-06-22,5,Hydro,0.0822802342703646,0
2019-06-22,5,Pumped Storage Demand,0.1645604685407292,0
2019-06-22,5,Wind,0.09491742302598959,0
2019-06-22,6,Hydro,0.21205786992937709,0
2019-06-22,6,Pumped Storage Demand,0.6644388223103292,0
2019-06-22,6,Wind,0.12350330776029325,0
2019-06-22,7,Gas,0.666666666666667,1159
2019-06-22,7,Hydro,0.06944444444444446,0
2019-06-22,7,Pumped Storage Demand,0.1666666666666667,0
2019-06-22,7,Wind,0.09722222222222225,0
2019-06-22,8,Gas,1.0,918
2019-06-22,9,Gas,1.0,853
2019-06-22,10,Gas,0.9999999999999999,1038
2019-06-22,11,Gas,1.0,868
2019-06-22,12,Gas,0.5833333333333334,913
2019-06-22,12,Pumped Storage Demand,0.41666666666666674,0
2019-06-22,13,Gas,0.9137651208793149,853
2019-06-22,13,Pumped Storage Demand,0.08333333333333333,0
2019-06-22,13,Wind,0.0029015457873517777,0
2019-06-22,14,Gas,0.9965605116678621,876
2019-06-22,14,Wind,0.0034394883321379995,0
2019-06-22,15,Gas,0.9961119181131508,851
2019-06-22,15,Wind,0.0038880818868491404,0
2019-06-22,16,Gas,0.9974671184633023,852
2019-06-22,16,Wind,0.0025328815366978674,0
2019-06-22,17,Gas,0.9973364672694941,839
2019-06-22,17,Wind,0.0026635327305059736,0
2019-06-22,18,Gas,0.9971656285986681,872
2019-06-22,18,Wind,0.002834371401331873,0
2019-06-22,19,Gas,0.9981813562115861,882
2019-06-22,19,Wind,0.0018186437884139706,0
2019-06-22,20,Gas,0.9972784580828443,860
2019-06-22,20,Wind,0.0027215419171556414,0
2019-06-22,21,Gas,0.9135781007611332,876
2019-06-22,21,Wind,0.08642189923886667,0
2019-06-22,22,Gas,0.666666666666667,806
2019-06-22,22,Hydro,0.041666666666666685,0
2019-06-22,22,Wind,0.2916666666666667,0
2019-06-22,23,Gas,0.6035932978719262,809
2019-06-22,23,Hydro,0.24802856810169924,0
2019-06-22,23,Other,0.05475379678341421,2044
2019-06-22,23,Wind,0.09362433724296003,0
2019-06-23,0,Gas,0.8232676037555503,1008
2019-06-23,0,Hydro,0.16465352075111006,0
2019-06-23,0,Wind,0.012078875493339766,0
2019-06-23,1,Gas,0.4940250131972021,900
2019-06-23,1,Hydro,0.0029874934013989656,0
2019-06-23,1,Pumped Storage Demand,0.4940250131972021,0
2019-06-23,1,Wind,0.008962480204196897,0
2019-06-23,2,Gas,0.905715896621619,889
2019-06-23,2,Pumped Storage Demand,0.08233780878378354,0
2019-06-23,2,Wind,0.01194629459459741,0
2019-06-23,3,Gas,0.2469774223326318,958
2019-06-23,3,Hydro,0.5762806521094742,0
2019-06-23,3,Other,0.1646516148884212,2048
2019-06-23,3,Wind,0.012090310669472717,0
2019-06-23,4,Gas,0.9876601672911541,837
2019-06-23,4,Hydro,0.003084958177211482,0
2019-06-23,4,Wind,0.009254874531634445,0
2019-06-23,5,Gas,0.08229108543125928,806
2019-06-23,5,Hydro,0.16458217086251856,0
2019-06-23,5,Wind,0.753126743706222,0
2019-06-23,6,Gas,0.08333333333333333,1263
2019-06-23,6,Hydro,0.5,0
2019-06-23,6,Wind,0.41666666666666663,0
2019-06-23,7,Gas,0.9155023166450295,840
2019-06-23,7,Hydro,0.08333333333333333,0
2019-06-23,7,Wind,0.0011643500216371502,0
2019-06-23,8,Gas,0.9975588804090848,867
2019-06-23,8,Hydro,0.0008137065303050606,0
2019-06-23,8,Wind,0.0016274130606101212,0
2019-06-23,9,Gas,0.9988650743876313,924
2019-06-23,9,Hydro,9.457713436404722e-05,0
2019-06-23,9,Wind,0.0010403484780045194,0
2019-06-23,10,Gas,0.9981431408021059,835
2019-06-23,10,Wind,0.0018568591978940423,0
2019-06-23,11,Gas,0.9981006859349814,846
2019-06-23,11,Wind,0.0018993140650185665,0
2019-06-23,12,Gas,0.9981593588603834,809
2019-06-23,12,Wind,0.001840641139616486,0
2019-06-23,13,Gas,0.9976545090513751,828
2019-06-23,13,Wind,0.00234549094862486,0
2019-06-23,14,Gas,0.41589617617732955,817
2019-06-23,14,Hydro,0.16635847047093183,0
2019-06-23,14,Wind,0.4177453533517387,0
2019-06-23,15,Gas,0.9895787960198765,836
2019-06-23,15,Wind,0.010421203980123582,0
2019-06-23,16,Gas,0.9614843215647487,867
2019-06-23,16,Other,0.027368849903706076,2044
2019-06-23,16,Wind,0.011146828531545217,0
2019-06-23,17,Demand Response,0.24898395696960376,0
2019-06-23,17,Gas,0.6916221026933438,875
2019-06-23,17,Other,0.027664884107733753,2044
2019-06-23,17,Pumped Storage,0.027664884107733753,0
2019-06-23,17,Wind,0.00406417212158494,0
2019-06-23,18,Gas,0.24892040910173044,847
2019-06-23,18,Hydro,0.000814421990336548,0
2019-06-23,18,Pumped Storage,0.7467612273051912,0
2019-06-23,18,Wind,0.003503941602741795,0
2019-06-23,19,Gas,0.08297212973714688,842
2019-06-23,19,Pumped Storage,0.9141234666522025,0
2019-06-23,19,Wind,0.002904403610650849,0
2019-06-23,20,Gas,0.24931274683583668,845
2019-06-23,20,Pumped Storage,0.74793824050751,0
2019-06-23,20,Wind,0.002749012656653295,0
2019-06-23,21,Gas,0.3323767420091324,850
2019-06-23,21,Pumped Storage,0.6647534840182647,0
2019-06-23,21,Wind,0.002869773972602804,0
2019-06-23,22,Pumped Storage,0.9971896406000675,0
2019-06-23,22,Wind,0.002810359399932522,0
2019-06-23,23,Gas,0.3324353408328593,817
2019-06-23,23,Pumped Storage,0.6648706816657187,0
2019-06-23,23,Wind,0.0026939775014218795,0
2019-06-24,0,Gas,0.6234423237166995,839
2019-06-24,0,Pumped Storage,0.3739216087269458,0
2019-06-24,0,Wind,0.002636067556354622,0
2019-06-24,1,Gas,1.0,841
2019-06-24,2,Gas,0.5833333333333334,851
2019-06-24,2,Pumped Storage Demand,0.4166666666666667,0
2019-06-24,3,Gas,0.9166666666666665,931
2019-06-24,3,Pumped Storage Demand,0.08333333333333333,0
2019-06-24,4,Gas,1.0,930
2019-06-24,5,Gas,0.25,836
2019-06-24,5,Pumped Storage Demand,0.7499999999999999,0
2019-06-24,6,Gas,0.16666666666666663,851
2019-06-24,6,Pumped Storage Demand,0.8333333333333333,0
2019-06-24,7,Gas,1.0,958
2019-06-24,8,Gas,1.0,878
2019-06-24,9,Gas,0.9999999999999999,892
2019-06-24,10,Gas,1.0,873
2019-06-24,11,Gas,1.0,917
2019-06-24,12,Gas,0.8333333333333333,1000
2019-06-24,12,Pumped Storage,0.16666666666666663,0
2019-06-24,13,Hydro,0.0006142267767927854,0
2019-06-24,13,Pumped Storage,0.9990172371571315,0
2019-06-24,13,Wind,0.00036853606607567123,0
2019-06-24,14,Gas,0.33308215659950363,897
2019-06-24,14,Pumped Storage,0.666289901565922,0
2019-06-24,14,Wind,0.000627941834574287,0
2019-06-24,15,Demand Response,0.1665440558960179,0
2019-06-24,15,Gas,0.08327202794800895,1173
2019-06-24,15,Pumped Storage,0.7495095569174048,0
2019-06-24,15,Wind,0.0006743592385682961,0
2019-06-24,16,Demand Response,0.08327252059855657,0
2019-06-24,16,Gas,0.3330900823942263,798
2019-06-24,16,Hydro,0.00030406367388377537,0
2019-06-24,16,Pumped Storage,0.582907644189896,0
2019-06-24,16,Wind,0.00042568914343728547,0
2019-06-24,17,Demand Response,0.08333333333333334,0
2019-06-24,17,Gas,0.41666666666666674,1061
2019-06-24,17,Hydro,6.088905543763415e-05,0
2019-06-24,17,Pumped Storage,0.49993911094456245,0
2019-06-24,18,Gas,0.08333333333333334,878
2019-06-24,18,Pumped Storage,0.9166666666666667,0
2019-06-24,19,Gas,0.33333333333333326,815
2019-06-24,19,Other,0.08333333333333331,2044
2019-06-24,19,Pumped Storage,0.5833333333333334,0
2019-06-24,20,Coal,0.25,2334
2019-06-24,20,Gas,0.6666666666666666,929
2019-06-24,20,Other,0.041666666666666664,2044
2019-06-24,20,Pumped Storage,0.041666666666666664,0
2019-06-24,21,Gas,0.7916666666666666,1105
2019-06-24,21,Pumped Storage,0.20833333333333334,0
2019-06-24,22,Gas,1.0,887
2019-06-24,23,Coal,0.375,2375
2019-06-24,23,Gas,0.3333333333333333,939
2019-06-24,23,Pumped Storage,0.29166666666666663,0
2019-06-25,0,Gas,0.7500000000000001,848
2019-06-25,0,Pumped Storage Demand,0.25,0
2019-06-25,1,Gas,0.5,825
2019-06-25,1,Pumped Storage Demand,0.5,0
2019-06-25,2,Gas,0.4166666666666667,860
2019-06-25,2,Other,0.33333333333333337,2048
2019-06-25,2,Pumped Storage Demand,0.25,0
2019-06-25,3,Pumped Storage Demand,1.0,0
2019-06-25,4,Gas,0.4161562249181676,813
2019-06-25,4,Pumped Storage Demand,0.5830781124590838,0
2019-06-25,4,Wind,0.0007656626227486249,0
2019-06-25,5,Gas,0.5815384628047415,840
2019-06-25,5,Pumped Storage Demand,0.415384616289101,0
2019-06-25,5,Wind,0.003076920906157417,0
2019-06-25,6,Gas,0.9992831387958083,874
2019-06-25,6,Wind,0.0007168612041915948,0
2019-06-25,7,Gas,0.9999999999999999,831
2019-06-25,8,Pumped Storage Demand,1.0,0
2019-06-25,9,Gas,0.41666666666666674,880
2019-06-25,9,Pumped Storage Demand,0.5833333333333334,0
2019-06-25,10,Gas,0.4166666666666667,855
2019-06-25,10,Pumped Storage Demand,0.5833333333333334,0
2019-06-25,11,Gas,0.9166666666666667,893
2019-06-25,11,Pumped Storage Demand,0.08333333333333334,0
2019-06-25,12,Gas,0.8333333333333334,881
2019-06-25,12,Hydro,0.16666666666666669,0
2019-06-25,13,Gas,0.16666666666666669,769
2019-06-25,13,Pumped Storage,0.8333333333333334,0
2019-06-25,14,Gas,0.9166666666666667,923
2019-06-25,14,Pumped Storage,0.08333333333333333,0
2019-06-25,15,Gas,0.9999999999999999,870
2019-06-25,16,Gas,1.0,874
2019-06-25,17,Gas,0.8333333333333333,885
2019-06-25,17,Pumped Storage,0.16666666666666669,0
2019-06-25,18,Gas,0.5000000000000001,892
2019-06-25,18,Pumped Storage,0.5000000000000001,0
2019-06-25,19,Pumped Storage,1.0,0
2019-06-25,20,Gas,0.5,938
2019-06-25,20,Pumped Storage,0.5,0
2019-06-25,21,Gas,0.9999999999999999,922
2019-06-25,22,Gas,1.0,841
2019-06-25,23,Coal,0.16666666666666666,2375
2019-06-25,23,Gas,0.7499999999999999,854
2019-06-25,23,Other,0.08333333333333333,2044
2019-06-26,0,Gas,1.0,847
2019-06-26,1,Gas,0.16666666666666669,859
2019-06-26,1,Pumped Storage Demand,0.8333333333333334,0
2019-06-26,2,Gas,1.0,850
2019-06-26,3,Gas,1.0,835
2019-06-26,4,Gas,1.0,832
2019-06-26,5,Gas,1.0,867
2019-06-26,6,Gas,0.75,870
2019-06-26,6,Pumped Storage Demand,0.25,0
2019-06-26,7,Gas,1.0000000000000002,866
2019-06-26,8,Gas,0.9999999999999999,868
2019-06-26,9,Gas,1.0000000000000002,887
2019-06-26,10,Gas,1.0,902
2019-06-26,11,Gas,1.0,871
2019-06-26,12,Gas,1.0,880
2019-06-26,13,Gas,0.9999999999999998,854
2019-06-26,14,Gas,0.9999999999999999,858
2019-06-26,15,Gas,0.9999999999999999,888
2019-06-26,16,Gas,1.0,956
2019-06-26,17,Gas,1.0,889
2019-06-26,18,Gas,0.75,923
2019-06-26,18,Pumped Storage,0.25,0
2019-06-26,19,Gas,0.9999999999999999,924
2019-06-26,20,Gas,1.0,870
2019-06-26,21,Gas,1.0,881
2019-06-26,22,Gas,1.0,860
2019-06-26,23,Coal,0.08333333333333331,2375
2019-06-26,23,Gas,0.8333333333333331,916
2019-06-26,23,Other,0.08333333333333331,2048
2019-06-27,0,Gas,0.9999999999999999,846
2019-06-27,1,Gas,1.0,835
2019-06-27,2,Gas,0.9999999999999999,859
2019-06-27,3,Gas,0.9166666666666666,931
2019-06-27,3,Hydro,0.08333333333333333,0
2019-06-27,4,Gas,0.8333333333333333,862
2019-06-27,4,Pumped Storage Demand,0.16666666666666669,0
2019-06-27,5,Gas,0.8333333333333334,907
2019-06-27,5,Pumped Storage Demand,0.16666666666666666,0
2019-06-27,6,Gas,1.0,813
2019-06-27,7,Gas,1.0,869
2019-06-27,8,Gas,1.0,849
2019-06-27,9,Gas,1.0000000000000002,932
2019-06-27,10,Gas,0.9999999999999999,870
2019-06-27,11,Gas,1.0,884
2019-06-27,12,Gas,1.0,892
2019-06-27,13,Gas,1.0,877
2019-06-27,14,Gas,0.9999999999999999,887
2019-06-27,15,Gas,0.9999999999999999,877
2019-06-27,16,Gas,1.0000000000000002,873
2019-06-27,17,Gas,1.0,890
2019-06-27,18,Gas,0.9583333333333334,957
2019-06-27,18,Pumped Storage,0.04166666666666667,0
2019-06-27,19,Gas,0.5000000000000001,923
2019-06-27,19,Pumped Storage,0.5,0
2019-06-27,20,Gas,0.8333333333333333,884
2019-06-27,20,Other,0.16666666666666666,2044
2019-06-27,21,Demand Response,0.08333333333333331,0
2019-06-27,21,Gas,0.9166666666666665,879
2019-06-27,22,Gas,0.9995461321160071,847
2019-06-27,22,Wind,0.00045386788399275605,0
2019-06-27,23,Gas,0.9999999999999999,842
2019-06-28,0,Gas,0.9999999999999998,965
2019-06-28,1,Gas,1.0,851
2019-06-28,2,Gas,0.9992906785686199,905
2019-06-28,2,Wind,0.0007093214313800255,0
2019-06-28,3,Gas,0.9974953734761641,908
2019-06-28,3,Wind,0.0025046265238357975,0
2019-06-28,4,Gas,0.8326219536277443,810
2019-06-28,4,Wind,0.16737804637225578,0
2019-06-28,5,Gas,0.8333333333333333,893
2019-06-28,5,Hydro,0.08333333333333333,0
2019-06-28,5,Wind,0.08333333333333333,0
2019-06-28,6,Gas,0.41666666666666674,914
2019-06-28,6,Pumped Storage Demand,0.5833333333333334,0
2019-06-28,7,Gas,0.4166666666666667,806
2019-06-28,7,Pumped Storage Demand,0.5833333333333334,0
2019-06-28,8,Gas,0.8333333333333335,903
2019-06-28,8,Pumped Storage Demand,0.16666666666666669,0
2019-06-28,9,Gas,0.9999999999999999,880
2019-06-28,10,Gas,1.0,873
2019-06-28,11,Gas,1.0,902
2019-06-28,12,Coal,0.16666666666666666,3041
2019-06-28,12,Gas,0.8333333333333334,1112
2019-06-28,13,Pumped Storage,1.0,0
2019-06-28,14,Gas,0.16666666666666669,872
2019-06-28,14,Pumped Storage,0.8333333333333333,0
2019-06-28,15,Gas,0.5,896
2019-06-28,15,Pumped Storage,0.5,0
2019-06-28,16,Gas,0.5833333333333335,819
2019-06-28,16,Pumped Storage,0.4166666666666667,0
2019-06-28,17,Gas,0.29166666666666663,1073
2019-06-28,17,Pumped Storage,0.7083333333333334,0
2019-06-28,18,Gas,0.5,984
2019-06-28,18,Pumped Storage,0.49999999999999994,0
2019-06-28,19,Gas,0.49999999999999994,881
2019-06-28,19,Other,0.12499999999999999,2044
2019-06-28,19,Pumped Storage,0.37499999999999994,0
2019-06-28,20,Gas,0.7909974834109452,952
2019-06-28,20,Pumped Storage,0.20811027224809284,0
2019-06-28,20,Wind,0.0008922443409619576,0
2019-06-28,21,Gas,0.8055555555555554,918
2019-06-28,21,Hydro,0.055555555555555546,0
2019-06-28,21,Pumped Storage,0.13888888888888887,0
2019-06-28,22,Gas,0.6666666666666667,867
2019-06-28,22,Other,0.16666666666666669,2044
2019-06-28,22,Pumped Storage,0.16666666666666669,0
2019-06-28,23,Gas,0.7500000000000001,928
2019-06-28,23,Pumped Storage,0.25000000000000006,0
2019-06-29,0,Demand Response,0.041666666666666664,0
2019-06-29,0,Gas,0.7083333333333333,1110
2019-06-29,0,Hydro,0.16666666666666666,0
2019-06-29,0,Pumped Storage Demand,0.08333333333333333,0
2019-06-29,1,Demand Response,0.25,0
2019-06-29,1,Gas,0.5833333333333334,1196
2019-06-29,1,Pumped Storage Demand,0.16666666666666669,0
2019-06-29,2,Gas,0.8333333333333333,920
2019-06-29,2,Other,0.16666666666666666,2044
2019-06-29,3,Gas,0.5820606214448047,884
2019-06-29,3,Pumped Storage Demand,0.41666666666666663,0
2019-06-29,3,Wind,0.0012727118885286505,0
2019-06-29,4,Gas,0.9972382652893901,855
2019-06-29,4,Wind,0.002761734710610009,0
2019-06-29,5,Pumped Storage Demand,1.0,0
2019-06-29,6,Gas,0.8333333333333334,864
2019-06-29,6,Hydro,0.16666666666666669,0
2019-06-29,7,Gas,0.5833333333333333,864
2019-06-29,7,Pumped Storage Demand,0.41666666666666663,0
2019-06-29,8,Gas,0.8333333333333335,972
2019-06-29,8,Pumped Storage Demand,0.16666666666666669,0
2019-06-29,9,Gas,0.7777777777777777,968
2019-06-29,9,Other,0.2222222222222222,2045
2019-06-29,10,Gas,0.29166666666666663,1206
2019-06-29,10,Other,0.125,2044
2019-06-29,10,Pumped Storage,0.5833333333333334,0
2019-06-29,11,Gas,0.375,1048
2019-06-29,11,Pumped Storage,0.6249999999999999,0
2019-06-29,12,Gas,0.04166666666666667,845
2019-06-29,12,Pumped Storage,0.9583333333333334,0
2019-06-29,13,Hydro,0.16666666666666666,0
2019-06-29,13,Pumped Storage,0.8333333333333334,0
2019-06-29,14,Gas,0.9166666666666665,966
2019-06-29,14,Pumped Storage,0.08333333333333333,0
2019-06-29,15,Gas,0.8333333333333334,1127
2019-06-29,15,Pumped Storage,0.16666666666666666,0
2019-06-29,16,Gas,0.5,1043
2019-06-29,16,Pumped Storage,0.5000000000000001,0
2019-06-29,17,Gas,0.41666666666666674,948
2019-06-29,17,Oil,0.25,3513
2019-06-29,17,Pumped Storage,0.33333333333333337,0
2019-06-29,18,Gas,0.7777777777777778,1174
2019-06-29,18,Hydro,0.11111111111111112,0
2019-06-29,18,Pumped Storage,0.11111111111111112,0
2019-06-29,19,Gas,0.9781849502284007,1095
2019-06-29,19,Other,0.02078166404710881,2044
2019-06-29,19,Wind,0.0010333857244904853,0
2019-06-29,20,Gas,0.9989656790222525,901
2019-06-29,20,Wind,0.001034320977747254,0
2019-06-29,21,Gas,0.5,1047
2019-06-29,21,Hydro,0.5,0
2019-06-29,22,Gas,0.7495746741617528,958
2019-06-29,22,Pumped Storage Demand,0.24936201124262922,0
2019-06-29,22,Wind,0.0010633145956178756,0
2019-06-29,23,Gas,0.25,842
2019-06-29,23,Pumped Storage Demand,0.7500000000000001,0
2019-06-30,0,Demand Response,0.16666666666666669,0
2019-06-30,0,Gas,0.45833333333333337,1185
2019-06-30,0,Hydro,0.125,0
2019-06-30,0,Oil,0.16666666666666669,1563
2019-06-30,0,Other,0.08333333333333334,2044
2019-06-30,1,Gas,0.7500000000000002,1061
2019-06-30,1,Oil,0.08333333333333336,1563
2019-06-30,1,Pumped Storage Demand,0.1666666666666667,0
2019-06-30,2,Gas,0.8333333333333334,919
2019-06-30,2,Pumped Storage Demand,0.16666666666666669,0
2019-06-30,3,Pumped Storage Demand,1.0,0
2019-06-30,4,Gas,0.5833333333333334,872
2019-06-30,4,Pumped Storage Demand,0.4166666666666667,0
2019-06-30,5,Gas,0.25,873
2019-06-30,5,Pumped Storage Demand,0.75,0
2019-06-30,6,Gas,0.5833333333333333,962
2019-06-30,6,Pumped Storage Demand,0.41666666666666663,0
2019-06-30,7,Gas,0.6770833333333331,816
2019-06-30,7,Other,0.010416666666666664,4679
2019-06-30,7,Pumped Storage Demand,0.24999999999999994,0
2019-06-30,7,Wind,0.062499999999999986,0
2019-06-30,8,Gas,0.6770833333333331,854
2019-06-30,8,Other,0.010416666666666664,4679
2019-06-30,8,Pumped Storage Demand,0.24999999999999994,0
2019-06-30,8,Wind,0.062499999999999986,0
2019-06-30,9,Gas,0.9166666666666667,895
2019-06-30,9,Pumped Storage Demand,0.08333333333333334,0
2019-06-30,10,Gas,0.7083333333333334,925
2019-06-30,10,Pumped Storage,0.2916666666666667,0
2019-06-30,11,Gas,1.0,856
2019-06-30,12,Gas,0.9999999999999999,861
2019-06-30,13,Gas,0.9995760827939564,880
2019-06-30,13,Wind,0.0004239172060437006,0
2019-06-30,14,Demand Response,0.08333333333333333,0
2019-06-30,14,Gas,0.916293246715808,893
2019-06-30,14,Wind,0.0003734199508585954,0
2019-06-30,15,Gas,0.9990553639206192,869
2019-06-30,15,Wind,0.0009446360793807692,0
2019-06-30,16,Gas,0.9981589506361999,838
2019-06-30,16,Wind,0.001841049363800148,0
2019-06-30,17,Gas,0.9162162795002584,1123
2019-06-30,17,Pumped Storage,0.08333333333333334,0
2019-06-30,17,Wind,0.0004503871664082396,0
2019-06-30,18,Gas,0.24952769048190096,892
2019-06-30,18,Pumped Storage,0.7488192262047524,0
2019-06-30,18,Wind,0.0016530833133466746,0
2019-06-30,19,Gas,0.7916666666666666,855
2019-06-30,19,Other,0.16666666666666669,2044
2019-06-30,19,Pumped Storage,0.04166666666666667,0
2019-06-30,20,Gas,0.9162035981775314,881
2019-06-30,20,Other,0.08333333333333333,2044
2019-06-30,20,Wind,0.0004630684891352088,0
2019-06-30,21,Gas,0.9990359567845022,805
2019-06-30,21,Wind,0.0009640432154975027,0
2019-06-30,22,Gas,1.0000000000000002,865
2019-06-30,23,Gas,1.0,836
2019-07-01,0,Gas,0.9947243175339561,845
2019-07-01,0,Wind,0.005275682466043916,0
2019-07-01,1,Gas,0.9890759794226621,859
2019-07-01,1,Hydro,0.0009103350481114958,0
2019-07-01,1,Wind,0.010013685529226452,0
2019-07-01,2,Gas,0.08241215810858671,873
2019-07-01,2,Hydro,0.0036847008989864404,0
2019-07-01,2,Pumped Storage Demand,0.9065337391944538,0
2019-07-01,2,Wind,0.007369401797972881,0
2019-07-01,3,Gas,0.822004411156379,856
2019-07-01,3,Hydro,0.002897542231394278,0
2019-07-01,3,Pumped Storage Demand,0.16473497184573718,0
2019-07-01,3,Wind,0.010363074766489509,0
2019-07-01,4,Gas,0.4106074646715073,849
2019-07-01,4,Hydro,0.001963016640205054,0
2019-07-01,4,Pumped Storage Demand,0.5748504505401102,0
2019-07-01,4,Wind,0.01257906814817733,0
2019-07-01,5,Gas,0.9962282597037788,943
2019-07-01,5,Hydro,0.0010183475322393233,0
2019-07-01,5,Wind,0.0027533927639817415,0
2019-07-01,6,Pumped Storage Demand,0.9992937015123247,0
2019-07-01,6,Wind,0.0007062984876752366,0
2019-07-01,7,Gas,0.8333333333333334,861
2019-07-01,7,Pumped Storage Demand,0.16666666666666666,0
2019-07-01,8,Gas,1.0,857
2019-07-01,9,Gas,1.0000000000000002,893
2019-07-01,10,Gas,1.0,958
2019-07-01,11,Gas,1.0000000000000002,875
2019-07-01,12,Gas,1.0,904
2019-07-01,13,Gas,1.0,893
2019-07-01,14,Gas,1.0,889
2019-07-01,15,Gas,0.6666666666666666,842
2019-07-01,15,Pumped Storage,0.3333333333333333,0
2019-07-01,16,Gas,1.0,986
2019-07-01,17,Gas,0.7916666666666666,1346
2019-07-01,17,Pumped Storage,0.20833333333333334,0
2019-07-01,18,Gas,0.125,895
2019-07-01,18,Pumped Storage,0.875,0
2019-07-01,19,Gas,0.16666666666666666,1003
2019-07-01,19,Pumped Storage,0.8333333333333334,0
2019-07-01,20,Gas,0.2916666666666667,896
2019-07-01,20,Pumped Storage,0.7083333333333334,0
2019-07-01,21,Gas,0.75,873
2019-07-01,21,Other,0.16666666666666669,2044
2019-07-01,21,Pumped Storage,0.08333333333333334,0
2019-07-01,22,Gas,1.0,860
2019-07-01,23,Gas,0.3333333333333333,1078
2019-07-01,23,Hydro,0.25,0
2019-07-01,23,Pumped Storage,0.4166666666666667,0
2019-07-02,0,Gas,0.9166666666666667,847
2019-07-02,0,Pumped Storage,0.08333333333333333,0
2019-07-02,1,Gas,0.7500000000000001,834
2019-07-02,1,Pumped Storage Demand,0.25,0
2019-07-02,2,Gas,0.8333333333333334,844
2019-07-02,2,Pumped Storage Demand,0.16666666666666669,0
2019-07-02,3,Gas,0.75,849
2019-07-02,3,Pumped Storage Demand,0.25000000000000006,0
2019-07-02,4,Gas,0.24999999999999994,951
2019-07-02,4,Pumped Storage Demand,0.75,0
2019-07-02,5,Gas,0.6666666666666666,887
2019-07-02,5,Pumped Storage Demand,0.3333333333333333,0
2019-07-02,6,Gas,0.916666666666667,847
2019-07-02,6,Pumped Storage Demand,0.08333333333333334,0
2019-07-02,7,Gas,1.0000000000000002,844
2019-07-02,8,Gas,0.25,870
2019-07-02,8,Pumped Storage Demand,0.7499999999999999,0
2019-07-02,9,Gas,1.0,852
2019-07-02,10,Gas,0.8333333333333334,858
2019-07-02,10,Other,0.16666666666666666,2044
2019-07-02,11,Gas,0.9999999999999999,911
2019-07-02,12,Gas,1.0,885
2019-07-02,13,Gas,1.0,847
2019-07-02,14,Gas,1.0,859
2019-07-02,15,Gas,0.5833333333333333,864
2019-07-02,15,Pumped Storage,0.4166666666666667,0
2019-07-02,16,Gas,1.0,1112
2019-07-02,17,Gas,0.9166666666666667,1018
2019-07-02,17,Other,0.08333333333333334,2044
2019-07-02,18,Gas,1.0,1344
2019-07-02,19,Gas,0.7500000000000001,1144
2019-07-02,19,Other,0.25,2044
2019-07-02,20,Gas,0.9166666666666666,1308
2019-07-02,20,Other,0.08333333333333333,2044
2019-07-02,21,Gas,1.0,997
2019-07-02,22,Gas,0.875,1107
2019-07-02,22,Other,0.125,2047
2019-07-02,23,Gas,0.9583333333333333,919
2019-07-02,23,Other,0.041666666666666664,2044
2019-07-03,0,Gas,0.8333333333333333,901
2019-07-03,0,Pumped Storage Demand,0.16666666666666666,0
2019-07-03,1,Gas,0.5,955
2019-07-03,1,Pumped Storage Demand,0.5,0
2019-07-03,2,Gas,0.9166666666666666,857
2019-07-03,2,Pumped Storage Demand,0.08333333333333333,0
2019-07-03,3,Gas,0.9999999999999998,881
2019-07-03,4,Gas,1.0,874
2019-07-03,5,Gas,0.6666666666666666,901
2019-07-03,5,Pumped Storage Demand,0.3333333333333333,0
2019-07-03,6,Gas,0.49999999999999994,879
2019-07-03,6,Pumped Storage Demand,0.5,0
2019-07-03,7,Gas,0.08333333333333333,818
2019-07-03,7,Pumped Storage Demand,0.9166666666666666,0
2019-07-03,8,Gas,0.6666666666666667,841
2019-07-03,8,Pumped Storage Demand,0.33333333333333337,0
2019-07-03,9,Gas,0.7916666666666665,780
2019-07-03,9,Pumped Storage,0.20833333333333334,0
2019-07-03,10,Gas,1.0,881
2019-07-03,11,Gas,1.0,918
2019-07-03,12,Gas,0.9999999999999999,979
2019-07-03,13,Gas,0.9999999999999999,990
2019-07-03,14,Gas,1.0,979
2019-07-03,15,Gas,0.75,950
2019-07-03,15,Pumped Storage,0.25,0
2019-07-03,16,Gas,1.0,936
2019-07-03,17,Gas,1.0,888
2019-07-03,18,Gas,0.9999999999999999,912
2019-07-03,19,Gas,1.0,873
2019-07-03,20,Gas,1.0,897
2019-07-03,21,Gas,0.7499999999999999,951
2019-07-03,21,Other,0.25,2044
2019-07-03,22,Gas,1.0,908
2019-07-03,23,Gas,0.8333333333333331,974
2019-07-03,23,Hydro,0.16666666666666663,0
2019-07-04,0,Gas,0.9999999999999999,935
2019-07-04,1,Gas,1.0,865
2019-07-04,2,Gas,0.5833333333333333,836
2019-07-04,2,Pumped Storage Demand,0.4166666666666666,0
2019-07-04,3,Gas,1.0,948
2019-07-04,4,Gas,0.9999999999999999,851
2019-07-04,5,Gas,1.0,844
2019-07-04,6,Gas,1.0,935
2019-07-04,7,Gas,0.8333333333333334,826
2019-07-04,7,Pumped Storage Demand,0.16666666666666669,0
2019-07-04,8,Gas,0.9166666666666666,853
2019-07-04,8,Pumped Storage Demand,0.08333333333333333,0
2019-07-04,9,Gas,0.8333333333333335,977
2019-07-04,9,Pumped Storage Demand,0.16666666666666669,0
2019-07-04,10,Demand Response,0.08333333333333331,0
2019-07-04,10,Gas,0.9166666666666665,909
2019-07-04,11,Gas,1.0,871
2019-07-04,12,Gas,0.8333333333333335,1054
2019-07-04,12,Pumped Storage,0.16666666666666669,0
2019-07-04,13,Gas,0.16666666666666669,1091
2019-07-04,13,Pumped Storage,0.8333333333333334,0
2019-07-04,14,Gas,0.75,941
2019-07-04,14,Pumped Storage,0.25,0
2019-07-04,15,Gas,0.5833333333333333,983
2019-07-04,15,Pumped Storage,0.4166666666666667,0
2019-07-04,16,Gas,0.9999999999999999,1090
2019-07-04,17,Gas,1.0,953
2019-07-04,18,Gas,1.0,1109
2019-07-04,19,Gas,0.9999999999999999,1056
2019-07-04,20,Gas,1.0,905
2019-07-04,21,Gas,0.9989572801215435,943
2019-07-04,21,Wind,0.0010427198784565758,0
2019-07-04,22,Gas,0.8736465756995434,875
2019-07-04,22,Other,0.12480665367136336,2044
2019-07-04,22,Wind,0.0015467706290930893,0
2019-07-04,23,Gas,0.9984262101659307,940
2019-07-04,23,Wind,0.0015737898340694488,0
2019-07-05,0,Gas,0.7486541699034047,849
2019-07-05,0,Pumped Storage Demand,0.24955138996780157,0
2019-07-05,0,Wind,0.0017944401287936721,0
2019-07-05,1,Gas,0.6654261454481134,824
2019-07-05,1,Hydro,0.0012405212185531331,0
2019-07-05,1,Pumped Storage Demand,0.33271307272405676,0
2019-07-05,1,Wind,0.0006202606092765666,0
2019-07-05,2,Gas,0.998903510274139,860
2019-07-05,2,Hydro,0.0010964897258611574,0
2019-07-05,3,Gas,0.3333333333333333,830
2019-07-05,3,Pumped Storage Demand,0.6666666666666666,0
2019-07-05,4,Gas,0.9166666666666666,912
2019-07-05,4,Pumped Storage Demand,0.08333333333333333,0
2019-07-05,5,Gas,0.9999999999999999,838
2019-07-05,6,Gas,1.0,854
2019-07-05,7,Gas,0.41666666666666674,889
2019-07-05,7,Pumped Storage Demand,0.5833333333333335,0
2019-07-05,8,Gas,0.9999999999999999,883
2019-07-05,9,Gas,0.8333333333333334,883
2019-07-05,9,Other,0.16666666666666669,2048
2019-07-05,10,Gas,0.9166666666666667,976
2019-07-05,10,Hydro,0.08333333333333333,0
2019-07-05,11,Gas,0.7500000000000001,963
2019-07-05,11,Pumped Storage,0.25,0
2019-07-05,12,Gas,1.0,930
2019-07-05,13,Gas,1.0,1064
2019-07-05,14,Gas,1.0,1084
2019-07-05,15,Gas,0.8333333333333334,1097
2019-07-05,15,Pumped Storage,0.16666666666666669,0
2019-07-05,16,Gas,0.1666666666666667,1043
2019-07-05,16,Pumped Storage,0.8333333333333334,0
2019-07-05,17,Gas,0.125,1242
2019-07-05,17,Pumped Storage,0.875,0
2019-07-05,18,Gas,0.8333333333333335,1210
2019-07-05,18,Pumped Storage,0.16666666666666669,0
2019-07-05,19,Gas,0.5833333333333333,1006
2019-07-05,19,Pumped Storage,0.41666666666666663,0
2019-07-05,20,Gas,0.2916666666666667,876
2019-07-05,20,Pumped Storage,0.7082054700046293,0
2019-07-05,20,Wind,0.00012786332870396602,0
2019-07-05,21,Gas,0.9152507706905999,1106
2019-07-05,21,Pumped Storage,0.08320461551732726,0
2019-07-05,21,Wind,0.0015446137920728834,0
2019-07-05,22,Gas,0.9984855974929736,1025
2019-07-05,22,Wind,0.0015144025070262961,0
2019-07-05,23,Gas,0.9991411669498471,1037
2019-07-05,23,Wind,0.000858833050153027,0
2019-07-06,0,Gas,0.7487446101250526,1049
2019-07-06,0,Pumped Storage Demand,0.24958153670835084,0
2019-07-06,0,Wind,0.0016738531665966743,0
2019-07-06,1,Gas,0.7486496154831239,879
2019-07-06,1,Pumped Storage Demand,0.24954987182770796,0
2019-07-06,1,Wind,0.0018005126891682958,0
2019-07-06,2,Demand Response,0.4991007688936052,0
2019-07-06,2,Gas,0.3327338459290701,842
2019-07-06,2,Pumped Storage Demand,0.16636692296453506,0
2019-07-06,2,Wind,0.0017984622127896258,0
2019-07-06,3,Gas,0.7489191324456718,916
2019-07-06,3,Pumped Storage Demand,0.24953677104814506,0
2019-07-06,3,Wind,0.001544096506183211,0
2019-07-06,4,Gas,0.16635350421984652,1276
2019-07-06,4,Pumped Storage Demand,0.8317675210992326,0
2019-07-06,4,Wind,0.0018789746809209948,0
2019-07-06,5,Gas,0.5,1087
2019-07-06,5,Pumped Storage Demand,0.4990969052050342,0
2019-07-06,5,Wind,0.0009030947949657842,0
2019-07-06,6,Gas,0.08333333333333334,859
2019-07-06,6,Pumped Storage Demand,0.9166666666666667,0
2019-07-06,7,Gas,0.4999999999999999,879
2019-07-06,7,Pumped Storage Demand,0.4999999999999999,0
2019-07-06,8,Gas,0.5833333333333334,936
2019-07-06,8,Pumped Storage,0.16666666666666669,0
2019-07-06,8,Pumped Storage Demand,0.25,0
2019-07-06,9,Gas,0.6666666666666666,1078
2019-07-06,9,Hydro,0.16666666666666666,0
2019-07-06,9,Pumped Storage,0.16666666666666666,0
2019-07-06,10,Gas,0.6666666666666666,1078
2019-07-06,10,Hydro,0.3333333333333333,0
2019-07-06,11,Gas,0.8333333333333335,1217
2019-07-06,11,Pumped Storage,0.16666666666666669,0
2019-07-06,12,Gas,0.875,1187
2019-07-06,12,Hydro,0.12500000000000003,0
2019-07-06,13,Gas,0.7499999999999999,1173
2019-07-06,13,Hydro,0.24999999999999997,0
2019-07-06,14,Gas,0.5833333333333333,1164
2019-07-06,14,Pumped Storage,0.4166666666666667,0
2019-07-06,15,Gas,0.7083333333333335,1209
2019-07-06,15,Pumped Storage,0.2916666666666667,0
2019-07-06,16,Gas,0.20833333333333337,1019
2019-07-06,16,Hydro,0.04166666666666667,0
2019-07-06,16,Pumped Storage,0.75,0
2019-07-06,17,Gas,0.41666666666666663,1173
2019-07-06,17,Pumped Storage,0.5833333333333334,0
2019-07-06,18,Gas,0.75,981
2019-07-06,18,Pumped Storage,0.24999999999999997,0
2019-07-06,19,Gas,0.9999999999999999,929
2019-07-06,20,Gas,1.0000000000000002,990
2019-07-06,21,Gas,1.0,950
2019-07-06,22,Gas,1.0,955
2019-07-06,23,Gas,0.8320149029253019,1104
2019-07-06,23,Pumped Storage,0.16640298058506037,0
2019-07-06,23,Wind,0.0015821164896377994,0
2019-07-07,0,Gas,0.9983527265343016,981
2019-07-07,0,Wind,0.0016472734656984222,0
2019-07-07,1,Gas,0.9982332834667786,872
2019-07-07,1,Wind,0.0017667165332212042,0
2019-07-07,2,Gas,0.9983132421209153,911
2019-07-07,2,Wind,0.001686757879085042,0
2019-07-07,3,Gas,0.2495648028282892,1050
2019-07-07,3,Hydro,0.001015460067325283,0
2019-07-07,3,Pumped Storage Demand,0.7486944084848676,0
2019-07-07,3,Wind,0.0007253286195180594,0
2019-07-07,4,Gas,0.9154792507408916,957
2019-07-07,4,Hydro,0.0013358429164968967,0
2019-07-07,4,Pumped Storage Demand,0.08318490634261144,0
2019-07-07,5,Gas,0.9992365183741636,900
2019-07-07,5,Hydro,0.0007634816258363,0
2019-07-07,6,Gas,1.0,975
2019-07-07,7,Gas,1.0,883
2019-07-07,8,Gas,0.6666666666666666,900
2019-07-07,8,Pumped Storage Demand,0.3333333333333333,0
2019-07-07,9,Gas,0.9166666666666666,891
2019-07-07,9,Pumped Storage Demand,0.08333333333333333,0
2019-07-07,10,Gas,0.8333333333333334,862
2019-07-07,10,Pumped Storage Demand,0.16666666666666669,0
2019-07-07,11,Gas,0.7500000000000002,886
2019-07-07,11,Pumped Storage Demand,0.25000000000000006,0
2019-07-07,12,Gas,1.0,856
2019-07-07,13,Gas,0.9999999999999999,866
2019-07-07,14,Gas,1.0,885
2019-07-07,15,Gas,1.0,878
2019-07-07,16,Gas,0.5,848
2019-07-07,16,Pumped Storage,0.5,0
2019-07-07,17,Gas,0.6666666666666667,1010
2019-07-07,17,Pumped Storage,0.3333333333333333,0
2019-07-07,18,Gas,0.16666666666666666,845
2019-07-07,18,Pumped Storage,0.8333333333333334,0
2019-07-07,19,Gas,0.49999999999999994,1137
2019-07-07,19,Pumped Storage,0.5,0
2019-07-07,20,Gas,0.75,953
2019-07-07,20,Pumped Storage,0.24999999999999997,0
2019-07-07,21,Gas,0.7083333333333334,925
2019-07-07,21,Pumped Storage,0.2916666666666667,0
2019-07-07,22,Gas,0.9980037740320729,954
2019-07-07,22,Wind,0.0019962259679272023,0
2019-07-07,23,Gas,1.0,911
2019-07-08,0,Gas,1.0,827
2019-07-08,1,Gas,1.0,934
2019-07-08,2,Gas,1.0,1015
2019-07-08,3,Gas,0.75,853
2019-07-08,3,Pumped Storage Demand,0.25,0
2019-07-08,4,Gas,0.33333333333333337,841
2019-07-08,4,Pumped Storage Demand,0.6666666666666667,0
2019-07-08,5,Gas,0.4166666666666667,858
2019-07-08,5,Pumped Storage Demand,0.5833333333333334,0
2019-07-08,6,Gas,0.25,866
2019-07-08,6,Pumped Storage,0.4166666666666667,0
2019-07-08,6,Pumped Storage Demand,0.3333333333333333,0
2019-07-08,7,Gas,0.9166666666666667,861
2019-07-08,7,Pumped Storage,0.08333333333333334,0
2019-07-08,8,Gas,1.0000000000000002,871
2019-07-08,9,Gas,1.0,868
2019-07-08,10,Gas,1.0,880
2019-07-08,11,Gas,1.0,891
2019-07-08,12,Gas,0.9999999999999999,875
2019-07-08,13,Gas,1.0,885
2019-07-08,14,Gas,1.0,1014
2019-07-08,15,Gas,1.0,869
2019-07-08,16,Gas,1.0,991
2019-07-08,17,Gas,1.0000000000000002,1044
2019-07-08,18,Gas,0.9166666666666666,893
2019-07-08,18,Pumped Storage,0.08333333333333333,0
2019-07-08,19,Gas,0.6666666666666665,909
2019-07-08,19,Pumped Storage,0.3333333333333333,0
2019-07-08,20,Gas,0.9990834957424953,892
2019-07-08,20,Hydro,0.000687378193128394,0
2019-07-08,20,Wind,0.0002291260643761313,0
2019-07-08,21,Gas,0.9985920953852201,871
2019-07-08,21,Wind,0.0014079046147800081,0
2019-07-08,22,Gas,0.9985843437314786,849
2019-07-08,22,Wind,0.0014156562685213722,0
2019-07-08,23,Gas,0.9984927252059222,877
2019-07-08,23,Hydro,0.0008792436298786536,0
2019-07-08,23,Wind,0.0006280311641990383,0
2019-07-09,0,Gas,0.9983202445204179,898
2019-07-09,0,Hydro,0.0002799592465970367,0
2019-07-09,0,Wind,0.0013997962329851837,0
2019-07-09,1,Gas,0.9982841707446526,843
2019-07-09,1,Hydro,0.00042895731383684854,0
2019-07-09,1,Wind,0.0012868719415105455,0
2019-07-09,2,Gas,0.7428000113221978,882
2019-07-09,2,Hydro,0.006917636180633454,0
2019-07-09,2,Pumped Storage Demand,0.24703529877972852,0
2019-07-09,2,Wind,0.0032470537174401934,0
2019-07-09,3,Gas,0.7408859666730292,851
2019-07-09,3,Pumped Storage Demand,0.2469619888910097,0
2019-07-09,3,Wind,0.012152044435961127,0
2019-07-09,4,Gas,0.49894814763890594,818
2019-07-09,4,Pumped Storage Demand,0.5000000000000001,0
2019-07-09,4,Wind,0.0010518523610940536,0
2019-07-09,5,Gas,0.33333333333333337,833
2019-07-09,5,Other,0.25,2044
2019-07-09,5,Pumped Storage Demand,0.4166666666666667,0
2019-07-09,6,Gas,0.8333333333333333,849
2019-07-09,6,Pumped Storage Demand,0.16666666666666666,0
2019-07-09,7,Gas,0.8333333333333334,886
2019-07-09,7,Other,0.16666666666666666,2044
2019-07-09,8,Gas,1.0,869
2019-07-09,9,Gas,1.0,896
2019-07-09,10,Gas,1.0,884
2019-07-09,11,Gas,0.9166666666666664,920
2019-07-09,11,Other,0.08333333333333331,2044
2019-07-09,12,Gas,0.9999999999999999,858
2019-07-09,13,Gas,0.8333333333333333,1007
2019-07-09,13,Other,0.16666666666666666,2048
2019-07-09,14,Gas,1.0,937
2019-07-09,15,Gas,1.0,1125
2019-07-09,16,Gas,1.0,1129
2019-07-09,17,Gas,0.9999999999999999,1016
2019-07-09,18,Gas,1.0,1072
2019-07-09,19,Gas,1.0,1005
2019-07-09,20,Gas,1.0000000000000002,957
2019-07-09,21,Gas,1.0,998
2019-07-09,22,Gas,1.0,877
2019-07-09,23,Gas,1.0,864
2019-07-10,0,Gas,0.6666666666666666,849
2019-07-10,0,Pumped Storage Demand,0.3333333333333333,0
2019-07-10,1,Gas,0.7499999999999999,848
2019-07-10,1,Other,0.25,2045
2019-07-10,2,Gas,0.9166666666666666,855
2019-07-10,2,Other,0.08333333333333333,2044
2019-07-10,3,Gas,0.9999999999999999,866
2019-07-10,4,Gas,1.0,903
2019-07-10,5,Gas,0.916666666666667,869
2019-07-10,5,Pumped Storage Demand,0.08333333333333336,0
2019-07-10,6,Gas,1.0,847
2019-07-10,7,Gas,1.0000000000000002,868
2019-07-10,8,Gas,1.0,857
2019-07-10,9,Gas,1.0,876
2019-07-10,10,Gas,1.0,961
2019-07-10,11,Gas,1.0,918
2019-07-10,12,Gas,0.8333333333333333,886
2019-07-10,12,Pumped Storage,0.16666666666666666,0
2019-07-10,13,Gas,0.6666666666666666,931
2019-07-10,13,Pumped Storage,0.3333333333333333,0
2019-07-10,14,Gas,0.7500000000000001,939
2019-07-10,14,Pumped Storage,0.25000000000000006,0
2019-07-10,15,Gas,0.7083333333333333,1143
2019-07-10,15,Pumped Storage,0.2916666666666667,0
2019-07-10,16,Gas,0.9166666666666667,1002
2019-07-10,16,Pumped Storage,0.08333333333333333,0
2019-07-10,17,Gas,1.0,1004
2019-07-10,18,Gas,0.9166666666666667,915
2019-07-10,18,Pumped Storage,0.08333333333333333,0
2019-07-10,19,Gas,1.0,972
2019-07-10,20,Gas,0.5,970
2019-07-10,20,Pumped Storage,0.5,0
2019-07-10,21,Gas,0.08333333333333333,895
2019-07-10,21,Pumped Storage,0.9166666666666666,0
2019-07-10,22,Gas,0.3333333333333333,1104
2019-07-10,22,Other,0.24999999999999997,3962
2019-07-10,22,Pumped Storage,0.41666666666666663,0
2019-07-10,23,Gas,0.3333333333333333,922
2019-07-10,23,Hydro,0.24999999999999997,0
2019-07-10,23,Pumped Storage,0.41666666666666663,0
2019-07-11,0,Gas,0.75,857
2019-07-11,0,Hydro,0.08333333333333333,0
2019-07-11,0,Pumped Storage Demand,0.16666666666666666,0
2019-07-11,1,Gas,1.0,846
2019-07-11,2,Gas,0.9999999999999998,928
2019-07-11,3,Gas,1.0,860
2019-07-11,4,Gas,1.0,855
2019-07-11,5,Gas,0.75,922
2019-07-11,5,Pumped Storage Demand,0.25,0
2019-07-11,6,Gas,0.3333333333333333,1188
2019-07-11,6,Pumped Storage Demand,0.6666666666666666,0
2019-07-11,7,Gas,1.0,843
2019-07-11,8,Gas,0.9999999999999998,1280
2019-07-11,9,Gas,1.0,933
2019-07-11,10,Gas,0.9999999999999999,1098
2019-07-11,11,Gas,1.0,874
2019-07-11,12,Gas,1.0,878
2019-07-11,13,Gas,0.9999999999999999,936
2019-07-11,14,Gas,1.0,888
2019-07-11,15,Gas,0.9999999999999999,1049
2019-07-11,16,Gas,0.5,826
2019-07-11,16,Pumped Storage,0.49999999999999994,0
2019-07-11,17,Gas,0.6666666666666666,927
2019-07-11,17,Pumped Storage,0.3333333333333333,0
2019-07-11,18,Gas,0.6666666666666666,1093
2019-07-11,18,Pumped Storage,0.3333333333333333,0
2019-07-11,19,Gas,0.8333333333333333,1150
2019-07-11,19,Pumped Storage,0.16666666666666666,0
2019-07-11,20,Gas,1.0,909
2019-07-11,21,Demand Response,0.08333333333333333,0
2019-07-11,21,Gas,0.9166666666666666,1024
2019-07-11,22,Gas,1.0,876
2019-07-11,23,Gas,0.8333333333333333,803
2019-07-11,23,Pumped Storage,0.16666666666666666,0
2019-07-12,0,Gas,0.7499999999999999,1034
2019-07-12,0,Other,0.25,2044
2019-07-12,1,Gas,0.9166666666666667,889
2019-07-12,1,Other,0.08333333333333334,2044
2019-07-12,2,Gas,0.7499999999999999,875
2019-07-12,2,Pumped Storage Demand,0.25,0
2019-07-12,3,Gas,1.0,922
2019-07-12,4,Gas,1.0,845
2019-07-12,5,Gas,0.8333333333333334,942
2019-07-12,5,Pumped Storage Demand,0.16666666666666666,0
2019-07-12,6,Gas,0.5833333333333333,1175
2019-07-12,6,Pumped Storage Demand,0.4166666666666667,0
2019-07-12,7,Gas,0.9166666666666667,958
2019-07-12,7,Pumped Storage Demand,0.08333333333333333,0
2019-07-12,8,Gas,1.0,1151
2019-07-12,9,Gas,1.0,1258
2019-07-12,10,Gas,1.0,1267
2019-07-12,11,Gas,1.0,1148
2019-07-12,12,Gas,0.9999999999999999,1175
2019-07-12,13,Gas,1.0,1113
2019-07-12,14,Gas,0.9999999999999999,907
2019-07-12,15,Gas,0.9999999999999998,986
2019-07-12,16,Gas,1.0,1017
2019-07-12,17,Gas,1.0,1023
2019-07-12,18,Gas,1.0,910
2019-07-12,19,Gas,1.0,895
2019-07-12,20,Gas,1.0,890
2019-07-12,21,Demand Response,0.16666666666666669,0
2019-07-12,21,Gas,0.8333333333333335,1034
2019-07-12,22,Gas,1.0,1118
2019-07-12,23,Gas,1.0,974
2019-07-13,0,Gas,1.0000000000000002,883
2019-07-13,1,Gas,1.0,891
2019-07-13,2,Gas,1.0,872
2019-07-13,3,Gas,0.8333333333333333,865
2019-07-13,3,Pumped Storage Demand,0.16666666666666666,0
2019-07-13,4,Pumped Storage Demand,1.0,0
2019-07-13,5,Gas,1.0,843
2019-07-13,6,Gas,1.0,842
2019-07-13,7,Gas,1.0,853
2019-07-13,8,Gas,1.0,869
2019-07-13,9,Gas,1.0,877
2019-07-13,10,Gas,1.0,924
2019-07-13,11,Gas,0.9999999999999999,947
2019-07-13,12,Gas,0.9999999999999998,1066
2019-07-13,13,Gas,1.0,956
2019-07-13,14,Gas,0.9999999999999999,1059
2019-07-13,15,Gas,1.0,888
2019-07-13,16,Demand Response,0.08333333333333333,0
2019-07-13,16,Gas,0.9166666666666666,953
2019-07-13,17,Gas,0.75,1010
2019-07-13,17,Pumped Storage,0.25,0
2019-07-13,18,Gas,0.8333333333333333,1158
2019-07-13,18,Pumped Storage,0.16666666666666666,0
2019-07-13,19,Gas,0.16666666666666666,1066
2019-07-13,19,Pumped Storage,0.8333333333333333,0
2019-07-13,20,Gas,0.8333333333333334,1095
2019-07-13,20,Pumped Storage,0.16666666666666666,0
2019-07-13,21,Gas,0.5,1086
2019-07-13,21,Pumped Storage,0.5,0
2019-07-13,22,Gas,0.16666666666666669,1116
2019-07-13,22,Pumped Storage,0.8333333333333334,0
2019-07-13,23,Gas,0.9997777161185566,1006
2019-07-13,23,Wind,0.0002222838814433906,0
2019-07-14,0,Gas,1.0,932
2019-07-14,1,Gas,0.6666666666666666,883
2019-07-14,1,Pumped Storage Demand,0.3333333333333333,0
2019-07-14,2,Gas,0.8333333333333333,964
2019-07-14,2,Other,0.16666666666666666,2048
2019-07-14,3,Gas,1.0,857
2019-07-14,4,Gas,0.6666666666666666,873
2019-07-14,4,Other,0.16666666666666666,2048
2019-07-14,4,Pumped Storage Demand,0.16666666666666666,0
2019-07-14,5,Gas,0.9166666666666667,844
2019-07-14,5,Pumped Storage Demand,0.08333333333333333,0
2019-07-14,6,Gas,1.0,871
2019-07-14,7,Gas,0.9166666666666666,1043
2019-07-14,7,Hydro,0.08333333333333333,0
2019-07-14,8,Gas,0.5,890
2019-07-14,8,Hydro,0.16666666666666669,0
2019-07-14,8,Pumped Storage,0.33333333333333337,0
2019-07-14,9,Gas,0.12500000000000003,1315
2019-07-14,9,Pumped Storage,0.875,0
2019-07-14,10,Gas,0.5416666666666667,1012
2019-07-14,10,Hydro,0.08333333333333334,0
2019-07-14,10,Pumped Storage,0.375,0
2019-07-14,11,Gas,0.5833333333333333,960
2019-07-14,11,Pumped Storage,0.41666666666666663,0
2019-07-14,12,Gas,0.6666666666666666,1220
2019-07-14,12,Pumped Storage,0.3333333333333333,0
2019-07-14,13,Gas,0.16666666666666669,1085
2019-07-14,13,Pumped Storage,0.8333333333333333,0
2019-07-14,14,Gas,0.5833333333333334,869
2019-07-14,14,Pumped Storage,0.41666666666666663,0
2019-07-14,15,Hydro,0.25,0
2019-07-14,15,Pumped Storage,0.75,0
2019-07-14,16,Demand Response,0.08333333333333333,0
2019-07-14,16,Gas,0.25,1219
2019-07-14,16,Pumped Storage,0.6666666666666666,0
2019-07-14,17,Gas,0.7497854754396056,1578
2019-07-14,17,Hydro,0.16666666666666669,0
2019-07-14,17,Pumped Storage,0.08333333333333334,0
2019-07-14,17,Wind,0.00021452456039446486,0
2019-07-14,18,Gas,0.08333333333333333,978
2019-07-14,18,Hydro,0.33325143850934213,0
2019-07-14,18,Other,0.1660401878234874,3962
2019-07-14,18,Pumped Storage,0.4165509943678674,0
2019-07-14,18,Wind,0.0008240459659696784,0
2019-07-14,19,Gas,0.08333333333333334,890
2019-07-14,19,Hydro,0.25,0
2019-07-14,19,Pumped Storage,0.6666666666666667,0
2019-07-14,20,Gas,0.9583333333333333,1155
2019-07-14,20,Pumped Storage,0.04166666666666666,0
2019-07-14,21,Demand Response,0.041666666666666664,0
2019-07-14,21,Gas,0.5833333333333333,1110
2019-07-14,21,Hydro,0.125,0
2019-07-14,21,Pumped Storage,0.24999999999999997,0
2019-07-14,22,Gas,0.6666666666666667,1077
2019-07-14,22,Hydro,0.16666666666666669,0
2019-07-14,22,Pumped Storage,0.16666666666666669,0
2019-07-14,23,Gas,1.0,1091
2019-07-15,0,Gas,0.8333333333333335,891
2019-07-15,0,Pumped Storage Demand,0.16666666666666669,0
2019-07-15,1,Gas,0.7500000000000001,911
2019-07-15,1,Pumped Storage Demand,0.25,0
2019-07-15,2,Gas,1.0,865
2019-07-15,3,Gas,0.9999999999999999,862
2019-07-15,4,Gas,1.0,840
2019-07-15,5,Gas,1.0,877
2019-07-15,6,Gas,0.41666666666666674,919
2019-07-15,6,Other,0.08333333333333334,2048
2019-07-15,6,Pumped Storage Demand,0.5,0
2019-07-15,7,Gas,0.41666666666666674,861
2019-07-15,7,Other,0.16666666666666669,2044
2019-07-15,7,Pumped Storage Demand,0.41666666666666674,0
2019-07-15,8,Gas,1.0,887
2019-07-15,9,Gas,1.0,865
2019-07-15,10,Gas,1.0,926
2019-07-15,11,Gas,1.0,892
2019-07-15,12,Gas,1.0,878
2019-07-15,13,Gas,0.9999999999999996,867
2019-07-15,14,Gas,1.0,1142
2019-07-15,15,Gas,1.0000000000000002,1002
2019-07-15,16,Gas,0.8333333333333333,890
2019-07-15,16,Pumped Storage,0.16666666666666666,0
2019-07-15,17,Gas,0.5,874
2019-07-15,17,Pumped Storage,0.5000000000000001,0
2019-07-15,18,Gas,0.9166666666666666,1105
2019-07-15,18,Pumped Storage,0.08333333333333333,0
2019-07-15,19,Gas,1.0,941
2019-07-15,20,Gas,1.0000000000000002,1124
2019-07-15,21,Gas,0.9999999999999999,971
2019-07-15,22,Gas,0.9166666666666666,953
2019-07-15,22,Pumped Storage,0.08333333333333334,0
2019-07-15,23,Gas,1.0,829
2019-07-16,0,Gas,0.49999999999999994,850
2019-07-16,0,Pumped Storage Demand,0.5,0
2019-07-16,1,Gas,0.8333333333333335,845
2019-07-16,1,Pumped Storage Demand,0.16666666666666669,0
2019-07-16,2,Gas,1.0,840
2019-07-16,3,Gas,0.9999999999999998,821
2019-07-16,4,Gas,0.7499999999999999,883
2019-07-16,4,Hydro,0.25,0
2019-07-16,5,Gas,0.9999999999999998,835
2019-07-16,6,Gas,0.9999999999999999,864
2019-07-16,7,Gas,1.0,854
2019-07-16,8,Gas,0.9999999999999999,901
2019-07-16,9,Gas,0.75,853
2019-07-16,9,Other,0.25000000000000006,2044
2019-07-16,10,Gas,0.9999999999999998,1108
2019-07-16,11,Gas,0.9999999999999999,972
2019-07-16,12,Gas,1.0,925
2019-07-16,13,Gas,0.9166666666666666,859
2019-07-16,13,Pumped Storage,0.08333333333333333,0
2019-07-16,14,Gas,0.9999999999999999,1070
2019-07-16,15,Gas,0.9999999999999999,1014
2019-07-16,16,Gas,1.0,1013
2019-07-16,17,Gas,0.8611111111111112,949
2019-07-16,17,Pumped Storage,0.13888888888888887,0
2019-07-16,18,Gas,0.5555555555555556,1010
2019-07-16,18,Pumped Storage,0.4444444444444445,0
2019-07-16,19,Gas,0.08333333333333333,1045
2019-07-16,19,Pumped Storage,0.9166666666666666,0
2019-07-16,20,Gas,0.16666666666666666,884
2019-07-16,20,Hydro,0.24999999999999997,0
2019-07-16,20,Pumped Storage,0.5833333333333334,0
2019-07-16,21,Gas,0.3333333333333333,854
2019-07-16,21,Hydro,0.08333333333333333,0
2019-07-16,21,Pumped Storage,0.5833333333333333,0
2019-07-16,22,Gas,0.7499999999999999,859
2019-07-16,22,Pumped Storage,0.25,0
2019-07-16,23,Gas,0.9166666666666666,893
2019-07-16,23,Pumped Storage,0.08333333333333333,0
2019-07-17,0,Gas,0.990459343207536,1049
2019-07-17,0,Hydro,0.006938659485428382,0
2019-07-17,0,Wind,0.0026019973070356434,0
2019-07-17,1,Gas,0.9895675994229092,986
2019-07-17,1,Hydro,0.006085567003302899,0
2019-07-17,1,Wind,0.004346833573787784,0
2019-07-17,2,Gas,0.989409660752849,852
2019-07-17,2,Hydro,0.005295169623575531,0
2019-07-17,2,Wind,0.005295169623575531,0
2019-07-17,3,Gas,0.9991036092901361,865
2019-07-17,3,Hydro,0.0008963907098638028,0
2019-07-17,4,Gas,1.0,874
2019-07-17,5,Gas,1.0,1011
2019-07-17,6,Gas,0.6666666666666667,1245
2019-07-17,6,Pumped Storage Demand,0.3333333333333333,0
2019-07-17,7,Gas,1.0,951
2019-07-17,8,Gas,1.0,1098
2019-07-17,9,Gas,1.0,1083
2019-07-17,10,Gas,1.0,934
2019-07-17,11,Gas,0.9999999999999999,1039
2019-07-17,12,Gas,0.5833333333333334,1054
2019-07-17,12,Pumped Storage,0.4166666666666667,0
2019-07-17,13,Gas,0.08333333333333333,1248
2019-07-17,13,Pumped Storage,0.9166666666666666,0
2019-07-17,14,Gas,0.8333333333333334,1068
2019-07-17,14,Pumped Storage,0.16666666666666669,0
2019-07-17,15,Gas,0.6666666666666666,1127
2019-07-17,15,Pumped Storage,0.3333333333333333,0
2019-07-17,16,Gas,0.8333333333333335,1210
2019-07-17,16,Pumped Storage,0.16666666666666669,0
2019-07-17,17,Gas,0.75,1031
2019-07-17,17,Pumped Storage,0.25,0
2019-07-17,18,Gas,1.0,901
2019-07-17,19,Gas,0.8333333333333334,1030
2019-07-17,19,Pumped Storage,0.16666666666666669,0
2019-07-17,20,Gas,1.0,1003
2019-07-17,21,Gas,1.0,950
2019-07-17,22,Gas,0.9999999999999997,877
2019-07-17,23,Gas,0.9166666666666666,856
2019-07-17,23,Pumped Storage Demand,0.08333333333333333,0
2019-07-18,0,Gas,0.9947350917573162,928
2019-07-18,0,Hydro,0.0026324541213419575,0
2019-07-18,0,Wind,0.0026324541213419575,0
2019-07-18,1,Gas,0.5833333333333335,922
2019-07-18,1,Hydro,0.0017314341657987398,0
2019-07-18,1,Pumped Storage Demand,0.414935232500868,0
2019-07-18,2,Hydro,0.0008706170217424507,0
2019-07-18,2,Pumped Storage Demand,0.9895525957390905,0
2019-07-18,2,Wind,0.009576787239166955,0
2019-07-18,3,Gas,0.4948250864395058,872
2019-07-18,3,Pumped Storage Demand,0.4948250864395058,0
2019-07-18,3,Wind,0.010349827120988446,0
2019-07-18,4,Gas,0.24911597078492748,872
2019-07-18,4,Hydro,0.0008840292150725301,0
2019-07-18,4,Pumped Storage Demand,0.7500000000000001,0
2019-07-18,5,Gas,0.7500000000000001,861
2019-07-18,5,Pumped Storage Demand,0.25,0
2019-07-18,6,Gas,0.75,867
2019-07-18,6,Pumped Storage Demand,0.25,0
2019-07-18,7,Gas,0.9999999999999999,1019
2019-07-18,8,Gas,0.9999999999999999,932
2019-07-18,9,Gas,1.0000000000000002,965
2019-07-18,10,Gas,0.9166666666666667,966
2019-07-18,10,Other,0.08333333333333334,2048
2019-07-18,11,Gas,1.0,1004
2019-07-18,12,Gas,1.0000000000000002,888
2019-07-18,13,Gas,1.0000000000000002,929
2019-07-18,14,Gas,0.9999999999999999,988
2019-07-18,15,Gas,1.0,893
2019-07-18,16,Gas,0.9166666666666667,984
2019-07-18,16,Pumped Storage,0.08333333333333333,0
2019-07-18,17,Gas,1.0,894
2019-07-18,18,Gas,1.0,931
2019-07-18,19,Gas,1.0000000000000002,900
2019-07-18,20,Gas,1.0,1018
2019-07-18,21,Gas,0.9999999999999998,960
2019-07-18,22,Gas,0.9999999999999999,850
2019-07-18,23,Gas,1.0,866
2019-07-19,0,Gas,0.6666666666666666,886
2019-07-19,0,Pumped Storage Demand,0.08333333333333333,0
2019-07-19,0,Wind,0.25,0
2019-07-19,1,Gas,0.6666666666666667,993
2019-07-19,1,Pumped Storage Demand,0.33333333333333337,0
2019-07-19,2,Gas,0.08333333333333333,993
2019-07-19,2,Pumped Storage Demand,0.9166666666666667,0
2019-07-19,3,Gas,0.4166666666666666,877
2019-07-19,3,Hydro,0.5,0
2019-07-19,3,Pumped Storage Demand,0.08333333333333333,0
2019-07-19,4,Gas,1.0,853
2019-07-19,5,Gas,0.1666666666666667,993
2019-07-19,5,Hydro,0.5,0
2019-07-19,5,Other,0.25000000000000006,2105
2019-07-19,5,Wind,0.08333333333333336,0
2019-07-19,6,Gas,0.8333333333333334,842
2019-07-19,6,Hydro,0.16666666666666666,0
2019-07-19,7,Gas,1.0,823
2019-07-19,8,Gas,0.7500000000000002,834
2019-07-19,8,Other,0.25,4116
2019-07-19,9,Gas,1.0,847
2019-07-19,10,Gas,1.0,878
2019-07-19,11,Gas,1.0,895
2019-07-19,12,Gas,0.9999999999999999,895
2019-07-19,13,Gas,1.0,939
2019-07-19,14,Gas,1.0,854
2019-07-19,15,Gas,1.0,975
2019-07-19,16,Gas,1.0,887
2019-07-19,17,Gas,1.0,967
2019-07-19,18,Gas,0.9999999999999999,947
2019-07-19,19,Gas,1.0,939
2019-07-19,20,Gas,1.0,1025
2019-07-19,21,Gas,0.9999999999999999,1106
2019-07-19,22,Gas,1.0000000000000002,1054
2019-07-19,23,Gas,1.0,968
2019-07-20,0,Gas,0.830145584520314,967
2019-07-20,0,Hydro,0.00159387440650961,0
2019-07-20,0,Pumped Storage Demand,0.165072792260157,0
2019-07-20,0,Wind,0.00318774881301922,0
2019-07-20,1,Gas,0.742785195254549,893
2019-07-20,1,Pumped Storage Demand,0.24759506508484966,0
2019-07-20,1,Wind,0.009619739660601288,0
2019-07-20,2,Gas,0.9079131351677479,909
2019-07-20,2,Pumped Storage Demand,0.08253755774252254,0
2019-07-20,2,Wind,0.00954930708972938,0
2019-07-20,3,Gas,0.9983875198992458,877
2019-07-20,3,Wind,0.0016124801007540756,0
2019-07-20,4,Gas,0.9995225193117345,889
2019-07-20,4,Hydro,0.0004774806882655546,0
2019-07-20,5,Gas,0.08320786189296908,876
2019-07-20,5,Hydro,0.001505657284371112,0
2019-07-20,5,Pumped Storage Demand,0.9152864808226598,0
2019-07-20,6,Gas,0.9161348491167883,852
2019-07-20,6,Hydro,0.0006647719373480295,0
2019-07-20,6,Pumped Storage Demand,0.08320037894586373,0
2019-07-20,7,Gas,0.9166666666666664,888
2019-07-20,7,Other,0.08333333333333331,2044
2019-07-20,8,Gas,1.0,1145
2019-07-20,9,Gas,0.9999999999999999,968
2019-07-20,10,Gas,1.0,1020
2019-07-20,11,Gas,1.0000000000000002,950
2019-07-20,12,Gas,0.9999999999999999,999
2019-07-20,13,Gas,1.0,946
2019-07-20,14,Gas,1.0,1142
2019-07-20,15,Gas,1.0,1085
2019-07-20,16,Gas,0.9999999999999999,1085
2019-07-20,17,Gas,0.9999999999999999,1082
2019-07-20,18,Gas,1.0,957
2019-07-20,19,Gas,1.0,937
2019-07-20,20,Coal,0.32972960361861536,2375
2019-07-20,20,Gas,0.6675675990953462,1030
2019-07-20,20,Hydro,0.0027027972860385148,0
2019-07-20,21,Gas,0.08504186875025917,918
2019-07-20,21,Hydro,0.2546524733660903,0
2019-07-20,21,Pumped Storage,0.6593969423432197,0
2019-07-20,21,Wind,0.0009087155404308825,0
2019-07-20,22,Coal,0.16645866950190508,2375
2019-07-20,22,Gas,0.33291733900381004,868
2019-07-20,22,Hydro,0.16729065816095154,0
2019-07-20,22,Pumped Storage,0.33333333333333337,0
2019-07-20,23,Coal,0.3332140658101158,2474
2019-07-20,23,Gas,0.3333333333333333,884
2019-07-20,23,Hydro,0.08345260085655085,0
2019-07-20,23,Pumped Storage,0.25,0
2019-07-21,0,Gas,0.08333333333333334,1218
2019-07-21,0,Hydro,0.7500000000000001,0
2019-07-21,0,Other,0.16666666666666669,2048
2019-07-21,1,Coal,0.25,2441
2019-07-21,1,Gas,0.41666666666666663,1007
2019-07-21,1,Hydro,0.08333333333333333,0
2019-07-21,1,Pumped Storage Demand,0.25,0
2019-07-21,2,Coal,0.16666666666666666,2474
2019-07-21,2,Gas,0.8333333333333334,907
2019-07-21,3,Gas,0.9166666666666666,890
2019-07-21,3,Hydro,0.08333333333333333,0
2019-07-21,4,Coal,0.25,2375
2019-07-21,4,Gas,0.75,1152
2019-07-21,5,Gas,0.75,962
2019-07-21,5,Hydro,0.25,0
2019-07-21,6,Coal,0.08333333333333334,2375
2019-07-21,6,Gas,0.9166666666666667,1279
2019-07-21,7,Gas,0.9999999999999999,1219
2019-07-21,8,Coal,0.16666666666666666,2573
2019-07-21,8,Gas,0.8333333333333334,1141
2019-07-21,9,Coal,0.08333333333333334,2573
2019-07-21,9,Gas,0.9166666666666667,929
2019-07-21,10,Gas,1.0,1020
2019-07-21,11,Gas,0.9999999999999999,954
2019-07-21,12,Gas,1.0000000000000002,1038
2019-07-21,13,Gas,0.997219310289966,1159
2019-07-21,13,Hydro,0.0009268965700113118,0
2019-07-21,13,Wind,0.0018537931400226236,0
2019-07-21,14,Gas,1.0,1008
2019-07-21,15,Gas,1.0,1131
2019-07-21,16,Gas,1.0,1010
2019-07-21,17,Coal,0.25,2375
2019-07-21,17,Gas,0.7500000000000001,1030
2019-07-21,18,Coal,0.16666666666666666,2474
2019-07-21,18,Gas,0.6666666666666666,888
2019-07-21,18,Pumped Storage,0.16666666666666666,0
2019-07-21,19,Coal,0.16666666666666666,2375
2019-07-21,19,Gas,0.16666666666666666,893
2019-07-21,19,Pumped Storage,0.6666666666666667,0
2019-07-21,20,Coal,0.16666666666666669,2375
2019-07-21,20,Gas,0.8333333333333334,924
2019-07-21,21,Gas,0.9166666666666665,1050
2019-07-21,21,Pumped Storage,0.08333333333333333,0
2019-07-21,22,Gas,0.8333333333333334,1067
2019-07-21,22,Hydro,0.16666666666666669,0
2019-07-21,23,Coal,0.16666666666666666,2375
2019-07-21,23,Gas,0.5833333333333333,1043
2019-07-21,23,Hydro,0.25,0
2019-07-22,0,Gas,0.7500000000000002,943
2019-07-22,0,Pumped Storage,0.25000000000000006,0
2019-07-22,1,Gas,0.8333333333333333,1062
2019-07-22,1,Pumped Storage Demand,0.16666666666666666,0
2019-07-22,2,Gas,0.9166666666666667,1077
2019-07-22,2,Pumped Storage Demand,0.08333333333333334,0
2019-07-22,3,Gas,1.0,1203
2019-07-22,4,Gas,0.9999999999999999,1033
2019-07-22,5,Gas,1.0000000000000002,929
2019-07-22,6,Gas,1.0000000000000002,943
2019-07-22,7,Gas,1.0,1126
2019-07-22,8,Gas,1.0,996
2019-07-22,9,Gas,1.0,932
2019-07-22,10,Gas,0.9999999999999999,919
2019-07-22,11,Gas,1.0,891
2019-07-22,12,Gas,0.41666666666666663,985
2019-07-22,12,Pumped Storage,0.5833333333333334,0
2019-07-22,13,Gas,1.0000000000000002,884
2019-07-22,14,Gas,1.0,899
2019-07-22,15,Gas,0.9166666666666666,925
2019-07-22,15,Pumped Storage,0.08333333333333333,0
2019-07-22,16,Gas,1.0,886
2019-07-22,17,Gas,1.0,978
2019-07-22,18,Gas,0.9999999999999999,1054
2019-07-22,19,Gas,1.0,870
2019-07-22,20,Gas,0.9999999999999998,893
2019-07-22,21,Gas,1.0,967
2019-07-22,22,Gas,1.0,862
2019-07-22,23,Gas,1.0,853
2019-07-23,0,Gas,1.0,935
2019-07-23,1,Gas,0.9999999999999999,932
2019-07-23,2,Gas,1.0,892
2019-07-23,3,Gas,1.0,849
2019-07-23,4,Gas,0.9999999999999999,843
2019-07-23,5,Gas,0.9999999999999999,873
2019-07-23,6,Gas,0.9999999999999999,918
2019-07-23,7,Gas,0.7500000000000001,889
2019-07-23,7,Hydro,0.25,0
2019-07-23,8,Gas,0.9444444444444445,953
2019-07-23,8,Pumped Storage,0.05555555555555555,0
2019-07-23,9,Gas,0.7152777777777779,904
2019-07-23,9,Pumped Storage,0.28472222222222227,0
2019-07-23,10,Gas,0.9722222222222222,947
2019-07-23,10,Pumped Storage,0.027777777777777776,0
2019-07-23,11,Gas,0.9999999999999998,881
2019-07-23,12,Gas,0.9999999999999999,921
2019-07-23,13,Gas,1.0,911
2019-07-23,14,Gas,1.0,999
2019-07-23,15,Gas,1.0,894
2019-07-23,16,Gas,1.0,887
2019-07-23,17,Gas,0.7499999999999999,896
2019-07-23,17,Pumped Storage,0.25,0
2019-07-23,18,Gas,0.8333333333333335,854
2019-07-23,18,Pumped Storage,0.16666666666666669,0
2019-07-23,19,Gas,1.0,854
2019-07-23,20,Gas,1.0,972
2019-07-23,21,Gas,0.6666666666666667,852
2019-07-23,21,Other,0.33333333333333337,2044
2019-07-23,22,Gas,1.0,869
2019-07-23,23,Gas,1.0,890
2019-07-24,0,Gas,0.25,817
2019-07-24,0,Pumped Storage Demand,0.75,0
2019-07-24,1,Gas,0.9166666666666667,836
2019-07-24,1,Pumped Storage Demand,0.08333333333333334,0
2019-07-24,2,Gas,1.0,821
2019-07-24,3,Gas,1.0,933
2019-07-24,4,Gas,1.0,810
2019-07-24,5,Gas,0.4166666666666667,806
2019-07-24,5,Pumped Storage Demand,0.5833333333333334,0
2019-07-24,6,Gas,0.41666666666666663,870
2019-07-24,6,Pumped Storage Demand,0.5833333333333334,0
2019-07-24,7,Gas,0.9166666666666667,837
2019-07-24,7,Other,0.08333333333333333,2044
2019-07-24,8,Gas,0.9166666666666666,887
2019-07-24,8,Other,0.08333333333333334,2044
2019-07-24,9,Gas,0.9999999999999999,856
2019-07-24,10,Gas,1.0,879
2019-07-24,11,Gas,1.0,878
2019-07-24,12,Demand Response,0.15087028321661372,0
2019-07-24,12,Gas,0.8491297167833863,966
2019-07-24,13,Gas,0.0952773973869394,937
2019-07-24,13,Pumped Storage,0.9047226026130607,0
2019-07-24,14,Gas,0.1712555156423005,892
2019-07-24,14,Pumped Storage,0.8287444843576994,0
2019-07-24,15,Coal,0.15019395981105604,3041
2019-07-24,15,Demand Response,0.15019395981105604,0
2019-07-24,15,Gas,0.5494181205668318,1005
2019-07-24,15,Hydro,0.07509697990552802,0
2019-07-24,15,Pumped Storage,0.07509697990552802,0
2019-07-24,16,Gas,0.700544891865317,1064
2019-07-24,16,Hydro,0.14972755406734145,0
2019-07-24,16,Other,0.14972755406734145,2044
2019-07-24,17,Gas,1.0000000000000002,1007
2019-07-24,18,Gas,1.0,1249
2019-07-24,19,Gas,0.41666666666666674,838
2019-07-24,19,Pumped Storage,0.5833333333333334,0
2019-07-24,20,Gas,1.0,1075
2019-07-24,21,Gas,0.8510307155369901,945
2019-07-24,21,Pumped Storage,0.14896928446301003,0
2019-07-24,22,Gas,0.9254200011161335,853
2019-07-24,22,Pumped Storage,0.07457999888386639,0
2019-07-24,23,Gas,0.875,849
2019-07-24,23,Other,0.125,2044
2019-07-25,0,Gas,1.0,849
2019-07-25,1,Gas,0.41666666666666663,821
2019-07-25,1,Pumped Storage Demand,0.5833333333333334,0
2019-07-25,2,Gas,0.8333333333333333,826
2019-07-25,2,Pumped Storage Demand,0.16666666666666666,0
2019-07-25,3,Gas,0.75,944
2019-07-25,3,Pumped Storage Demand,0.25000000000000006,0
2019-07-25,4,Gas,0.9999999999999999,929
2019-07-25,5,Gas,0.9999999999999999,866
2019-07-25,6,Gas,0.5833333333333333,840
2019-07-25,6,Pumped Storage Demand,0.4166666666666667,0
2019-07-25,7,Gas,1.0,846
2019-07-25,8,Gas,1.0,1073
2019-07-25,9,Gas,0.9999999999999998,947
2019-07-25,10,Gas,1.0,902
2019-07-25,11,Demand Response,0.04166666666666668,0
2019-07-25,11,Gas,0.5103714146414585,897
2019-07-25,11,Pumped Storage,0.44796191869187507,0
2019-07-25,12,Demand Response,0.04166666666666665,0
2019-07-25,12,Gas,0.13792824989436753,906
2019-07-25,12,Pumped Storage,0.8204050834389657,0
2019-07-25,13,Gas,0.3293904667534,1126
2019-07-25,13,Pumped Storage,0.6706095332466,0
2019-07-25,14,Gas,0.9255802515934839,910
2019-07-25,14,Pumped Storage,0.07441974840651622,0
2019-07-25,15,Coal,0.25,3041
2019-07-25,15,Gas,0.5833333333333334,968
2019-07-25,15,Pumped Storage,0.16666666666666666,0
2019-07-25,16,Gas,0.5833333333333334,1164
2019-07-25,16,Pumped Storage,0.4166666666666667,0
2019-07-25,17,Demand Response,0.125,0
2019-07-25,17,Gas,0.5833333333333333,1234
2019-07-25,17,Pumped Storage,0.2916666666666667,0
2019-07-25,18,Gas,0.75,1132
2019-07-25,18,Pumped Storage,0.25,0
2019-07-25,19,Gas,0.6666666666666666,1067
2019-07-25,19,Pumped Storage,0.3333333333333333,0
2019-07-25,20,Gas,0.6666666666666667,1040
2019-07-25,20,Hydro,0.08333333333333333,0
2019-07-25,20,Pumped Storage,0.25,0
2019-07-25,21,Gas,0.7499999999999999,955
2019-07-25,21,Pumped Storage,0.25,0
2019-07-25,22,Gas,1.0000000000000002,958
2019-07-25,23,Gas,0.8333333333333334,856
2019-07-25,23,Pumped Storage Demand,0.16666666666666669,0
2019-07-26,0,Gas,0.6666666666666665,920
2019-07-26,0,Pumped Storage Demand,0.33333333333333326,0
2019-07-26,1,Gas,0.9999999999999999,982
2019-07-26,2,Gas,1.0,903
2019-07-26,3,Gas,0.9999999999999999,938
2019-07-26,4,Gas,0.9999999999999998,1031
2019-07-26,5,Gas,0.9999999999999999,868
2019-07-26,6,Gas,1.0,1046
2019-07-26,7,Gas,0.33333333333333337,1024
2019-07-26,7,Pumped Storage Demand,0.6666666666666666,0
2019-07-26,8,Gas,0.41666666666666663,975
2019-07-26,8,Pumped Storage Demand,0.5833333333333334,0
2019-07-26,9,Gas,1.0,998
2019-07-26,10,Gas,0.25,982
2019-07-26,10,Pumped Storage,0.75,0
2019-07-26,11,Gas,0.7083333333333334,857
2019-07-26,11,Hydro,0.08333333333333334,0
2019-07-26,11,Pumped Storage,0.20833333333333334,0
2019-07-26,12,Gas,0.9583333333333333,879
2019-07-26,12,Hydro,0.041666666666666664,0
2019-07-26,13,Gas,0.8333333333333333,909
2019-07-26,13,Hydro,0.16666666666666666,0
2019-07-26,14,Gas,0.9166666666666666,1140
2019-07-26,14,Hydro,0.08333333333333333,0
2019-07-26,15,Gas,1.0,1162
2019-07-26,16,Gas,1.0,887
2019-07-26,17,Gas,1.0000000000000002,972
2019-07-26,18,Gas,0.6666666666666666,1032
2019-07-26,18,Pumped Storage,0.3333333333333333,0
2019-07-26,19,Gas,0.6666666666666666,1008
2019-07-26,19,Pumped Storage,0.3333333333333333,0
2019-07-26,20,Gas,1.0,1016
2019-07-26,21,Gas,1.0,1139
2019-07-26,22,Gas,1.0,1044
2019-07-26,23,Gas,1.0,903
2019-07-27,0,Gas,0.916666666666667,892
2019-07-27,0,Other,0.08333333333333334,2044
2019-07-27,1,Gas,0.9166666666666667,886
2019-07-27,1,Other,0.08333333333333333,3962
2019-07-27,2,Gas,0.9999999999999998,873
2019-07-27,3,Gas,0.9166666666666669,874
2019-07-27,3,Other,0.08333333333333334,2044
2019-07-27,4,Gas,0.5833333333333335,861
2019-07-27,4,Pumped Storage Demand,0.4166666666666667,0
2019-07-27,5,Pumped Storage Demand,1.0,0
2019-07-27,6,Gas,0.9166666666666666,830
2019-07-27,6,Pumped Storage Demand,0.08333333333333334,0
2019-07-27,7,Gas,0.5833333333333333,836
2019-07-27,7,Pumped Storage Demand,0.41666666666666663,0
2019-07-27,8,Gas,0.3888888888888889,950
2019-07-27,8,Other,0.02777777777777778,2044
2019-07-27,8,Pumped Storage Demand,0.5833333333333333,0
2019-07-27,9,Gas,0.736111111111111,888
2019-07-27,9,Other,0.09722222222222222,2044
2019-07-27,9,Pumped Storage,0.16666666666666666,0
2019-07-27,10,Gas,0.5416666666666666,878
2019-07-27,10,Pumped Storage,0.4583333333333333,0
2019-07-27,11,Gas,0.5,853
2019-07-27,11,Pumped Storage,0.5,0
2019-07-27,12,Gas,0.7083333333333334,1027
2019-07-27,12,Pumped Storage,0.2916666666666667,0
2019-07-27,13,Gas,0.5,890
2019-07-27,13,Pumped Storage,0.5,0
2019-07-27,14,Gas,0.20833333333333337,890
2019-07-27,14,Pumped Storage,0.7916666666666666,0
2019-07-27,15,Gas,0.37500000000000006,1022
2019-07-27,15,Pumped Storage,0.625,0
2019-07-27,16,Pumped Storage,1.0,0
2019-07-27,17,Demand Response,0.125,0
2019-07-27,17,Gas,0.375,1100
2019-07-27,17,Pumped Storage,0.5,0
2019-07-27,18,Gas,0.3333333333333333,861
2019-07-27,18,Hydro,0.08333333333333333,0
2019-07-27,18,Pumped Storage,0.5833333333333334,0
2019-07-27,19,Gas,0.8333333333333333,895
2019-07-27,19,Hydro,0.04166666666666666,0
2019-07-27,19,Other,0.08333333333333331,2048
2019-07-27,19,Pumped Storage,0.04166666666666666,0
2019-07-27,20,Gas,1.0,977
2019-07-27,21,Gas,1.0000000000000002,906
2019-07-27,22,Gas,0.9999999999999999,1104
2019-07-27,23,Gas,0.6666666666666667,874
2019-07-27,23,Pumped Storage Demand,0.33333333333333337,0
2019-07-28,0,Gas,1.0,980
2019-07-28,1,Gas,0.4999999999999999,841
2019-07-28,1,Pumped Storage Demand,0.5,0
2019-07-28,2,Gas,0.9999999999999998,848
2019-07-28,3,Gas,1.0,881
2019-07-28,4,Gas,1.0,834
2019-07-28,5,Gas,0.9166666666666665,895
2019-07-28,5,Pumped Storage Demand,0.08333333333333333,0
2019-07-28,6,Gas,1.0,822
2019-07-28,7,Gas,0.9166666666666667,853
2019-07-28,7,Pumped Storage Demand,0.08333333333333334,0
2019-07-28,8,Gas,0.9999999999999999,852
2019-07-28,9,Gas,0.5833333333333334,874
2019-07-28,9,Pumped Storage Demand,0.4166666666666667,0
2019-07-28,10,Gas,0.4999999999999999,928
2019-07-28,10,Other,0.08333333333333331,2044
2019-07-28,10,Pumped Storage,0.41666666666666663,0
2019-07-28,11,Gas,0.25000000000000006,1302
2019-07-28,11,Pumped Storage,0.75,0
2019-07-28,12,Gas,0.08333333333333333,889
2019-07-28,12,Pumped Storage,0.9166666666666667,0
2019-07-28,13,Gas,0.20833333333333334,845
2019-07-28,13,Pumped Storage,0.7916666666666666,0
2019-07-28,14,Gas,0.9583333333333333,993
2019-07-28,14,Pumped Storage,0.041666666666666664,0
2019-07-28,15,Gas,0.08333333333333333,891
2019-07-28,15,Pumped Storage,0.9166666666666666,0
2019-07-28,16,Gas,0.49999999999999994,1308
2019-07-28,16,Pumped Storage,0.5,0
2019-07-28,17,Demand Response,0.08333333333333334,0
2019-07-28,17,Hydro,0.08333333333333334,0
2019-07-28,17,Pumped Storage,0.8333333333333333,0
2019-07-28,18,Demand Response,0.16666666666666666,0
2019-07-28,18,Gas,0.37499999999999994,1219
2019-07-28,18,Hydro,0.12499999999999999,0
2019-07-28,18,Pumped Storage,0.3333333333333333,0
2019-07-28,19,Demand Response,0.04166666666666667,0
2019-07-28,19,Gas,0.20833333333333337,1219
2019-07-28,19,Pumped Storage,0.7500000000000001,0
2019-07-28,20,Gas,0.5,1219
2019-07-28,20,Hydro,0.09722222222222222,0
2019-07-28,20,Pumped Storage,0.4027777777777777,0
2019-07-28,21,Gas,0.16666666666666666,1141
2019-07-28,21,Pumped Storage,0.8333333333333334,0
2019-07-28,22,Gas,1.0,1076
2019-07-28,23,Gas,0.8333333333333334,1183
2019-07-28,23,Hydro,0.16666666666666666,0
2019-07-29,0,Gas,0.8333333333333334,1036
2019-07-29,0,Pumped Storage Demand,0.16666666666666669,0
2019-07-29,1,Gas,0.9166666666666666,840
2019-07-29,1,Pumped Storage Demand,0.08333333333333333,0
2019-07-29,2,Gas,0.8333333333333333,1083
2019-07-29,2,Pumped Storage Demand,0.16666666666666666,0
2019-07-29,3,Gas,0.75,1086
2019-07-29,3,Other,0.25,2048
2019-07-29,4,Gas,1.0,865
2019-07-29,5,Gas,0.16666666666666666,858
2019-07-29,5,Pumped Storage Demand,0.8333333333333334,0
2019-07-29,6,Gas,0.3333333333333333,1276
2019-07-29,6,Pumped Storage Demand,0.6666666666666667,0
2019-07-29,7,Gas,0.5833333333333334,1177
2019-07-29,7,Pumped Storage Demand,0.41666666666666663,0
2019-07-29,8,Gas,0.9166666666666666,990
2019-07-29,8,Pumped Storage Demand,0.08333333333333333,0
2019-07-29,9,Gas,0.75,1072
2019-07-29,9,Pumped Storage Demand,0.25,0
2019-07-29,10,Gas,1.0,890
2019-07-29,11,Gas,0.7272727272727272,904
2019-07-29,11,Pumped Storage,0.2727272727272727,0
2019-07-29,12,Gas,0.41666666666666663,933
2019-07-29,12,Pumped Storage,0.5833333333333334,0
2019-07-29,13,Gas,0.3333333333333333,882
2019-07-29,13,Hydro,0.25,0
2019-07-29,13,Pumped Storage,0.41666666666666663,0
2019-07-29,14,Coal,0.25,3041
2019-07-29,14,Gas,0.29166666666666663,899
2019-07-29,14,Pumped Storage,0.4583333333333333,0
2019-07-29,15,Gas,0.5,970
2019-07-29,15,Pumped Storage,0.5,0
2019-07-29,16,Pumped Storage,1.0,0
2019-07-29,17,Gas,0.41666666666666674,879
2019-07-29,17,Hydro,0.08333333333333337,0
2019-07-29,17,Pumped Storage,0.5,0
2019-07-29,18,Gas,0.375,885
2019-07-29,18,Hydro,0.08333333333333334,0
2019-07-29,18,Pumped Storage,0.5416666666666667,0
2019-07-29,19,Gas,0.7083333333333333,1114
2019-07-29,19,Pumped Storage,0.29166666666666663,0
2019-07-29,20,Gas,0.5,1405
2019-07-29,20,Pumped Storage,0.5,0
2019-07-29,21,Gas,0.4185046567350008,1213
2019-07-29,21,Pumped Storage,0.5814953432649992,0
2019-07-29,22,Coal,0.4166666666666667,2375
2019-07-29,22,Gas,0.5833333333333334,1225
2019-07-29,23,Coal,0.25,2375
2019-07-29,23,Gas,0.5833333333333334,1096
2019-07-29,23,Pumped Storage Demand,0.16666666666666666,0
2019-07-30,0,Gas,1.0000000000000002,1008
2019-07-30,1,Gas,0.6666666666666666,942
2019-07-30,1,Pumped Storage Demand,0.3333333333333333,0
2019-07-30,2,Gas,0.16666666666666669,848
2019-07-30,2,Pumped Storage Demand,0.8333333333333333,0
2019-07-30,3,Gas,0.9999999999999999,1180
2019-07-30,4,Gas,1.0,1188
2019-07-30,5,Gas,0.9999999999999999,1097
2019-07-30,6,Gas,0.8333333333333333,1273
2019-07-30,6,Pumped Storage Demand,0.16666666666666666,0
2019-07-30,7,Gas,0.5833333333333333,940
2019-07-30,7,Other,0.04166666666666666,2044
2019-07-30,7,Pumped Storage Demand,0.37499999999999994,0
2019-07-30,8,Gas,0.3333333333333333,1129
2019-07-30,8,Pumped Storage Demand,0.6666666666666666,0
2019-07-30,9,Gas,0.9166666666666666,1027
2019-07-30,9,Pumped Storage Demand,0.08333333333333333,0
2019-07-30,10,Gas,1.0,892
2019-07-30,11,Coal,0.08333333333333334,2334
2019-07-30,11,Gas,0.916666666666667,1140
2019-07-30,12,Coal,0.16666666666666666,2334
2019-07-30,12,Gas,0.6666666666666666,1091
2019-07-30,12,Pumped Storage,0.16666666666666666,0
2019-07-30,13,Gas,0.5,1046
2019-07-30,13,Pumped Storage,0.5,0
2019-07-30,14,Gas,0.9166666666666665,1153
2019-07-30,14,Pumped Storage,0.08333333333333333,0
2019-07-30,15,Gas,1.0,1241
2019-07-30,16,Gas,0.5056040479307012,1250
2019-07-30,16,Pumped Storage,0.4943959520692987,0
2019-07-30,17,Gas,0.34071642683896686,1471
2019-07-30,17,Pumped Storage,0.6592835731610329,0
2019-07-30,18,Coal,0.16666666666666663,2334
2019-07-30,18,Gas,0.8333333333333336,1139
2019-07-30,19,Coal,0.08333333333333331,2334
2019-07-30,19,Gas,0.751820863946983,880
2019-07-30,19,Pumped Storage,0.16484580271968358,0
2019-07-30,20,Gas,0.3389376574868909,1127
2019-07-30,20,Pumped Storage,0.661062342513109,0
2019-07-30,21,Coal,0.20833333333333331,2334
2019-07-30,21,Gas,0.2092650773889408,837
2019-07-30,21,Pumped Storage,0.5824015892777259,0
2019-07-30,22,Coal,0.04166666666666667,2375
2019-07-30,22,Demand Response,0.25000000000000006,0
2019-07-30,22,Gas,0.7083333333333334,885
2019-07-30,23,Gas,1.0,900
2019-07-31,0,Gas,0.5000000000000001,1073
2019-07-31,0,Pumped Storage Demand,0.5000000000000001,0
2019-07-31,1,Gas,1.0,1012
2019-07-31,2,Gas,1.0,1103
2019-07-31,3,Gas,1.0,887
2019-07-31,4,Gas,1.0,853
2019-07-31,5,Gas,1.0,1202
2019-07-31,6,Gas,0.9999999999999999,1051
2019-07-31,7,Gas,0.8333333333333333,990
2019-07-31,7,Pumped Storage Demand,0.16666666666666666,0
2019-07-31,8,Gas,1.0,929
2019-07-31,9,Gas,1.0,1151
2019-07-31,10,Gas,0.9999999999999999,985
2019-07-31,11,Gas,1.0,905
2019-07-31,12,Coal,0.16666666666666666,2592
2019-07-31,12,Gas,0.8333333333333334,872
2019-07-31,13,Gas,1.0000000000000002,966
2019-07-31,14,Coal,0.3333333333333333,3041
2019-07-31,14,Gas,0.08333333333333333,894
2019-07-31,14,Pumped Storage,0.5833333333333334,0
2019-07-31,15,Gas,1.0,1140
2019-07-31,16,Gas,1.0,957
2019-07-31,17,Gas,1.0,967
2019-07-31,18,Gas,0.9999999999999999,927
2019-07-31,19,Gas,0.9999999999999999,1017
2019-07-31,20,Gas,1.0,1293
2019-07-31,21,Gas,1.0,1103
2019-07-31,22,Gas,1.0000000000000002,888
2019-07-31,23,Gas,1.0000000000000002,847
2019-08-01,0,Gas,1.0,865
2019-08-01,1,Gas,0.9166666666666669,841
2019-08-01,1,Pumped Storage Demand,0.08333333333333334,0
2019-08-01,2,Gas,0.6666666666666666,949
2019-08-01,2,Pumped Storage Demand,0.3333333333333333,0
2019-08-01,3,Gas,0.9999999999999999,905
2019-08-01,4,Gas,1.0,878
2019-08-01,5,Gas,0.3333333333333333,1007
2019-08-01,5,Pumped Storage Demand,0.6666666666666665,0
2019-08-01,6,Gas,0.5833333333333334,839
2019-08-01,6,Pumped Storage Demand,0.4166666666666667,0
2019-08-01,7,Gas,0.5833333333333335,913
2019-08-01,7,Pumped Storage Demand,0.41666666666666674,0
2019-08-01,8,Gas,0.41666666666666663,850
2019-08-01,8,Pumped Storage Demand,0.5833333333333334,0
2019-08-01,9,Gas,0.6666666666666667,871
2019-08-01,9,Pumped Storage Demand,0.33333333333333337,0
2019-08-01,10,Gas,0.5833333333333333,851
2019-08-01,10,Other,0.08333333333333333,2048
2019-08-01,10,Pumped Storage Demand,0.3333333333333333,0
2019-08-01,11,Gas,1.0,823
2019-08-01,12,Gas,1.0,1058
2019-08-01,13,Gas,1.0,1197
2019-08-01,14,Gas,1.0,1148
2019-08-01,15,Gas,0.9999999999999999,908
2019-08-01,16,Gas,1.0,986
2019-08-01,17,Gas,0.5694444444444444,882
2019-08-01,17,Pumped Storage,0.4305555555555555,0
2019-08-01,18,Gas,0.8055555555555557,1115
2019-08-01,18,Pumped Storage,0.19444444444444448,0
2019-08-01,19,Gas,0.7500000000000002,938
2019-08-01,19,Pumped Storage,0.25000000000000006,0
2019-08-01,20,Gas,1.0,958
2019-08-01,21,Gas,1.0,1321
2019-08-01,22,Gas,1.0,937
2019-08-01,23,Gas,0.8333333333333335,900
2019-08-01,23,Pumped Storage Demand,0.16666666666666669,0
2019-08-02,0,Gas,0.9999999999999999,881
2019-08-02,1,Gas,1.0,885
2019-08-02,2,Gas,1.0,865
2019-08-02,3,Gas,1.0,835
2019-08-02,4,Gas,1.0,863
2019-08-02,5,Gas,0.25,849
2019-08-02,5,Pumped Storage Demand,0.75,0
2019-08-02,6,Gas,0.9166666666666669,856
2019-08-02,6,Pumped Storage Demand,0.08333333333333334,0
2019-08-02,7,Gas,0.9999999999999998,999
2019-08-02,8,Gas,0.75,925
2019-08-02,8,Pumped Storage Demand,0.25,0
2019-08-02,9,Gas,0.8333333333333334,874
2019-08-02,9,Other,0.16666666666666669,2048
2019-08-02,10,Gas,1.0,863
2019-08-02,11,Gas,1.0,856
2019-08-02,12,Gas,1.0,1020
2019-08-02,13,Gas,0.9999999999999999,1020
2019-08-02,14,Gas,1.0,985
2019-08-02,15,Gas,0.9999999999999999,933
2019-08-02,16,Gas,0.5833333333333334,1049
2019-08-02,16,Pumped Storage,0.4166666666666667,0
2019-08-02,17,Gas,0.41666666666666663,1259
2019-08-02,17,Hydro,0.125,0
2019-08-02,17,Pumped Storage,0.4583333333333333,0
2019-08-02,18,Gas,0.9166666666666666,1285
2019-08-02,18,Pumped Storage,0.08333333333333333,0
2019-08-02,19,Gas,0.875,1061
2019-08-02,19,Pumped Storage,0.12499999999999999,0
2019-08-02,20,Gas,0.9999999999999999,941
2019-08-02,21,Gas,0.875,1110
2019-08-02,21,Pumped Storage,0.125,0
2019-08-02,22,Gas,0.41666666666666663,910
2019-08-02,22,Pumped Storage,0.5833333333333334,0
2019-08-02,23,Gas,0.5,838
2019-08-02,23,Other,0.16666666666666669,2048
2019-08-02,23,Pumped Storage,0.33333333333333337,0
2019-08-03,0,Gas,1.0,868
2019-08-03,1,Gas,0.6666666666666667,844
2019-08-03,1,Pumped Storage Demand,0.33333333333333337,0
2019-08-03,2,Gas,0.75,819
2019-08-03,2,Pumped Storage Demand,0.25,0
2019-08-03,3,Gas,0.41666666666666663,1012
2019-08-03,3,Pumped Storage Demand,0.5833333333333334,0
2019-08-03,4,Gas,0.6666666666666666,819
2019-08-03,4,Pumped Storage Demand,0.3333333333333333,0
2019-08-03,5,Gas,0.25,940
2019-08-03,5,Pumped Storage Demand,0.7499999999999999,0
2019-08-03,6,Gas,0.5833333333333333,989
2019-08-03,6,Pumped Storage Demand,0.4166666666666667,0
2019-08-03,7,Gas,0.9166666666666666,1200
2019-08-03,7,Hydro,0.08333333333333333,0
2019-08-03,8,Gas,0.9166666666666667,917
2019-08-03,8,Hydro,0.08333333333333334,0
2019-08-03,9,Gas,0.41666666666666674,877
2019-08-03,9,Pumped Storage,0.5833333333333334,0
2019-08-03,10,Gas,0.8749999999999999,1037
2019-08-03,10,Pumped Storage,0.125,0
2019-08-03,11,Gas,1.0,937
2019-08-03,12,Gas,0.5833333333333334,993
2019-08-03,12,Pumped Storage,0.41666666666666674,0
2019-08-03,13,Gas,0.7916666666666666,934
2019-08-03,13,Pumped Storage,0.20833333333333334,0
2019-08-03,14,Gas,0.33333333333333337,1409
2019-08-03,14,Hydro,0.25000000000000006,0
2019-08-03,14,Pumped Storage,0.4166666666666667,0
2019-08-03,15,Gas,0.9999999999999999,1058
2019-08-03,16,Gas,0.20833333333333331,1016
2019-08-03,16,Hydro,0.45833333333333337,0
2019-08-03,16,Pumped Storage,0.3333333333333333,0
2019-08-03,17,Gas,0.875,911
2019-08-03,17,Hydro,0.04166666666666666,0
2019-08-03,17,Pumped Storage,0.08333333333333331,0
2019-08-03,18,Gas,0.6249999999999999,1038
2019-08-03,18,Pumped Storage,0.37500000000000006,0
2019-08-03,19,Gas,0.6666666666666666,1149
2019-08-03,19,Pumped Storage,0.3333333333333333,0
2019-08-03,20,Gas,0.08333333333333333,882
2019-08-03,20,Pumped Storage,0.9166666666666667,0
2019-08-03,21,Pumped Storage,1.0,0
2019-08-03,22,Gas,0.25,951
2019-08-03,22,Pumped Storage,0.7499999999999999,0
2019-08-03,23,Gas,0.7916666666666667,1023
2019-08-03,23,Other,0.20833333333333331,2044
2019-08-04,0,Gas,0.5416666666666666,942
2019-08-04,0,Other,0.125,2044
2019-08-04,0,Pumped Storage Demand,0.3333333333333333,0
2019-08-04,1,Gas,0.75,832
2019-08-04,1,Pumped Storage Demand,0.25,0
2019-08-04,2,Gas,0.4166666666666667,934
2019-08-04,2,Pumped Storage Demand,0.5833333333333334,0
2019-08-04,3,Gas,0.5833333333333333,906
2019-08-04,3,Pumped Storage Demand,0.4166666666666666,0
2019-08-04,4,Pumped Storage Demand,1.0,0
2019-08-04,5,Gas,0.41666666666666674,887
2019-08-04,5,Pumped Storage Demand,0.5833333333333334,0
2019-08-04,6,Gas,0.25,873
2019-08-04,6,Pumped Storage Demand,0.75,0
2019-08-04,7,Gas,0.16666666666666666,873
2019-08-04,7,Pumped Storage Demand,0.8333333333333334,0
2019-08-04,8,Gas,0.25,863
2019-08-04,8,Pumped Storage Demand,0.75,0
2019-08-04,9,Gas,0.5833333333333333,859
2019-08-04,9,Pumped Storage Demand,0.4166666666666667,0
2019-08-04,10,Gas,0.9444444444444444,938
2019-08-04,10,Other,0.05555555555555555,2044
2019-08-04,11,Gas,0.9722222222222221,1034
2019-08-04,11,Other,0.027777777777777773,2044
2019-08-04,12,Gas,0.24999999999999994,1107
2019-08-04,12,Pumped Storage,0.7500000000000001,0
2019-08-04,13,Gas,0.75,858
2019-08-04,13,Pumped Storage,0.25,0
2019-08-04,14,Gas,0.9166666666666665,937
2019-08-04,14,Pumped Storage,0.08333333333333331,0
2019-08-04,15,Gas,0.8333333333333333,1067
2019-08-04,15,Pumped Storage,0.16666666666666666,0
2019-08-04,16,Gas,0.5416666666666667,1131
2019-08-04,16,Pumped Storage,0.4583333333333333,0
2019-08-04,17,Demand Response,0.37500000000000006,0
2019-08-04,17,Gas,0.4583333333333334,1176
2019-08-04,17,Hydro,0.08333333333333336,0
2019-08-04,17,Pumped Storage,0.08333333333333336,0
2019-08-04,18,Gas,0.08333333333333333,845
2019-08-04,18,Hydro,0.3333333333333333,0
2019-08-04,18,Pumped Storage,0.5833333333333334,0
2019-08-04,19,Pumped Storage,1.0,0
2019-08-04,20,Hydro,0.16666666666666666,0
2019-08-04,20,Pumped Storage,0.8333333333333333,0
2019-08-04,21,Gas,0.6666666666666667,1124
2019-08-04,21,Pumped Storage,0.33333333333333337,0
2019-08-04,22,Gas,0.41666666666666674,1134
2019-08-04,22,Pumped Storage,0.5833333333333334,0
2019-08-04,23,Gas,1.0,1023
2019-08-05,0,Gas,0.33333333333333337,871
2019-08-05,0,Pumped Storage Demand,0.6666666666666667,0
2019-08-05,1,Gas,0.6666666666666667,880
2019-08-05,1,Pumped Storage Demand,0.33333333333333337,0
2019-08-05,2,Gas,1.0,1001
2019-08-05,3,Gas,1.0,957
2019-08-05,4,Gas,1.0,854
2019-08-05,5,Gas,0.25,820
2019-08-05,5,Pumped Storage Demand,0.75,0
2019-08-05,6,Gas,0.5833333333333333,849
2019-08-05,6,Pumped Storage Demand,0.41666666666666663,0
2019-08-05,7,Gas,0.5833333333333334,853
2019-08-05,7,Pumped Storage Demand,0.4166666666666667,0
2019-08-05,8,Gas,0.9166666666666666,873
2019-08-05,8,Pumped Storage Demand,0.08333333333333333,0
2019-08-05,9,Gas,1.0,1000
2019-08-05,10,Gas,1.0,974
2019-08-05,11,Gas,1.0,877
2019-08-05,12,Gas,1.0000000000000002,872
2019-08-05,13,Gas,0.8333333333333335,1005
2019-08-05,13,Pumped Storage,0.16666666666666669,0
2019-08-05,14,Gas,0.4166666666666667,1102
2019-08-05,14,Pumped Storage,0.5833333333333334,0
2019-08-05,15,Gas,1.0,887
2019-08-05,16,Gas,0.9166666666666666,1094
2019-08-05,16,Pumped Storage,0.08333333333333333,0
2019-08-05,17,Gas,0.9166666666666666,1246
2019-08-05,17,Pumped Storage,0.08333333333333333,0
2019-08-05,18,Gas,0.7083333333333333,1239
2019-08-05,18,Pumped Storage,0.29166666666666663,0
2019-08-05,19,Gas,0.7916666666666666,1062
2019-08-05,19,Pumped Storage,0.20833333333333331,0
2019-08-05,20,Gas,0.7499999999999999,889
2019-08-05,20,Pumped Storage,0.25000000000000006,0
2019-08-05,21,Gas,0.9999999999999999,1108
2019-08-05,22,Gas,1.0,955
2019-08-05,23,Gas,1.0,886
2019-08-06,0,Gas,0.8333333333333333,937
2019-08-06,0,Wind,0.16666666666666666,0
2019-08-06,1,Gas,0.8333333333333333,830
2019-08-06,1,Pumped Storage Demand,0.16666666666666666,0
2019-08-06,2,Gas,1.0,914
2019-08-06,3,Gas,1.0,819
2019-08-06,4,Gas,1.0,842
2019-08-06,5,Gas,0.8333333333333333,908
2019-08-06,5,Pumped Storage Demand,0.16666666666666666,0
2019-08-06,6,Gas,1.0000000000000002,864
2019-08-06,7,Gas,0.75,843
2019-08-06,7,Pumped Storage Demand,0.24999999999999994,0
2019-08-06,8,Gas,0.6666666666666667,899
2019-08-06,8,Pumped Storage Demand,0.33333333333333337,0
2019-08-06,9,Gas,1.0,944
2019-08-06,10,Gas,1.0,1045
2019-08-06,11,Gas,0.9999999999999999,1004
2019-08-06,12,Gas,1.0000000000000002,1033
2019-08-06,13,Gas,1.0,1048
2019-08-06,14,Gas,0.9999999999999999,980
2019-08-06,15,Gas,1.0,861
2019-08-06,16,Gas,1.0,1090
2019-08-06,17,Gas,1.0,871
2019-08-06,18,Gas,0.9999999999999999,951
2019-08-06,19,Gas,0.6666666666666667,940
2019-08-06,19,Pumped Storage,0.33333333333333337,0
2019-08-06,20,Gas,0.9166666666666667,1189
2019-08-06,20,Pumped Storage,0.08333333333333334,0
2019-08-06,21,Gas,1.0,1079
2019-08-06,22,Gas,0.8333333333333334,976
2019-08-06,22,Pumped Storage Demand,0.16666666666666666,0
2019-08-06,23,Gas,0.9166666666666666,869
2019-08-06,23,Pumped Storage Demand,0.08333333333333333,0
2019-08-07,0,Gas,0.9999999999999999,924
2019-08-07,1,Gas,1.0,938
2019-08-07,2,Gas,1.0,945
2019-08-07,3,Gas,0.9999999999999998,963
2019-08-07,4,Gas,1.0,922
2019-08-07,5,Gas,1.0000000000000002,901
2019-08-07,6,Gas,1.0,909
2019-08-07,7,Gas,0.9166666666666665,925
2019-08-07,7,Pumped Storage Demand,0.08333333333333331,0
2019-08-07,8,Gas,1.0,920
2019-08-07,9,Gas,1.0,915
2019-08-07,10,Gas,1.0,1151
2019-08-07,11,Gas,1.0,854
2019-08-07,12,Gas,0.9999999999999999,1101
2019-08-07,13,Gas,1.0,1080
2019-08-07,14,Gas,1.0,967
2019-08-07,15,Gas,1.0,983
2019-08-07,16,Gas,1.0,929
2019-08-07,17,Gas,1.0,1043
2019-08-07,18,Gas,1.0,1035
2019-08-07,19,Gas,1.0,994
2019-08-07,20,Gas,1.0000000000000002,1101
2019-08-07,21,Gas,1.0,988
2019-08-07,22,Gas,0.9999999999999999,928
2019-08-07,23,Gas,1.0,927
2019-08-08,0,Gas,0.8333333333333335,912
2019-08-08,0,Pumped Storage Demand,0.16666666666666669,0
2019-08-08,1,Gas,0.9166666666666666,896
2019-08-08,1,Pumped Storage Demand,0.08333333333333333,0
2019-08-08,2,Gas,0.9999999999999999,926
2019-08-08,3,Gas,1.0,940
2019-08-08,4,Gas,1.0,865
2019-08-08,5,Gas,0.41666666666666663,956
2019-08-08,5,Pumped Storage Demand,0.5833333333333333,0
2019-08-08,6,Gas,0.41666666666666663,928
2019-08-08,6,Pumped Storage Demand,0.5833333333333333,0
2019-08-08,7,Gas,0.9166666666666666,864
2019-08-08,7,Pumped Storage Demand,0.08333333333333333,0
2019-08-08,8,Gas,0.9999999999999999,878
2019-08-08,9,Gas,1.0,912
2019-08-08,10,Gas,0.9995683144662026,936
2019-08-08,10,Hydro,0.0004316855337974105,0
2019-08-08,11,Gas,1.0,1116
2019-08-08,12,Gas,1.0000000000000002,1001
2019-08-08,13,Gas,0.9992589135765834,977
2019-08-08,13,Hydro,0.0007410864234165409,0
2019-08-08,14,Gas,0.9999999999999999,1044
2019-08-08,15,Gas,1.0,959
2019-08-08,16,Gas,0.9166666666666667,1119
2019-08-08,16,Pumped Storage,0.08333333333333334,0
2019-08-08,17,Gas,0.9999999999999999,1129
2019-08-08,18,Gas,0.6666666666666666,1124
2019-08-08,18,Pumped Storage,0.3333333333333333,0
2019-08-08,19,Gas,0.25,1248
2019-08-08,19,Pumped Storage,0.75,0
2019-08-08,20,Demand Response,0.25,0
2019-08-08,20,Gas,0.25,870
2019-08-08,20,Pumped Storage,0.5,0
2019-08-08,21,Gas,0.9999999999999999,1112
2019-08-08,22,Gas,1.0000000000000002,1045
2019-08-08,23,Gas,1.0000000000000002,890
2019-08-09,0,Gas,1.0000000000000002,919
2019-08-09,1,Gas,0.75,900
2019-08-09,1,Pumped Storage Demand,0.25,0
2019-08-09,2,Gas,0.7500000000000001,923
2019-08-09,2,Pumped Storage Demand,0.25000000000000006,0
2019-08-09,3,Gas,1.0,907
2019-08-09,4,Gas,1.0,941
2019-08-09,5,Gas,0.9166666666666666,934
2019-08-09,5,Pumped Storage Demand,0.08333333333333333,0
2019-08-09,6,Gas,0.75,885
2019-08-09,6,Pumped Storage Demand,0.25,0
2019-08-09,7,Gas,0.8333333333333335,919
2019-08-09,7,Pumped Storage Demand,0.16666666666666669,0
2019-08-09,8,Gas,1.0,958
2019-08-09,9,Gas,0.9999999999999998,878
2019-08-09,10,Gas,1.0,897
2019-08-09,11,Gas,1.0,967
2019-08-09,12,Gas,1.0,873
2019-08-09,13,Gas,1.0,871
2019-08-09,14,Gas,1.0,876
2019-08-09,15,Gas,1.0,909
2019-08-09,16,Gas,1.0,1007
2019-08-09,17,Gas,1.0000000000000002,943
2019-08-09,18,Gas,1.0,979
2019-08-09,19,Gas,1.0,930
2019-08-09,20,Gas,0.9791666666666667,893
2019-08-09,20,Other,0.020833333333333336,2044
2019-08-09,21,Gas,1.0,881
2019-08-09,22,Gas,0.9999999999999999,980
2019-08-09,23,Gas,0.8333333333333334,963
2019-08-09,23,Pumped Storage Demand,0.16666666666666666,0
2019-08-10,0,Gas,0.5833333333333333,842
2019-08-10,0,Pumped Storage Demand,0.4166666666666667,0
2019-08-10,1,Gas,0.9999999999999999,903
2019-08-10,2,Gas,1.0000000000000002,841
2019-08-10,3,Gas,1.0,937
2019-08-10,4,Gas,1.0,841
2019-08-10,5,Gas,0.7500000000000001,839
2019-08-10,5,Pumped Storage Demand,0.25,0
2019-08-10,6,Gas,0.6666666666666666,995
2019-08-10,6,Other,0.25,2048
2019-08-10,6,Pumped Storage Demand,0.08333333333333333,0
2019-08-10,7,Gas,0.25,833
2019-08-10,7,Other,0.08333333333333334,2048
2019-08-10,7,Pumped Storage,0.33333333333333337,0
2019-08-10,7,Pumped Storage Demand,0.33333333333333337,0
2019-08-10,8,Gas,0.375,861
2019-08-10,8,Pumped Storage,0.625,0
2019-08-10,9,Gas,0.41666666666666674,854
2019-08-10,9,Pumped Storage,0.16666666666666669,0
2019-08-10,9,Pumped Storage Demand,0.4166666666666667,0
2019-08-10,10,Gas,0.9166666666666666,969
2019-08-10,10,Pumped Storage Demand,0.08333333333333333,0
2019-08-10,11,Gas,0.9444444444444444,887
2019-08-10,11,Other,0.055555555555555566,2044
2019-08-10,12,Gas,0.9444444444444445,930
2019-08-10,12,Other,0.05555555555555555,2044
2019-08-10,13,Gas,0.9999999999999999,870
2019-08-10,14,Gas,1.0,858
2019-08-10,15,Gas,0.75,875
2019-08-10,15,Pumped Storage,0.25,0
2019-08-10,16,Gas,0.4166666666666667,856
2019-08-10,16,Pumped Storage,0.5833333333333334,0
2019-08-10,17,Gas,0.8333333333333334,814
2019-08-10,17,Pumped Storage,0.16666666666666666,0
2019-08-10,18,Gas,0.5,841
2019-08-10,18,Pumped Storage,0.5,0
2019-08-10,19,Gas,0.8333333333333331,892
2019-08-10,19,Pumped Storage,0.16666666666666663,0
2019-08-10,20,Gas,0.5,888
2019-08-10,20,Pumped Storage,0.5,0
2019-08-10,21,Gas,0.5833333333333335,884
2019-08-10,21,Pumped Storage,0.4166666666666667,0
2019-08-10,22,Gas,1.0000000000000002,846
2019-08-10,23,Gas,1.0,829
2019-08-11,0,Gas,1.0000000000000002,844
2019-08-11,1,Gas,0.7500000000000001,823
2019-08-11,1,Wind,0.25,0
2019-08-11,2,Gas,0.3333333333333333,845
2019-08-11,2,Wind,0.6666666666666667,0
2019-08-11,3,Gas,1.0,815
2019-08-11,4,Gas,1.0,811
2019-08-11,5,Gas,0.9166666666666665,834
2019-08-11,5,Pumped Storage Demand,0.08333333333333333,0
2019-08-11,6,Gas,0.8333333333333333,808
2019-08-11,6,Wind,0.16666666666666666,0
2019-08-11,7,Gas,0.75,814
2019-08-11,7,Pumped Storage Demand,0.25,0
2019-08-11,8,Gas,1.0,815
2019-08-11,9,Gas,0.5259259259259257,926
2019-08-11,9,Hydro,0.0833333333333333,0
2019-08-11,9,Other,0.025925925925925918,4679
2019-08-11,9,Wind,0.36481481481481465,0
2019-08-11,10,Gas,0.42499999999999993,813
2019-08-11,10,Hydro,0.033333333333333326,0
2019-08-11,10,Other,0.34166666666666656,3979
2019-08-11,10,Wind,0.1999999999999999,0
2019-08-11,11,Gas,1.0,845
2019-08-11,12,Gas,1.0,840
2019-08-11,13,Gas,1.0,847
2019-08-11,14,Gas,0.8333333333333336,838
2019-08-11,14,Other,0.16666666666666669,3962
2019-08-11,15,Gas,1.0,874
2019-08-11,16,Gas,0.9166666666666667,881
2019-08-11,16,Wind,0.08333333333333333,0
2019-08-11,17,Gas,0.6666666666666666,858
2019-08-11,17,Pumped Storage,0.3333333333333333,0
2019-08-11,18,Gas,0.5833333333333334,892
2019-08-11,18,Pumped Storage,0.41666666666666663,0
2019-08-11,19,Gas,0.8333333333333333,883
2019-08-11,19,Pumped Storage,0.16666666666666663,0
2019-08-11,20,Gas,1.0,840
2019-08-11,21,Gas,0.9166666666666664,918
2019-08-11,21,Wind,0.08333333333333331,0
2019-08-11,22,Gas,0.9166666666666666,857
2019-08-11,22,Wind,0.08333333333333333,0
2019-08-11,23,Gas,1.0,854
2019-08-12,0,Gas,0.8300663152958857,820
2019-08-12,0,Hydro,0.16993368470411432,0
2019-08-12,1,Gas,0.3288638489304455,853
2019-08-12,1,Hydro,0.012291082107941444,0
2019-08-12,1,Pumped Storage Demand,0.657727697860891,0
2019-08-12,1,Wind,0.0011173711007219493,0
2019-08-12,2,Gas,0.5442264366257841,837
2019-08-12,2,Hydro,0.0012281088287613424,0
2019-08-12,2,Wind,0.4545454545454545,0
2019-08-12,3,Gas,0.2604166666666667,859
2019-08-12,3,Pumped Storage Demand,0.4166666666666667,0
2019-08-12,3,Wind,0.32291666666666663,0
2019-08-12,4,Gas,0.75,806
2019-08-12,4,Pumped Storage Demand,0.16666666666666666,0
2019-08-12,4,Wind,0.08333333333333333,0
2019-08-12,5,Gas,0.7500000000000001,806
2019-08-12,5,Hydro,0.25,0
2019-08-12,6,Gas,0.7500000000000001,819
2019-08-12,6,Wind,0.25,0
2019-08-12,7,Gas,1.0,860
2019-08-12,8,Gas,1.0,852
2019-08-12,9,Gas,1.0,860
2019-08-12,10,Gas,1.0,902
2019-08-12,11,Gas,1.0,876
2019-08-12,12,Gas,1.0000000000000002,864
2019-08-12,13,Gas,1.0000000000000002,1008
2019-08-12,14,Gas,1.0,877
2019-08-12,15,Gas,0.9166666666666669,1207
2019-08-12,15,Pumped Storage,0.08333333333333334,0
2019-08-12,16,Gas,0.8333333333333331,757
2019-08-12,16,Pumped Storage,0.16666666666666666,0
2019-08-12,17,Gas,0.8333333333333333,1159
2019-08-12,17,Pumped Storage,0.16666666666666666,0
2019-08-12,18,Gas,0.5833333333333335,1076
2019-08-12,18,Pumped Storage,0.4166666666666667,0
2019-08-12,19,Gas,0.49999999999999994,1153
2019-08-12,19,Hydro,0.3333333333333333,0
2019-08-12,19,Pumped Storage,0.16666666666666666,0
2019-08-12,20,Gas,0.5833333333333335,930
2019-08-12,20,Pumped Storage,0.4166666666666667,0
2019-08-12,21,Gas,0.9166666666666667,914
2019-08-12,21,Pumped Storage,0.08333333333333334,0
2019-08-12,22,Gas,0.6666666666666666,868
2019-08-12,22,Pumped Storage,0.3333333333333333,0
2019-08-12,23,Gas,0.6666666666666667,852
2019-08-12,23,Pumped Storage,0.33333333333333337,0
2019-08-13,0,Gas,0.9583333333333335,918
2019-08-13,0,Other,0.04166666666666667,2048
2019-08-13,1,Gas,0.75,848
2019-08-13,1,Pumped Storage Demand,0.25,0
2019-08-13,2,Gas,0.5833333333333333,838
2019-08-13,2,Pumped Storage Demand,0.4166666666666666,0
2019-08-13,3,Pumped Storage Demand,1.0,0
2019-08-13,4,Gas,0.41666666666666663,1107
2019-08-13,4,Pumped Storage Demand,0.5833333333333333,0
2019-08-13,5,Gas,0.5833333333333334,866
2019-08-13,5,Hydro,0.16666666666666669,0
2019-08-13,5,Other,0.25000000000000006,3962
2019-08-13,6,Hydro,0.41666666666666663,0
2019-08-13,6,Pumped Storage,0.5833333333333333,0
2019-08-13,7,Gas,0.41666666666666674,970
2019-08-13,7,Pumped Storage,0.5833333333333334,0
2019-08-13,8,Gas,0.5416666666666666,716
2019-08-13,8,Hydro,0.20833333333333331,0
2019-08-13,8,Pumped Storage,0.25,0
2019-08-13,9,Gas,0.5416666666666667,1155
2019-08-13,9,Pumped Storage,0.4583333333333333,0
2019-08-13,10,Gas,0.6666666666666666,925
2019-08-13,10,Pumped Storage,0.3333333333333333,0
2019-08-13,11,Gas,0.75,1147
2019-08-13,11,Pumped Storage,0.25000000000000006,0
2019-08-13,12,Gas,0.9999999999999998,949
2019-08-13,13,Gas,1.0,824
2019-08-13,14,Gas,1.0,833
2019-08-13,15,Gas,1.0,887
2019-08-13,16,Gas,0.25,852
2019-08-13,16,Pumped Storage,0.7499999999999999,0
2019-08-13,17,Gas,0.5416666666666667,891
2019-08-13,17,Pumped Storage,0.45833333333333337,0
2019-08-13,18,Gas,0.04166666666666667,845
2019-08-13,18,Pumped Storage,0.9583333333333334,0
2019-08-13,19,Gas,0.5833333333333335,863
2019-08-13,19,Pumped Storage,0.4166666666666667,0
2019-08-13,20,Gas,0.5416666666666666,849
2019-08-13,20,Hydro,0.125,0
2019-08-13,20,Pumped Storage,0.33333333333333337,0
2019-08-13,21,Gas,1.0,1153
2019-08-13,22,Gas,0.9999999999999998,959
2019-08-13,23,Gas,0.75,1093
2019-08-13,23,Other,0.25,2048
2019-08-14,0,Gas,1.0,873
2019-08-14,1,Gas,0.5833333333333334,844
2019-08-14,1,Pumped Storage Demand,0.4166666666666667,0
2019-08-14,2,Pumped Storage Demand,1.0,0
2019-08-14,3,Pumped Storage Demand,1.0,0
2019-08-14,4,Gas,0.9166666666666666,845
2019-08-14,4,Pumped Storage Demand,0.08333333333333333,0
2019-08-14,5,Gas,0.5833333333333333,859
2019-08-14,5,Pumped Storage Demand,0.41666666666666663,0
2019-08-14,6,Gas,0.5833333333333334,875
2019-08-14,6,Pumped Storage Demand,0.4166666666666667,0
2019-08-14,7,Gas,1.0,859
2019-08-14,8,Gas,1.0,868
2019-08-14,9,Gas,1.0,911
2019-08-14,10,Gas,0.9166666666666667,887
2019-08-14,10,Pumped Storage,0.08333333333333334,0
2019-08-14,11,Gas,0.763888888888889,1025
2019-08-14,11,Pumped Storage,0.23611111111111113,0
2019-08-14,12,Gas,0.8194444444444444,1012
2019-08-14,12,Pumped Storage,0.18055555555555555,0
2019-08-14,13,Gas,0.3055555555555555,1318
2019-08-14,13,Pumped Storage,0.6944444444444444,0
2019-08-14,14,Gas,0.5416666666666666,1211
2019-08-14,14,Pumped Storage,0.4583333333333333,0
2019-08-14,15,Gas,0.6666666666666666,974
2019-08-14,15,Pumped Storage,0.3333333333333333,0
2019-08-14,16,Gas,0.9999999999999998,984
2019-08-14,17,Gas,0.9166666666666666,1154
2019-08-14,17,Pumped Storage,0.08333333333333333,0
2019-08-14,18,Demand Response,0.3333333333333333,0
2019-08-14,18,Gas,0.41666666666666663,1147
2019-08-14,18,Pumped Storage,0.25,0
2019-08-14,19,Pumped Storage,1.0,0
2019-08-14,20,Gas,0.2083333333333333,879
2019-08-14,20,Pumped Storage,0.7916666666666666,0
2019-08-14,21,Gas,0.6250000000000001,932
2019-08-14,21,Pumped Storage,0.3750000000000001,0
2019-08-14,22,Gas,0.9166666666666667,919
2019-08-14,22,Pumped Storage,0.08333333333333333,0
2019-08-14,23,Gas,0.7500000000000001,1060
2019-08-14,23,Pumped Storage,0.25,0
2019-08-15,0,Gas,0.9999999999999999,851
2019-08-15,1,Gas,1.0,838
2019-08-15,2,Gas,0.9999999999999999,890
2019-08-15,3,Gas,1.0,836
2019-08-15,4,Gas,1.0,841
2019-08-15,5,Gas,0.5833333333333334,1035
2019-08-15,5,Other,0.25,2048
2019-08-15,5,Pumped Storage Demand,0.16666666666666669,0
2019-08-15,6,Gas,0.41666666666666663,864
2019-08-15,6,Pumped Storage Demand,0.5833333333333334,0
2019-08-15,7,Gas,0.7222222222222222,880
2019-08-15,7,Other,0.027777777777777776,2044
2019-08-15,7,Pumped Storage Demand,0.25,0
2019-08-15,8,Gas,1.0,962
2019-08-15,9,Gas,0.5277777777777779,1114
2019-08-15,9,Pumped Storage,0.47222222222222215,0
2019-08-15,10,Gas,0.6388888888888888,947
2019-08-15,10,Other,0.125,2044
2019-08-15,10,Pumped Storage,0.2361111111111111,0
2019-08-15,11,Gas,0.9583333333333335,864
2019-08-15,11,Pumped Storage,0.04166666666666667,0
2019-08-15,12,Gas,0.16666666666666666,861
2019-08-15,12,Pumped Storage,0.8333333333333334,0
2019-08-15,13,Gas,0.3333333333333333,872
2019-08-15,13,Pumped Storage,0.6666666666666666,0
2019-08-15,14,Gas,0.37500000000000006,741
2019-08-15,14,Pumped Storage,0.625,0
2019-08-15,15,Gas,0.16666666666666666,837
2019-08-15,15,Hydro,0.24999999999999997,0
2019-08-15,15,Pumped Storage,0.5833333333333334,0
2019-08-15,16,Gas,0.3333333333333333,932
2019-08-15,16,Pumped Storage,0.6666666666666666,0
2019-08-15,17,Gas,0.05555555555555555,845
2019-08-15,17,Pumped Storage,0.9444444444444444,0
2019-08-15,18,Gas,0.027777777777777773,845
2019-08-15,18,Pumped Storage,0.9722222222222222,0
2019-08-15,19,Gas,0.7916666666666666,1037
2019-08-15,19,Pumped Storage,0.20833333333333334,0
2019-08-15,20,Gas,0.5972222222222221,1156
2019-08-15,20,Pumped Storage,0.40277777777777773,0
2019-08-15,21,Gas,0.16666666666666666,857
2019-08-15,21,Hydro,0.3333333333333333,0
2019-08-15,21,Pumped Storage,0.5,0
2019-08-15,22,Gas,0.5,1000
2019-08-15,22,Hydro,0.25,0
2019-08-15,22,Pumped Storage,0.25,0
2019-08-15,23,Gas,0.9166666666666666,870
2019-08-15,23,Other,0.08333333333333333,3962
2019-08-16,0,Gas,0.6666666666666666,910
2019-08-16,0,Pumped Storage Demand,0.3333333333333333,0
2019-08-16,1,Gas,0.9166666666666664,836
2019-08-16,1,Pumped Storage Demand,0.08333333333333331,0
2019-08-16,2,Gas,1.0,877
2019-08-16,3,Gas,1.0,952
2019-08-16,4,Gas,1.0,823
2019-08-16,5,Gas,0.9999999999999999,870
2019-08-16,6,Gas,0.7500000000000001,833
2019-08-16,6,Pumped Storage Demand,0.25,0
2019-08-16,7,Gas,0.7499999999999999,873
2019-08-16,7,Pumped Storage Demand,0.25,0
2019-08-16,8,Gas,0.6666666666666666,880
2019-08-16,8,Pumped Storage,0.3333333333333333,0
2019-08-16,9,Gas,1.0,896
2019-08-16,10,Gas,1.0,894
2019-08-16,11,Gas,0.75,915
2019-08-16,11,Pumped Storage,0.25,0
2019-08-16,12,Gas,0.625,1018
2019-08-16,12,Pumped Storage,0.37499999999999994,0
2019-08-16,13,Gas,0.5833333333333334,956
2019-08-16,13,Pumped Storage,0.41666666666666674,0
2019-08-16,14,Gas,0.29166666666666663,890
2019-08-16,14,Pumped Storage,0.7083333333333333,0
2019-08-16,15,Gas,0.3333333333333333,894
2019-08-16,15,Pumped Storage,0.6666666666666666,0
2019-08-16,16,Gas,0.20833333333333337,863
2019-08-16,16,Pumped Storage,0.7916666666666666,0
2019-08-16,17,Gas,0.25,1248
2019-08-16,17,Hydro,0.375,0
2019-08-16,17,Pumped Storage,0.375,0
2019-08-16,18,Gas,0.45833333333333337,866
2019-08-16,18,Pumped Storage,0.5416666666666667,0
2019-08-16,19,Gas,0.5000000000000001,918
2019-08-16,19,Hydro,0.25000000000000006,0
2019-08-16,19,Pumped Storage,0.25,0
2019-08-16,20,Gas,0.9999999999999999,1100
2019-08-16,21,Gas,1.0,872
2019-08-16,22,Gas,1.0,898
2019-08-16,23,Gas,0.8333333333333333,861
2019-08-16,23,Pumped Storage Demand,0.16666666666666666,0
2019-08-17,0,Gas,0.8333333333333335,909
2019-08-17,0,Pumped Storage Demand,0.16666666666666666,0
2019-08-17,1,Gas,0.5833333333333334,867
2019-08-17,1,Other,0.16666666666666669,2044
2019-08-17,1,Pumped Storage Demand,0.25,0
2019-08-17,2,Gas,0.4166666666666667,873
2019-08-17,2,Other,0.16666666666666669,2044
2019-08-17,2,Pumped Storage Demand,0.4166666666666667,0
2019-08-17,3,Gas,0.5,1080
2019-08-17,3,Pumped Storage Demand,0.4999999999999999,0
2019-08-17,4,Gas,0.08333333333333333,806
2019-08-17,4,Pumped Storage Demand,0.9166666666666666,0
2019-08-17,5,Gas,0.6666666666666666,865
2019-08-17,5,Pumped Storage Demand,0.3333333333333333,0
2019-08-17,6,Gas,0.8333333333333333,889
2019-08-17,6,Hydro,0.16666666666666666,0
2019-08-17,7,Gas,0.16666666666666669,876
2019-08-17,7,Hydro,0.41666666666666663,0
2019-08-17,7,Pumped Storage,0.4166666666666667,0
2019-08-17,8,Gas,1.0000000000000002,856
2019-08-17,9,Gas,0.75,869
2019-08-17,9,Pumped Storage Demand,0.25,0
2019-08-17,10,Gas,1.0,928
2019-08-17,11,Gas,1.0,915
2019-08-17,12,Gas,0.9999999999999999,850
2019-08-17,13,Gas,0.9166666666666666,1032
2019-08-17,13,Pumped Storage,0.08333333333333333,0
2019-08-17,14,Gas,0.6250000000000001,981
2019-08-17,14,Pumped Storage,0.37500000000000006,0
2019-08-17,15,Gas,0.4166666666666667,866
2019-08-17,15,Pumped Storage,0.5833333333333333,0
2019-08-17,16,Pumped Storage,1.0,0
2019-08-17,17,Gas,0.3333333333333333,971
2019-08-17,17,Pumped Storage,0.6666666666666666,0
2019-08-17,18,Gas,0.7916666666666667,1025
2019-08-17,18,Pumped Storage,0.20833333333333331,0
2019-08-17,19,Gas,1.0,847
2019-08-17,20,Gas,1.0,980
2019-08-17,21,Gas,0.75,1041
2019-08-17,21,Pumped Storage,0.24999999999999997,0
2019-08-17,22,Gas,0.875,1117
2019-08-17,22,Hydro,0.125,0
2019-08-17,23,Gas,0.8333333333333334,1038
2019-08-17,23,Pumped Storage Demand,0.16666666666666666,0
2019-08-18,0,Gas,0.5833333333333333,857
2019-08-18,0,Pumped Storage Demand,0.41666666666666663,0
2019-08-18,1,Gas,1.0,928
2019-08-18,2,Gas,0.5833333333333334,1046
2019-08-18,2,Pumped Storage Demand,0.41666666666666674,0
2019-08-18,3,Gas,1.0,876
2019-08-18,4,Gas,1.0,852
2019-08-18,5,Gas,1.0,977
2019-08-18,6,Gas,0.9999999999999999,869
2019-08-18,7,Gas,0.5833333333333333,864
2019-08-18,7,Pumped Storage Demand,0.4166666666666667,0
2019-08-18,8,Gas,0.41666666666666674,877
2019-08-18,8,Pumped Storage Demand,0.5833333333333334,0
2019-08-18,9,Gas,0.5833333333333333,860
2019-08-18,9,Pumped Storage Demand,0.41666666666666663,0
2019-08-18,10,Gas,0.5,850
2019-08-18,10,Pumped Storage Demand,0.5000000000000001,0
2019-08-18,11,Gas,0.9999999999999998,1163
2019-08-18,12,Gas,0.6666666666666667,1112
2019-08-18,12,Pumped Storage,0.33333333333333337,0
2019-08-18,13,Gas,0.25,983
2019-08-18,13,Pumped Storage,0.75,0
2019-08-18,14,Gas,0.41666666666666674,1231
2019-08-18,14,Pumped Storage,0.5833333333333334,0
2019-08-18,15,Gas,0.5833333333333333,1218
2019-08-18,15,Hydro,0.08333333333333333,0
2019-08-18,15,Pumped Storage,0.3333333333333333,0
2019-08-18,16,Gas,0.16666666666666666,1219
2019-08-18,16,Hydro,0.4583333333333333,0
2019-08-18,16,Pumped Storage,0.375,0
2019-08-18,17,Gas,0.5,1493
2019-08-18,17,Hydro,0.25,0
2019-08-18,17,Pumped Storage,0.25,0
2019-08-18,18,Gas,0.375,1263
2019-08-18,18,Hydro,0.041666666666666664,0
2019-08-18,18,Pumped Storage,0.5833333333333334,0
2019-08-18,19,Demand Response,0.25,0
2019-08-18,19,Hydro,0.08333333333333333,0
2019-08-18,19,Pumped Storage,0.6666666666666666,0
2019-08-18,20,Gas,0.41666666666666674,1254
2019-08-18,20,Pumped Storage,0.5833333333333334,0
2019-08-18,21,Gas,0.9166666666666667,1072
2019-08-18,21,Hydro,0.08333333333333333,0
2019-08-18,22,Gas,1.0000000000000002,1066
2019-08-18,23,Gas,1.0,1092
2019-08-19,0,Gas,0.8333333333333334,1083
2019-08-19,0,Pumped Storage Demand,0.16666666666666666,0
2019-08-19,1,Gas,1.0,1190
2019-08-19,2,Gas,0.25,1374
2019-08-19,2,Pumped Storage Demand,0.75,0
2019-08-19,3,Gas,0.9166666666666666,1141
2019-08-19,3,Pumped Storage Demand,0.08333333333333333,0
2019-08-19,4,Gas,1.0,1172
2019-08-19,5,Gas,0.25,1309
2019-08-19,5,Pumped Storage Demand,0.7499999999999999,0
2019-08-19,6,Gas,0.4166666666666667,1064
2019-08-19,6,Pumped Storage Demand,0.5833333333333334,0
2019-08-19,7,Gas,0.4166666666666666,973
2019-08-19,7,Pumped Storage Demand,0.5833333333333333,0
2019-08-19,8,Gas,1.0,1335
2019-08-19,9,Gas,1.0,1041
2019-08-19,10,Gas,1.0,1100
2019-08-19,11,Gas,0.9999999999999998,912
2019-08-19,12,Gas,0.8333333333333334,955
2019-08-19,12,Pumped Storage,0.16666666666666669,0
2019-08-19,13,Gas,0.75,1091
2019-08-19,13,Hydro,0.08333333333333333,0
2019-08-19,13,Pumped Storage,0.16666666666666666,0
2019-08-19,14,Gas,0.8333333333333335,1173
2019-08-19,14,Pumped Storage,0.16666666666666669,0
2019-08-19,15,Gas,0.9166666666666667,889
2019-08-19,15,Pumped Storage,0.08333333333333333,0
2019-08-19,16,Gas,1.0,923
2019-08-19,17,Gas,1.0,1054
2019-08-19,18,Gas,1.0,1255
2019-08-19,19,Gas,1.0,1051
2019-08-19,20,Gas,1.0000000000000002,1040
2019-08-19,21,Gas,1.0,912
2019-08-19,22,Gas,1.0,876
2019-08-19,23,Gas,0.8333333333333333,836
2019-08-19,23,Other,0.16666666666666666,2362
2019-08-20,0,Gas,1.0,898
2019-08-20,1,Gas,1.0,841
2019-08-20,2,Gas,1.0,839
2019-08-20,3,Gas,1.0,836
2019-08-20,4,Gas,1.0,836
2019-08-20,5,Gas,1.0,843
2019-08-20,6,Gas,0.6666666666666667,897
2019-08-20,6,Pumped Storage Demand,0.33333333333333337,0
2019-08-20,7,Gas,1.0,868
2019-08-20,8,Gas,1.0,890
2019-08-20,9,Gas,0.9999999999999999,934
2019-08-20,10,Gas,1.0000000000000002,920
2019-08-20,11,Gas,1.0,852
2019-08-20,12,Gas,1.0,847
2019-08-20,13,Gas,1.0,1189
2019-08-20,14,Gas,1.0,1236
2019-08-20,15,Gas,1.0,952
2019-08-20,16,Gas,0.9999999999999999,983
2019-08-20,17,Gas,1.0,895
2019-08-20,18,Gas,0.9999999999999999,888
2019-08-20,19,Gas,0.9999999999999999,857
2019-08-20,20,Gas,1.0000000000000002,987
2019-08-20,21,Gas,1.0,1208
2019-08-20,22,Gas,0.9166666666666666,866
2019-08-20,22,Other,0.08333333333333334,2044
2019-08-20,23,Gas,0.7497622014016664,895
2019-08-20,23,Hydro,0.0002377985983337207,0
2019-08-20,23,Pumped Storage Demand,0.25000000000000006,0
2019-08-21,0,Gas,0.9996371881854563,902
2019-08-21,0,Hydro,0.00036281181454362026,0
2019-08-21,1,Gas,0.5833333333333334,845
2019-08-21,1,Pumped Storage Demand,0.4166666666666667,0
2019-08-21,2,Gas,1.0,853
2019-08-21,3,Gas,1.0,854
2019-08-21,4,Gas,1.0,810
2019-08-21,5,Gas,1.0,859
2019-08-21,6,Gas,1.0,877
2019-08-21,7,Gas,1.0,822
2019-08-21,8,Gas,1.0,988
2019-08-21,9,Gas,1.0,1081
2019-08-21,10,Gas,1.0,887
2019-08-21,11,Gas,0.9999999999999998,1042
2019-08-21,12,Gas,0.75,1110
2019-08-21,12,Hydro,0.24999999999999997,0
2019-08-21,13,Gas,1.0,995
2019-08-21,14,Gas,0.9999999999999999,964
2019-08-21,15,Gas,0.9999999999999999,828
2019-08-21,16,Gas,1.0,897
2019-08-21,17,Gas,0.9998936397487281,930
2019-08-21,17,Wind,0.00010636025127176386,0
2019-08-21,18,Gas,1.0,971
2019-08-21,19,Gas,0.9999999999999999,941
2019-08-21,20,Gas,1.0000000000000002,876
2019-08-21,21,Gas,1.0,1081
2019-08-21,22,Gas,1.0,991
2019-08-21,23,Gas,1.0,1047
2019-08-22,0,Gas,0.5,942
2019-08-22,0,Pumped Storage Demand,0.5,0
2019-08-22,1,Gas,0.9166666666666665,879
2019-08-22,1,Pumped Storage Demand,0.08333333333333333,0
2019-08-22,2,Gas,1.0,893
2019-08-22,3,Gas,1.0,893
2019-08-22,4,Gas,1.0,822
2019-08-22,5,Gas,0.9999999999999999,1039
2019-08-22,6,Gas,0.9999999999999999,1021
2019-08-22,7,Gas,0.8333333333333335,978
2019-08-22,7,Other,0.16666666666666669,2044
2019-08-22,8,Gas,1.0,1117
2019-08-22,9,Gas,0.9999999999999999,1060
2019-08-22,10,Gas,0.9999999999999999,977
2019-08-22,11,Gas,1.0,910
2019-08-22,12,Gas,0.9166666666666666,1133
2019-08-22,12,Pumped Storage,0.08333333333333333,0
2019-08-22,13,Gas,0.875,987
2019-08-22,13,Pumped Storage,0.125,0
2019-08-22,14,Gas,0.9166666666666666,862
2019-08-22,14,Pumped Storage,0.08333333333333333,0
2019-08-22,15,Gas,0.9999999999999999,889
2019-08-22,16,Gas,0.9999999999999999,950
2019-08-22,17,Gas,0.5833333333333333,900
2019-08-22,17,Pumped Storage,0.41666666666666663,0
2019-08-22,18,Gas,0.08333333333333333,907
2019-08-22,18,Pumped Storage,0.9166666666666666,0
2019-08-22,19,Gas,0.041666666666666664,907
2019-08-22,19,Pumped Storage,0.9583333333333333,0
2019-08-22,20,Gas,0.5416666666666666,943
2019-08-22,20,Pumped Storage,0.45833333333333337,0
2019-08-22,21,Demand Response,0.16666666666666666,0
2019-08-22,21,Gas,0.25,860
2019-08-22,21,Pumped Storage,0.5833333333333334,0
2019-08-22,22,Gas,0.3333333333333333,1221
2019-08-22,22,Other,0.16666666666666666,3962
2019-08-22,22,Pumped Storage,0.5,0
2019-08-22,23,Gas,0.45833333333333337,913
2019-08-22,23,Pumped Storage,0.5416666666666666,0
2019-08-23,0,Gas,0.833333333333333,875
2019-08-23,0,Pumped Storage Demand,0.16666666666666663,0
2019-08-23,1,Gas,0.5833333333333333,841
2019-08-23,1,Pumped Storage Demand,0.41666666666666663,0
2019-08-23,2,Gas,0.75,821
2019-08-23,2,Other,0.25,3962
2019-08-23,3,Gas,1.0,854
2019-08-23,4,Gas,1.0,839
2019-08-23,5,Gas,1.0,864
2019-08-23,6,Gas,0.4166666666666667,780
2019-08-23,6,Pumped Storage Demand,0.5833333333333333,0
2019-08-23,7,Gas,0.9999999999999999,904
2019-08-23,8,Gas,1.0,901
2019-08-23,9,Gas,0.75,894
2019-08-23,9,Other,0.25,2044
2019-08-23,10,Gas,1.0,865
2019-08-23,11,Gas,1.0,863
2019-08-23,12,Gas,0.6666666666666667,887
2019-08-23,12,Wind,0.33333333333333337,0
2019-08-23,13,Gas,1.0,866
2019-08-23,14,Gas,1.0,881
2019-08-23,15,Gas,1.0,858
2019-08-23,16,Gas,0.9999999999999999,870
2019-08-23,17,Gas,1.0,852
2019-08-23,18,Gas,1.0,866
2019-08-23,19,Gas,1.0000000000000002,869
2019-08-23,20,Gas,1.0000000000000002,873
2019-08-23,21,Gas,1.0,895
2019-08-23,22,Gas,0.9999999999999998,924
2019-08-23,23,Gas,0.8333333333333333,862
2019-08-23,23,Wind,0.16666666666666666,0
2019-08-24,0,Gas,0.9166666666666669,839
2019-08-24,0,Other,0.08333333333333334,2048
2019-08-24,1,Gas,0.6666666666666665,834
2019-08-24,1,Hydro,0.2604166666666666,0
2019-08-24,1,Other,0.010416666666666664,4679
2019-08-24,1,Wind,0.06249999999999999,0
2019-08-24,2,Gas,0.6666666666666666,806
2019-08-24,2,Pumped Storage Demand,0.25,0
2019-08-24,2,Wind,0.08333333333333333,0
2019-08-24,3,Gas,0.16666666666666669,806
2019-08-24,3,Pumped Storage Demand,0.8333333333333333,0
2019-08-24,4,Pumped Storage Demand,1.0,0
2019-08-24,5,Pumped Storage Demand,1.0,0
2019-08-24,6,Gas,0.75,806
2019-08-24,6,Other,0.16666666666666669,2048
2019-08-24,6,Pumped Storage Demand,0.08333333333333334,0
2019-08-24,7,Gas,1.0,828
2019-08-24,8,Gas,1.0,937
2019-08-24,9,Gas,1.0,896
2019-08-24,10,Gas,1.0,965
2019-08-24,11,Gas,1.0,908
2019-08-24,12,Gas,0.49999999999999983,815
2019-08-24,12,Hydro,0.1666666666666666,0
2019-08-24,12,Other,0.09999999999999996,3627
2019-08-24,12,Wind,0.2333333333333332,0
2019-08-24,13,Gas,1.0,846
2019-08-24,14,Gas,1.0,927
2019-08-24,15,Gas,1.0,879
2019-08-24,16,Gas,0.9999999999999999,917
2019-08-24,17,Gas,1.0,840
2019-08-24,18,Gas,0.9166666666666667,853
2019-08-24,18,Wind,0.08333333333333334,0
2019-08-24,19,Gas,1.0,847
2019-08-24,20,Gas,1.0,854
2019-08-24,21,Gas,1.0,873
2019-08-24,22,Gas,0.9999999999999999,911
2019-08-24,23,Gas,1.0,816
2019-08-25,0,Gas,0.9999999999999999,833
2019-08-25,1,Gas,1.0,811
2019-08-25,2,Gas,1.0,819
2019-08-25,3,Gas,1.0,868
2019-08-25,4,Gas,0.25,854
2019-08-25,4,Pumped Storage Demand,0.75,0
2019-08-25,5,Gas,1.0,928
2019-08-25,6,Gas,1.0,820
2019-08-25,7,Gas,1.0,806
2019-08-25,8,Gas,1.0,809
2019-08-25,9,Gas,1.0,837
2019-08-25,10,Gas,1.0,855
2019-08-25,11,Gas,1.0,841
2019-08-25,12,Gas,1.0,853
2019-08-25,13,Gas,1.0,840
2019-08-25,14,Gas,1.0,848
2019-08-25,15,Gas,0.8333333333333333,875
2019-08-25,15,Pumped Storage Demand,0.16666666666666666,0
2019-08-25,16,Gas,0.6666666666666666,820
2019-08-25,16,Pumped Storage,0.25,0
2019-08-25,16,Pumped Storage Demand,0.08333333333333333,0
2019-08-25,17,Gas,1.0000000000000002,857
2019-08-25,18,Gas,1.0,852
2019-08-25,19,Gas,1.0,850
2019-08-25,20,Gas,1.0,859
2019-08-25,21,Gas,1.0,915
2019-08-25,22,Gas,0.9999999999999999,849
2019-08-25,23,Gas,1.0,853
2019-08-26,0,Gas,1.0,849
2019-08-26,1,Gas,1.0,967
2019-08-26,2,Gas,0.3333333333333333,993
2019-08-26,2,Pumped Storage Demand,0.6666666666666667,0
2019-08-26,3,Pumped Storage Demand,1.0,0
2019-08-26,4,Gas,0.08333333333333333,993
2019-08-26,4,Pumped Storage Demand,0.9166666666666666,0
2019-08-26,5,Gas,0.16666666666666666,993
2019-08-26,5,Pumped Storage Demand,0.8333333333333334,0
2019-08-26,6,Gas,1.0,872
2019-08-26,7,Gas,1.0,954
2019-08-26,8,Gas,0.6666666666666665,912
2019-08-26,8,Pumped Storage Demand,0.33333333333333326,0
2019-08-26,9,Gas,0.5833333333333333,884
2019-08-26,9,Pumped Storage Demand,0.41666666666666663,0
2019-08-26,10,Gas,0.9166666666666669,974
2019-08-26,10,Pumped Storage Demand,0.08333333333333334,0
2019-08-26,11,Gas,1.0,899
2019-08-26,12,Gas,1.0,883
2019-08-26,13,Gas,1.0,899
2019-08-26,14,Gas,1.0,896
2019-08-26,15,Gas,1.0,932
2019-08-26,16,Gas,1.0000000000000002,944
2019-08-26,17,Gas,1.0,942
2019-08-26,18,Gas,0.5,856
2019-08-26,18,Pumped Storage,0.5000000000000001,0
2019-08-26,19,Gas,1.0,863
2019-08-26,20,Gas,0.9999999999999999,1105
2019-08-26,21,Gas,0.9999999999999998,947
2019-08-26,22,Gas,1.0,880
2019-08-26,23,Gas,0.9999999999999999,827
2019-08-27,0,Gas,0.6666666666666666,836
2019-08-27,0,Hydro,0.08333333333333333,0
2019-08-27,0,Pumped Storage Demand,0.25,0
2019-08-27,1,Hydro,1.0,0
2019-08-27,2,Gas,0.9166666666666667,908
2019-08-27,2,Hydro,0.08333333333333333,0
2019-08-27,3,Gas,1.0,993
2019-08-27,4,Gas,0.6666666666666667,970
2019-08-27,4,Hydro,0.3333333333333333,0
2019-08-27,5,Gas,0.75,877
2019-08-27,5,Pumped Storage Demand,0.25,0
2019-08-27,6,Gas,1.0,924
2019-08-27,7,Gas,1.0,844
2019-08-27,8,Gas,1.0,871
2019-08-27,9,Gas,0.9999999999999999,859
2019-08-27,10,Gas,1.0,875
2019-08-27,11,Gas,1.0000000000000002,908
2019-08-27,12,Gas,1.0,909
2019-08-27,13,Gas,1.0,862
2019-08-27,14,Gas,1.0,1021
2019-08-27,15,Gas,0.9999999999999999,1085
2019-08-27,16,Gas,0.8333333333333335,1001
2019-08-27,16,Pumped Storage,0.16666666666666669,0
2019-08-27,17,Gas,0.75,1084
2019-08-27,17,Pumped Storage,0.25,0
2019-08-27,18,Gas,1.0,1047
2019-08-27,19,Gas,1.0,1230
2019-08-27,20,Gas,1.0,969
2019-08-27,21,Gas,1.0,869
2019-08-27,22,Gas,1.0,837
2019-08-27,23,Gas,0.9158001037804817,868
2019-08-27,23,Hydro,0.0009903575842114308,0
2019-08-27,23,Wind,0.0832095386353069,0
2019-08-28,0,Gas,0.1666666666666667,993
2019-08-28,0,Hydro,0.0001194949677421092,0
2019-08-28,0,Pumped Storage Demand,0.6666666666666669,0
2019-08-28,0,Wind,0.1665471716989246,0
2019-08-28,1,Gas,0.8333333333333334,900
2019-08-28,1,Pumped Storage Demand,0.16666666666666669,0
2019-08-28,2,Gas,0.9998518026261606,837
2019-08-28,2,Hydro,0.00014819737383938892,0
2019-08-28,3,Gas,0.6666666666666666,993
2019-08-28,3,Hydro,0.2222222222222222,0
2019-08-28,3,Import,0.1111111111111111,0
2019-08-28,4,Gas,1.0,822
2019-08-28,5,Gas,1.0,842
2019-08-28,6,Gas,0.7499999999999998,976
2019-08-28,6,Pumped Storage Demand,0.24999999999999994,0
2019-08-28,7,Gas,1.0,956
2019-08-28,8,Gas,1.0,1153
2019-08-28,9,Gas,1.0,937
2019-08-28,10,Gas,1.0,897
2019-08-28,11,Gas,1.0,912
2019-08-28,12,Gas,1.0,868
2019-08-28,13,Gas,1.0,879
2019-08-28,14,Gas,0.638888888888889,897
2019-08-28,14,Other,0.027777777777777776,2044
2019-08-28,14,Pumped Storage,0.3333333333333333,0
2019-08-28,15,Gas,0.8333333333333334,886
2019-08-28,15,Pumped Storage,0.16666666666666669,0
2019-08-28,16,Gas,0.6250000000000001,1014
2019-08-28,16,Other,0.25000000000000006,2044
2019-08-28,16,Pumped Storage,0.12500000000000003,0
2019-08-28,17,Gas,0.8055555555555556,910
2019-08-28,17,Pumped Storage,0.19444444444444442,0
2019-08-28,18,Gas,0.9999999999999999,951
2019-08-28,19,Gas,0.9999999999999998,872
2019-08-28,20,Gas,1.0,1063
2019-08-28,21,Gas,1.0,902
2019-08-28,22,Gas,1.0,915
2019-08-28,23,Gas,1.0,874
2019-08-29,0,Gas,1.0,915
2019-08-29,1,Gas,0.9999999999999998,924
2019-08-29,2,Gas,1.0,943
2019-08-29,3,Gas,1.0,955
2019-08-29,4,Gas,1.0,860
2019-08-29,5,Gas,1.0,878
2019-08-29,6,Gas,0.8333333333333335,905
2019-08-29,6,Pumped Storage Demand,0.16666666666666669,0
2019-08-29,7,Gas,1.0,894
2019-08-29,8,Gas,0.6666666666666667,934
2019-08-29,8,Pumped Storage,0.33333333333333337,0
2019-08-29,9,Gas,0.8333333333333336,916
2019-08-29,9,Pumped Storage,0.1666666666666667,0
2019-08-29,10,Gas,0.9166666666666665,905
2019-08-29,10,Pumped Storage,0.08333333333333331,0
2019-08-29,11,Demand Response,0.16666666666666669,0
2019-08-29,11,Gas,0.8333333333333335,855
2019-08-29,12,Gas,1.0,864
2019-08-29,13,Gas,1.0,902
2019-08-29,14,Gas,1.0000000000000002,857
2019-08-29,15,Gas,0.9999999999999999,930
2019-08-29,16,Gas,0.41666666666666674,1232
2019-08-29,16,Pumped Storage,0.5833333333333334,0
2019-08-29,17,Gas,0.5416666666666666,1131
2019-08-29,17,Pumped Storage,0.4583333333333333,0
2019-08-29,18,Gas,0.25000000000000006,1223
2019-08-29,18,Pumped Storage,0.7500000000000001,0
2019-08-29,19,Gas,0.11111111111111115,892
2019-08-29,19,Pumped Storage,0.8888888888888891,0
2019-08-29,20,Pumped Storage,1.0,0
2019-08-29,21,Gas,0.9166666666666665,905
2019-08-29,21,Pumped Storage,0.08333333333333333,0
2019-08-29,22,Gas,1.0,890
2019-08-29,23,Gas,1.0,998
2019-08-30,0,Gas,0.5,904
2019-08-30,0,Pumped Storage Demand,0.5,0
2019-08-30,1,Gas,0.33333333333333337,984
2019-08-30,1,Pumped Storage Demand,0.6666666666666666,0
2019-08-30,2,Gas,0.9166666666666667,908
2019-08-30,2,Pumped Storage Demand,0.08333333333333334,0
2019-08-30,3,Gas,1.0,822
2019-08-30,4,Gas,0.25,865
2019-08-30,4,Pumped Storage Demand,0.7500000000000001,0
2019-08-30,5,Gas,0.9166666666666666,919
2019-08-30,5,Pumped Storage Demand,0.08333333333333334,0
2019-08-30,6,Gas,1.0,908
2019-08-30,7,Gas,1.0,888
2019-08-30,8,Gas,1.0,889
2019-08-30,9,Gas,1.0000000000000002,889
2019-08-30,10,Gas,0.6666666666666667,970
2019-08-30,10,Pumped Storage Demand,0.33333333333333337,0
2019-08-30,11,Gas,0.9999999999999999,961
2019-08-30,12,Gas,1.0,987
2019-08-30,13,Gas,0.9999999999999999,892
2019-08-30,14,Gas,0.9999999999999999,892
2019-08-30,15,Gas,0.9999999999999999,952
2019-08-30,16,Gas,0.9999999999999999,955
2019-08-30,17,Gas,1.0,933
2019-08-30,18,Gas,1.0,928
2019-08-30,19,Gas,1.0,949
2019-08-30,20,Gas,1.0000000000000002,1008
2019-08-30,21,Gas,0.8333333333333331,891
2019-08-30,21,Hydro,0.08333333333333331,0
2019-08-30,21,Pumped Storage,0.08333333333333331,0
2019-08-30,22,Gas,0.9999999999999999,868
2019-08-30,23,Gas,0.8750000000000001,845
2019-08-30,23,Hydro,0.125,0
2019-08-31,0,Gas,0.7500000000000001,890
2019-08-31,0,Other,0.08333333333333334,2044
2019-08-31,0,Pumped Storage,0.16666666666666669,0
2019-08-31,1,Gas,1.0,919
2019-08-31,2,Gas,0.9999999999999999,915
2019-08-31,3,Gas,1.0,853
2019-08-31,4,Gas,1.0,864
2019-08-31,5,Gas,1.0,844
2019-08-31,6,Gas,1.0,871
2019-08-31,7,Gas,1.0,854
2019-08-31,8,Gas,0.8333333333333335,858
2019-08-31,8,Pumped Storage,0.16666666666666669,0
2019-08-31,9,Gas,0.125,842
2019-08-31,9,Pumped Storage,0.8750000000000001,0
2019-08-31,10,Gas,0.5555555555555556,852
2019-08-31,10,Pumped Storage,0.4444444444444445,0
2019-08-31,11,Gas,1.0,900
2019-08-31,12,Gas,0.25,848
2019-08-31,12,Pumped Storage,0.75,0
2019-08-31,13,Gas,0.9583333333333334,970
2019-08-31,13,Pumped Storage,0.04166666666666667,0
2019-08-31,14,Gas,1.0,995
2019-08-31,15,Gas,0.7083333333333333,859
2019-08-31,15,Pumped Storage,0.29166666666666663,0
2019-08-31,16,Gas,0.75,1088
2019-08-31,16,Pumped Storage,0.25000000000000006,0
2019-08-31,17,Gas,0.49999999999999994,1224
2019-08-31,17,Pumped Storage,0.5,0
2019-08-31,18,Gas,0.3333333333333333,1062
2019-08-31,18,Pumped Storage,0.6666666666666667,0
2019-08-31,19,Pumped Storage,1.0,0
2019-08-31,20,Gas,0.4305555555555556,858
2019-08-31,20,Hydro,0.16666666666666669,0
2019-08-31,20,Other,0.0625,2044
2019-08-31,20,Pumped Storage,0.3402777777777778,0
2019-08-31,21,Gas,0.5833333333333333,1032
2019-08-31,21,Hydro,0.25,0
2019-08-31,21,Pumped Storage,0.16666666666666666,0
2019-08-31,22,Gas,0.9999999999999999,838
2019-08-31,23,Gas,1.0,961
2019-09-01,0,Gas,0.8333333333333334,853
2019-09-01,0,Pumped Storage Demand,0.16666666666666666,0
2019-09-01,1,Gas,0.41666666666666663,833
2019-09-01,1,Pumped Storage Demand,0.5833333333333334,0
2019-09-01,2,Gas,0.5833333333333334,848
2019-09-01,2,Pumped Storage Demand,0.4166666666666667,0
2019-09-01,3,Gas,0.5,820
2019-09-01,3,Pumped Storage Demand,0.5,0
2019-09-01,4,Pumped Storage Demand,1.0,0
2019-09-01,5,Pumped Storage Demand,1.0,0
2019-09-01,6,Pumped Storage Demand,1.0,0
2019-09-01,7,Gas,0.16666666666666666,930
2019-09-01,7,Pumped Storage Demand,0.8333333333333334,0
2019-09-01,8,Gas,0.25,861
2019-09-01,8,Pumped Storage Demand,0.75,0
2019-09-01,9,Gas,0.25,845
2019-09-01,9,Pumped Storage Demand,0.75,0
2019-09-01,10,Gas,1.0,810
2019-09-01,11,Gas,0.9166666666666667,823
2019-09-01,11,Pumped Storage Demand,0.08333333333333333,0
2019-09-01,12,Gas,1.0,856
2019-09-01,13,Gas,0.9999999999999999,857
2019-09-01,14,Gas,1.0,850
2019-09-01,15,Gas,1.0,843
2019-09-01,16,Gas,1.0,855
2019-09-01,17,Gas,0.9999999999999998,893
2019-09-01,18,Gas,0.9999999999999999,853
2019-09-01,19,Gas,0.75,1124
2019-09-01,19,Other,0.25,2044
2019-09-01,20,Gas,0.9166666666666667,857
2019-09-01,20,Other,0.08333333333333334,2044
2019-09-01,21,Gas,1.0,835
2019-09-01,22,Gas,1.0,836
2019-09-01,23,Gas,1.0,848
2019-09-02,0,Gas,1.0,962
2019-09-02,1,Gas,0.25,806
2019-09-02,1,Pumped Storage Demand,0.7500000000000001,0
2019-09-02,2,Gas,1.0,806
2019-09-02,3,Gas,0.5833333333333334,833
2019-09-02,3,Wind,0.4166666666666667,0
2019-09-02,4,Gas,0.16666666666666666,806
2019-09-02,4,Pumped Storage Demand,0.8333333333333334,0
2019-09-02,5,Gas,0.6666666666666666,840
2019-09-02,5,Pumped Storage Demand,0.3333333333333333,0
2019-09-02,6,Gas,1.0,832
2019-09-02,7,Gas,0.5833333333333335,815
2019-09-02,7,Wind,0.41666666666666696,0
2019-09-02,8,Gas,0.6666666666666666,824
2019-09-02,8,Pumped Storage Demand,0.3333333333333333,0
2019-09-02,9,Gas,0.8333333333333334,859
2019-09-02,9,Pumped Storage Demand,0.16666666666666669,0
2019-09-02,10,Gas,1.0,846
2019-09-02,11,Gas,1.0,871
2019-09-02,12,Gas,0.9999999999999999,838
2019-09-02,13,Gas,1.0000000000000002,955
2019-09-02,14,Gas,1.0,871
2019-09-02,15,Gas,0.9999999999999999,968
2019-09-02,16,Gas,1.0,934
2019-09-02,17,Gas,1.0,942
2019-09-02,18,Gas,0.8333333333333334,943
2019-09-02,18,Other,0.16666666666666669,2044
2019-09-02,19,Gas,0.8333333333333333,935
2019-09-02,19,Pumped Storage,0.16666666666666666,0
2019-09-02,20,Gas,0.8333333333333334,960
2019-09-02,20,Pumped Storage,0.16666666666666669,0
2019-09-02,21,Gas,0.8333333333333333,882
2019-09-02,21,Pumped Storage,0.16666666666666666,0
2019-09-02,22,Gas,0.9999999999999999,867
2019-09-02,23,Gas,0.9999999999999999,930
2019-09-03,0,Gas,1.0,836
2019-09-03,1,Gas,0.3333333333333333,820
2019-09-03,1,Pumped Storage Demand,0.6666666666666667,0
2019-09-03,2,Gas,0.9999999999999999,959
2019-09-03,3,Gas,1.0,872
2019-09-03,4,Gas,1.0000000000000002,869
2019-09-03,5,Gas,0.9999999999999999,962
2019-09-03,6,Gas,0.6666666666666667,889
2019-09-03,6,Other,0.16666666666666669,2048
2019-09-03,6,Pumped Storage Demand,0.16666666666666669,0
2019-09-03,7,Gas,0.8333333333333334,932
2019-09-03,7,Other,0.16666666666666666,2048
2019-09-03,8,Gas,0.8333333333333333,870
2019-09-03,8,Pumped Storage,0.16666666666666666,0
2019-09-03,9,Gas,0.75,866
2019-09-03,9,Pumped Storage,0.25,0
2019-09-03,10,Gas,0.9999999999999999,895
2019-09-03,11,Gas,1.0,863
2019-09-03,12,Gas,0.9999999999999998,852
2019-09-03,13,Gas,1.0,825
2019-09-03,14,Gas,0.25,878
2019-09-03,14,Pumped Storage,0.75,0
2019-09-03,15,Gas,0.08333333333333333,882
2019-09-03,15,Pumped Storage,0.9166666666666667,0
2019-09-03,16,Gas,0.08333333333333333,851
2019-09-03,16,Pumped Storage,0.9166666666666666,0
2019-09-03,17,Gas,0.41666666666666663,897
2019-09-03,17,Pumped Storage,0.5833333333333333,0
2019-09-03,18,Gas,0.45833333333333337,794
2019-09-03,18,Pumped Storage,0.5416666666666667,0
2019-09-03,19,Gas,0.8333333333333335,810
2019-09-03,19,Pumped Storage,0.16666666666666669,0
2019-09-03,20,Gas,0.75,844
2019-09-03,20,Other,0.16666666666666669,2048
2019-09-03,20,Pumped Storage,0.08333333333333334,0
2019-09-03,21,Gas,0.9166666666666667,929
2019-09-03,21,Other,0.08333333333333334,2048
2019-09-03,22,Gas,1.0,944
2019-09-03,23,Gas,1.0,1066
2019-09-04,0,Gas,0.9984613031685986,983
2019-09-04,0,Wind,0.0015386968314013837,0
2019-09-04,1,Gas,0.8306711224638785,880
2019-09-04,1,Pumped Storage Demand,0.1661342244927757,0
2019-09-04,1,Wind,0.003194653043345685,0
2019-09-04,2,Gas,0.5824684406852262,966
2019-09-04,2,Wind,0.41753155931477376,0
2019-09-04,3,Gas,0.16666666666666666,993
2019-09-04,3,Hydro,0.3333333333333333,0
2019-09-04,3,Wind,0.5,0
2019-09-04,4,Gas,0.7500000000000001,868
2019-09-04,4,Wind,0.25,0
2019-09-04,5,Gas,0.9966307707474504,958
2019-09-04,5,Wind,0.0033692292525496783,0
2019-09-04,6,Gas,0.9569558469787153,862
2019-09-04,6,Other,0.04159766362025028,2048
2019-09-04,6,Wind,0.0014464894010346946,0
2019-09-04,7,Gas,0.9971636755399548,847
2019-09-04,7,Wind,0.0028363244600454374,0
2019-09-04,8,Gas,0.9990587969439311,857
2019-09-04,8,Hydro,0.00015686717601148554,0
2019-09-04,8,Wind,0.0007843358800574277,0
2019-09-04,9,Gas,0.997398378547883,907
2019-09-04,9,Hydro,0.0008141191327510676,0
2019-09-04,9,Wind,0.0017875023193659105,0
2019-09-04,10,Gas,0.9991096470969605,941
2019-09-04,10,Hydro,0.0008161568277863582,0
2019-09-04,10,Wind,7.419607525330527e-05,0
2019-09-04,11,Gas,0.9990244123462519,860
2019-09-04,11,Hydro,0.0003251958845826693,0
2019-09-04,11,Wind,0.0006503917691653386,0
2019-09-04,12,Gas,0.9979582756978673,869
2019-09-04,12,Wind,0.0020417243021326227,0
2019-09-04,13,Gas,0.9991376668830302,867
2019-09-04,13,Wind,0.0008623331169698188,0
2019-09-04,14,Gas,0.9991873719809135,879
2019-09-04,14,Wind,0.0008126280190865187,0
2019-09-04,15,Gas,0.9159142471612504,868
2019-09-04,15,Pumped Storage,0.08326493156011366,0
2019-09-04,15,Wind,0.000820821278635989,0
2019-09-04,16,Demand Response,0.08326705166097187,0
2019-09-04,16,Gas,0.4996023099658312,891
2019-09-04,16,Pumped Storage,0.41633525830485935,0
2019-09-04,16,Wind,0.0007953800683374202,0
2019-09-04,17,Hydro,6.71160476122839e-05,0
2019-09-04,17,Pumped Storage,0.9966650734715047,0
2019-09-04,17,Wind,0.0032678104808830676,0
2019-09-04,18,Gas,0.3328268813869309,927
2019-09-04,18,Pumped Storage,0.6642401777219787,0
2019-09-04,18,Wind,0.0029329408910904117,0
2019-09-04,19,Gas,0.4981795455949286,891
2019-09-04,19,Pumped Storage,0.49817954559492855,0
2019-09-04,19,Wind,0.0036409088101425837,0
2019-09-04,20,Gas,0.9133235758913063,880
2019-09-04,20,Hydro,0.0002749619768126044,0
2019-09-04,20,Pumped Storage,0.08302941599011876,0
2019-09-04,20,Wind,0.003372046141762307,0
2019-09-04,21,Gas,0.4983475547655101,859
2019-09-04,21,Hydro,0.0005009570804691615,0
2019-09-04,21,Other,0.4983725432879962,2048
2019-09-04,21,Wind,0.0027789448660244884,0
2019-09-04,22,Gas,0.9964298914833126,928
2019-09-04,22,Other,0.00012917271788823732,3240
2019-09-04,22,Wind,0.003440935798799233,0
2019-09-04,23,Gas,0.9972359455027396,957
2019-09-04,23,Wind,0.0027640544972602757,0
2019-09-05,0,Gas,0.5798996687262341,842
2019-09-05,0,Pumped Storage Demand,0.4117340112759755,0
2019-09-05,0,Wind,0.008366319997790193,0
2019-09-05,1,Gas,0.4938730644324219,836
2019-09-05,1,Hydro,0.002042311855859361,0
2019-09-05,1,Pumped Storage Demand,0.49387306443242196,0
2019-09-05,1,Wind,0.010211559279296806,0
2019-09-05,2,Gas,0.9980418073013042,856
2019-09-05,2,Hydro,0.0009176467876733229,0
2019-09-05,2,Wind,0.0010405459110224284,0
2019-09-05,3,Gas,0.9993343737156379,998
2019-09-05,3,Hydro,0.0006656262843621002,0
2019-09-05,4,Gas,0.5831955261453993,806
2019-09-05,4,Hydro,0.0002756143758681283,0
2019-09-05,4,Pumped Storage Demand,0.41652885947873264,0
2019-09-05,5,Gas,0.75,836
2019-09-05,5,Pumped Storage Demand,0.25,0
2019-09-05,6,Gas,0.9999999999999999,871
2019-09-05,7,Gas,0.9999999999999999,848
2019-09-05,8,Gas,1.0,897
2019-09-05,9,Gas,1.0,871
2019-09-05,10,Gas,1.0,853
2019-09-05,11,Gas,1.0,881
2019-09-05,12,Gas,0.9166666666666666,877
2019-09-05,12,Other,0.08333333333333334,2048
2019-09-05,13,Gas,0.9583333333333333,878
2019-09-05,13,Other,0.041666666666666664,2048
2019-09-05,14,Gas,1.0,878
2019-09-05,15,Gas,1.0,885
2019-09-05,16,Gas,0.9999999999999998,878
2019-09-05,17,Gas,0.9999999999999999,847
2019-09-05,18,Gas,1.0,894
2019-09-05,19,Demand Response,0.0833333333333333,0
2019-09-05,19,Gas,0.9166666666666665,884
2019-09-05,20,Gas,1.0,882
2019-09-05,21,Gas,1.0,886
2019-09-05,22,Gas,0.875,873
2019-09-05,22,Other,0.12499999999999997,2048
2019-09-05,23,Gas,0.41666666666666674,834
2019-09-05,23,Pumped Storage Demand,0.5833333333333334,0
2019-09-06,0,Gas,1.0,854
2019-09-06,1,Gas,0.8333333333333333,918
2019-09-06,1,Pumped Storage Demand,0.16666666666666666,0
2019-09-06,2,Gas,0.6666666666666666,822
2019-09-06,2,Pumped Storage Demand,0.3333333333333333,0
2019-09-06,3,Gas,1.0,818
2019-09-06,4,Gas,0.75,815
2019-09-06,4,Pumped Storage Demand,0.25000000000000006,0
2019-09-06,5,Gas,0.5833333333333333,825
2019-09-06,5,Pumped Storage Demand,0.4166666666666667,0
2019-09-06,6,Gas,0.8333333333333334,808
2019-09-06,6,Pumped Storage Demand,0.16666666666666666,0
2019-09-06,7,Gas,1.0,819
2019-09-06,8,Gas,1.0,838
2019-09-06,9,Gas,0.75,845
2019-09-06,9,Pumped Storage,0.25,0
2019-09-06,10,Gas,0.41666666666666663,875
2019-09-06,10,Pumped Storage,0.5833333333333334,0
2019-09-06,11,Gas,0.8333333333333334,874
2019-09-06,11,Other,0.16666666666666669,2044
2019-09-06,12,Gas,0.9166666666666667,874
2019-09-06,12,Other,0.08333333333333334,2044
2019-09-06,13,Gas,0.9999999999999999,867
2019-09-06,14,Gas,1.0,859
2019-09-06,15,Gas,1.0,831
2019-09-06,16,Gas,0.3333333333333333,843
2019-09-06,16,Pumped Storage,0.6666666666666666,0
2019-09-06,17,Gas,1.0,852
2019-09-06,18,Gas,1.0,869
2019-09-06,19,Gas,1.0,864
2019-09-06,20,Gas,0.9999999999999999,872
2019-09-06,21,Gas,1.0,862
2019-09-06,22,Gas,0.8333333333333333,881
2019-09-06,22,Pumped Storage Demand,0.16666666666666666,0
2019-09-06,23,Gas,0.4333333333333334,1002
2019-09-06,23,Hydro,0.175,0
2019-09-06,23,Pumped Storage Demand,0.3333333333333333,0
2019-09-06,23,Wind,0.058333333333333334,0
2019-09-07,0,Gas,0.4333333333333331,930
2019-09-07,0,Hydro,0.00833333333333333,0
2019-09-07,0,Pumped Storage Demand,0.4999999999999999,0
2019-09-07,0,Wind,0.05833333333333332,0
2019-09-07,1,Gas,0.49999999999999994,962
2019-09-07,1,Pumped Storage Demand,0.5,0
2019-09-07,2,Gas,0.8333333333333333,993
2019-09-07,2,Pumped Storage Demand,0.16666666666666669,0
2019-09-07,3,Gas,0.5,993
2019-09-07,3,Pumped Storage Demand,0.5,0
2019-09-07,4,Gas,0.5833333333333333,928
2019-09-07,4,Pumped Storage Demand,0.41666666666666663,0
2019-09-07,5,Pumped Storage Demand,1.0,0
2019-09-07,6,Gas,0.6666666666666666,900
2019-09-07,6,Pumped Storage Demand,0.3333333333333333,0
2019-09-07,7,Gas,1.0,841
2019-09-07,8,Gas,0.9166666666666667,852
2019-09-07,8,Hydro,0.08333333333333334,0
2019-09-07,9,Gas,1.0,829
2019-09-07,10,Gas,1.0,856
2019-09-07,11,Gas,0.33333333333333337,866
2019-09-07,11,Pumped Storage,0.6666666666666667,0
2019-09-07,12,Gas,0.9999999999999998,922
2019-09-07,13,Gas,0.9996664236576136,871
2019-09-07,13,Hydro,0.000333576342386478,0
2019-09-07,14,Gas,0.9979008742725562,913
2019-09-07,14,Wind,0.002099125727443788,0
2019-09-07,15,Gas,0.9980346393611399,806
2019-09-07,15,Hydro,0.001474020479145075,0
2019-09-07,15,Wind,0.0004913401597150249,0
2019-09-07,16,Gas,0.999827131727151,841
2019-09-07,16,Hydro,0.00017286827284909,0
2019-09-07,17,Gas,0.9166666666666667,836
2019-09-07,17,Pumped Storage,0.08333333333333334,0
2019-09-07,18,Gas,0.5833333333333334,876
2019-09-07,18,Other,0.08333333333333334,2048
2019-09-07,18,Pumped Storage,0.32836966171933685,0
2019-09-07,18,Wind,0.0049636716139964294,0
2019-09-07,19,Gas,0.41666666666666674,814
2019-09-07,19,Pumped Storage,0.5821253175095683,0
2019-09-07,19,Wind,0.0012080158237650167,0
2019-09-07,20,Gas,0.5833333333333334,814
2019-09-07,20,Pumped Storage,0.41666666666666663,0
2019-09-07,21,Gas,0.75,837
2019-09-07,21,Pumped Storage,0.25,0
2019-09-07,22,Gas,0.9999999999999999,887
2019-09-07,23,Gas,1.0,865
2019-09-08,0,Gas,0.5768121543685156,993
2019-09-08,0,Hydro,0.0021737263216058964,0
2019-09-08,0,Pumped Storage Demand,0.411232350862652,0
2019-09-08,0,Wind,0.009781768447226535,0
2019-09-08,1,Gas,0.4110245869611024,806
2019-09-08,1,Hydro,0.0022568318822256987,0
2019-09-08,1,Pumped Storage Demand,0.5754344217455434,0
2019-09-08,1,Wind,0.011284159411128494,0
2019-09-08,2,Gas,0.08222676048420743,806
2019-09-08,2,Pumped Storage Demand,0.9166666666666667,0
2019-09-08,2,Wind,0.0011065728491259379,0
2019-09-08,3,Gas,0.9166666666666666,942
2019-09-08,3,Pumped Storage Demand,0.08333333333333333,0
2019-09-08,4,Gas,1.0,837
2019-09-08,5,Gas,1.0,837
2019-09-08,6,Gas,1.0,907
2019-09-08,7,Gas,0.75,856
2019-09-08,7,Pumped Storage Demand,0.25,0
2019-09-08,8,Gas,0.6666666666666667,829
2019-09-08,8,Pumped Storage Demand,0.3333333333333333,0
2019-09-08,9,Gas,1.0,861
2019-09-08,10,Gas,0.9999999999999999,814
2019-09-08,11,Gas,1.0,833
2019-09-08,12,Gas,1.0,817
2019-09-08,13,Gas,1.0,878
2019-09-08,14,Gas,1.0,822
2019-09-08,15,Gas,0.5833333333333334,930
2019-09-08,15,Pumped Storage,0.41666666666666674,0
2019-09-08,16,Gas,0.25,1412
2019-09-08,16,Pumped Storage,0.75,0
2019-09-08,17,Gas,0.04166666666666667,851
2019-09-08,17,Pumped Storage,0.9583333333333334,0
2019-09-08,18,Gas,0.33333333333333337,1223
2019-09-08,18,Pumped Storage,0.6666666666666667,0
2019-09-08,19,Gas,0.8333333333333333,1153
2019-09-08,19,Pumped Storage,0.16666666666666666,0
2019-09-08,20,Gas,0.33333333333333337,1143
2019-09-08,20,Other,0.16666666666666669,2044
2019-09-08,20,Pumped Storage,0.4999999999999999,0
2019-09-08,21,Gas,0.6666666666666666,889
2019-09-08,21,Other,0.25,2044
2019-09-08,21,Pumped Storage,0.08333333333333333,0
2019-09-08,22,Gas,0.20833333333333331,833
2019-09-08,22,Hydro,0.125,0
2019-09-08,22,Pumped Storage,0.6666666666666666,0
2019-09-08,23,Gas,0.6666666666666667,904
2019-09-08,23,Pumped Storage,0.16666666666666669,0
2019-09-08,23,Pumped Storage Demand,0.16666666666666669,0
2019-09-09,0,Gas,0.8333333333333335,929
2019-09-09,0,Pumped Storage Demand,0.16666666666666669,0
2019-09-09,1,Gas,0.9999999999999999,878
2019-09-09,2,Gas,1.0,851
2019-09-09,3,Gas,1.0,852
2019-09-09,4,Gas,0.5,854
2019-09-09,4,Pumped Storage Demand,0.5,0
2019-09-09,5,Gas,1.0,853
2019-09-09,6,Gas,0.9166666666666666,861
2019-09-09,6,Pumped Storage,0.08333333333333333,0
2019-09-09,7,Gas,0.3750000000000001,865
2019-09-09,7,Pumped Storage,0.625,0
2019-09-09,8,Gas,1.0,898
2019-09-09,9,Gas,1.0,902
2019-09-09,10,Gas,1.0,835
2019-09-09,11,Gas,0.375,835
2019-09-09,11,Pumped Storage,0.625,0
2019-09-09,12,Gas,0.20833333333333331,845
2019-09-09,12,Pumped Storage,0.7916666666666667,0
2019-09-09,13,Gas,0.2916666666666667,945
2019-09-09,13,Pumped Storage,0.7083333333333335,0
2019-09-09,14,Gas,0.45833333333333337,885
2019-09-09,14,Pumped Storage,0.5416666666666665,0
2019-09-09,15,Gas,0.5416666666666667,934
2019-09-09,15,Other,0.20833333333333337,2046
2019-09-09,15,Pumped Storage,0.25000000000000006,0
2019-09-09,16,Gas,0.4166666666666668,965
2019-09-09,16,Pumped Storage,0.5833333333333334,0
2019-09-09,17,Gas,0.75,1249
2019-09-09,17,Pumped Storage,0.25,0
2019-09-09,18,Gas,0.25,1206
2019-09-09,18,Pumped Storage,0.7499999999999999,0
2019-09-09,19,Gas,0.5,1210
2019-09-09,19,Pumped Storage,0.5,0
2019-09-09,20,Gas,0.6666666666666666,938
2019-09-09,20,Pumped Storage,0.3333333333333333,0
2019-09-09,21,Gas,0.4583333333333333,869
2019-09-09,21,Other,0.041666666666666664,2044
2019-09-09,21,Pumped Storage,0.4999999999999999,0
2019-09-09,22,Gas,0.5416666666666667,834
2019-09-09,22,Pumped Storage,0.45833333333333337,0
2019-09-09,23,Gas,0.8333333333333336,851
2019-09-09,23,Pumped Storage Demand,0.16666666666666669,0
2019-09-10,0,Gas,0.75,849
2019-09-10,0,Pumped Storage Demand,0.24999999999999997,0
2019-09-10,1,Gas,0.16666666666666666,840
2019-09-10,1,Pumped Storage Demand,0.8333333333333334,0
2019-09-10,2,Gas,1.0,850
2019-09-10,3,Gas,1.0,859
2019-09-10,4,Gas,0.6666666666666667,835
2019-09-10,4,Pumped Storage Demand,0.33333333333333337,0
2019-09-10,5,Gas,1.0,887
2019-09-10,6,Gas,0.41666666666666674,1004
2019-09-10,6,Pumped Storage,0.5833333333333334,0
2019-09-10,7,Gas,0.8333333333333334,942
2019-09-10,7,Pumped Storage,0.16666666666666666,0
2019-09-10,8,Gas,1.0,938
2019-09-10,9,Gas,1.0,960
2019-09-10,10,Gas,0.9999999999999999,973
2019-09-10,11,Gas,0.75,935
2019-09-10,11,Other,0.25,2048
2019-09-10,12,Gas,1.0,910
2019-09-10,13,Gas,0.9444444444444444,901
2019-09-10,13,Pumped Storage,0.05555555555555555,0
2019-09-10,15,Gas,0.41666666666666674,842
2019-09-10,15,Pumped Storage,0.5833333333333334,0
2019-09-10,16,Gas,0.8333333333333333,840
2019-09-10,16,Pumped Storage,0.16666666666666666,0
2019-09-10,17,Gas,0.9166666666666666,908
2019-09-10,17,Pumped Storage,0.08333333333333333,0
2019-09-10,18,Gas,0.25,877
2019-09-10,18,Pumped Storage,0.7499999999999999,0
2019-09-10,19,Gas,0.7500000000000001,911
2019-09-10,19,Pumped Storage,0.25000000000000006,0
2019-09-10,20,Gas,0.7083333333333335,918
2019-09-10,20,Pumped Storage,0.29166666666666663,0
2019-09-10,21,Gas,0.5416666666666667,929
2019-09-10,21,Hydro,0.08333333333333334,0
2019-09-10,21,Pumped Storage,0.375,0
2019-09-10,22,Gas,1.0,979
2019-09-10,23,Gas,0.8333333333333334,907
2019-09-10,23,Pumped Storage Demand,0.16666666666666669,0
2019-09-11,0,Gas,0.08333333333333333,925
2019-09-11,0,Other,0.25,2044
2019-09-11,0,Pumped Storage Demand,0.6666666666666666,0
2019-09-11,1,Gas,0.9166666666666666,852
2019-09-11,1,Pumped Storage Demand,0.08333333333333333,0
2019-09-11,2,Gas,0.9999999999999999,862
2019-09-11,3,Gas,1.0,841
2019-09-11,4,Gas,0.9166666666666667,834
2019-09-11,4,Pumped Storage Demand,0.08333333333333334,0
2019-09-11,5,Gas,0.5,848
2019-09-11,5,Pumped Storage,0.25,0
2019-09-11,5,Pumped Storage Demand,0.25,0
2019-09-11,6,Gas,0.08333333333333333,845
2019-09-11,6,Pumped Storage,0.9166666666666666,0
2019-09-11,7,Gas,0.8333333333333333,846
2019-09-11,7,Pumped Storage,0.16666666666666666,0
2019-09-11,8,Gas,1.0,1016
2019-09-11,9,Gas,0.6666666666666666,869
2019-09-11,9,Pumped Storage,0.3333333333333333,0
2019-09-11,10,Gas,0.41666666666666674,882
2019-09-11,10,Pumped Storage,0.5833333333333333,0
2019-09-11,11,Gas,1.0,892
2019-09-11,12,Gas,1.0,903
2019-09-11,13,Gas,1.0,872
2019-09-11,14,Gas,0.8750000000000001,892
2019-09-11,14,Pumped Storage,0.12499999999999996,0
2019-09-11,15,Gas,0.9722222222222223,992
2019-09-11,15,Pumped Storage,0.02777777777777776,0
2019-09-11,16,Gas,1.0000000000000002,946
2019-09-11,17,Gas,0.7083333333333335,921
2019-09-11,17,Pumped Storage,0.2916666666666667,0
2019-09-11,18,Gas,0.6666666666666666,931
2019-09-11,18,Pumped Storage,0.33333333333333337,0
2019-09-11,19,Gas,0.8498210019195171,1056
2019-09-11,19,Pumped Storage,0.1501789980804829,0
2019-09-11,20,Gas,0.8333333333333333,942
2019-09-11,20,Hydro,0.16666666666666669,0
2019-09-11,21,Gas,0.75,930
2019-09-11,21,Pumped Storage,0.25,0
2019-09-11,22,Gas,1.0,1079
2019-09-11,23,Gas,1.0,889
2019-09-12,0,Gas,1.0,868
2019-09-12,1,Gas,1.0,869
2019-09-12,2,Gas,0.9999999999999999,900
2019-09-12,3,Gas,1.0,921
2019-09-12,4,Gas,1.0,876
2019-09-12,5,Gas,1.0,931
2019-09-12,6,Demand Response,0.25,0
2019-09-12,6,Gas,0.7500000000000001,1007
2019-09-12,7,Gas,1.0,909
2019-09-12,8,Gas,0.5,950
2019-09-12,8,Pumped Storage,0.5000000000000001,0
2019-09-12,9,Gas,0.5,909
2019-09-12,9,Pumped Storage,0.5000000000000001,0
2019-09-12,10,Gas,1.0,927
2019-09-12,11,Gas,0.5277777777777778,904
2019-09-12,11,Pumped Storage,0.47222222222222227,0
2019-09-12,12,Gas,0.9166666666666667,852
2019-09-12,12,Pumped Storage,0.08333333333333333,0
2019-09-12,13,Gas,1.0,870
2019-09-12,14,Gas,1.0,877
2019-09-12,15,Gas,1.0,885
2019-09-12,16,Gas,1.0,878
2019-09-12,17,Gas,1.0,905
2019-09-12,18,Gas,1.0,857
2019-09-12,19,Gas,1.0,885
2019-09-12,20,Gas,1.0,895
2019-09-12,21,Gas,1.0000000000000002,883
2019-09-12,22,Gas,1.0,856
2019-09-12,23,Gas,1.0,810
2019-09-13,0,Gas,0.8333333333333334,818
2019-09-13,0,Pumped Storage Demand,0.16666666666666666,0
2019-09-13,1,Gas,0.8333333333333335,851
2019-09-13,1,Pumped Storage Demand,0.16666666666666669,0
2019-09-13,2,Gas,0.08333333333333331,866
2019-09-13,2,Pumped Storage Demand,0.9166666666666666,0
2019-09-13,3,Pumped Storage Demand,1.0,0
2019-09-13,4,Gas,1.0,829
2019-09-13,5,Gas,0.75,836
2019-09-13,5,Pumped Storage Demand,0.25,0
2019-09-13,6,Gas,1.0,856
2019-09-13,7,Gas,0.8333333333333333,850
2019-09-13,7,Pumped Storage,0.16666666666666666,0
2019-09-13,8,Gas,0.75,851
2019-09-13,8,Pumped Storage,0.25,0
2019-09-13,9,Gas,1.0,871
2019-09-13,10,Gas,1.0,871
2019-09-13,11,Gas,1.0,907
2019-09-13,12,Gas,1.0,880
2019-09-13,13,Gas,1.0,882
2019-09-13,14,Gas,1.0,885
2019-09-13,15,Gas,0.9999999999999999,872
2019-09-13,16,Gas,1.0,880
2019-09-13,17,Gas,1.0,881
2019-09-13,18,Gas,0.7500000000000002,849
2019-09-13,18,Pumped Storage,0.25000000000000006,0
2019-09-13,19,Gas,1.0000000000000002,921
2019-09-13,20,Gas,1.0,854
2019-09-13,21,Gas,0.9980344757392061,882
2019-09-13,21,Wind,0.0019655242607938836,0
2019-09-13,22,Gas,0.996893213370422,840
2019-09-13,22,Wind,0.003106786629578007,0
2019-09-13,23,Gas,0.9966920170343206,977
2019-09-13,23,Wind,0.0033079829656793933,0
2019-09-14,0,Gas,0.9997784865656673,1061
2019-09-14,0,Wind,0.00022151343433283376,0
2019-09-14,1,Gas,0.9997581893804273,1203
2019-09-14,1,Wind,0.000241810619572821,0
2019-09-14,2,Gas,0.8333333333333334,1020
2019-09-14,2,Wind,0.16666666666666669,0
2019-09-14,3,Gas,0.5828594519092279,993
2019-09-14,3,Hydro,0.0004738814241054881,0
2019-09-14,3,Wind,0.4166666666666667,0
2019-09-14,4,Gas,0.9163493586101471,1042
2019-09-14,4,Hydro,0.0003173080565195104,0
2019-09-14,4,Wind,0.08333333333333333,0
2019-09-14,5,Gas,0.2496858307613008,1083
2019-09-14,5,Hydro,0.00031416923869917826,0
2019-09-14,5,Pumped Storage Demand,0.08310123655761527,0
2019-09-14,5,Wind,0.6668987634423847,0
2019-09-14,6,Gas,0.7476542634270609,835
2019-09-14,6,Pumped Storage Demand,0.2492180878090203,0
2019-09-14,6,Wind,0.003127648763918768,0
2019-09-14,7,Gas,0.9969159794909476,1010
2019-09-14,7,Wind,0.003084020509052575,0
2019-09-14,8,Gas,0.08308472430602362,1202
2019-09-14,8,Hydro,0.0007967830995747877,0
2019-09-14,8,Pumped Storage,0.913135184266685,0
2019-09-14,8,Wind,0.0029833083277164296,0
2019-09-14,9,Gas,0.6224456872752983,1026
2019-09-14,9,Hydro,0.00064980701359809,0
2019-09-14,9,Pumped Storage,0.37385729657333777,0
2019-09-14,9,Wind,0.003047209137765832,0
2019-09-14,10,Gas,0.6647254142633203,907
2019-09-14,10,Pumped Storage,0.3323627071316602,0
2019-09-14,10,Wind,0.0029118786050193438,0
2019-09-14,11,Gas,0.8321037100164059,847
2019-09-14,11,Pumped Storage,0.1662195309150567,0
2019-09-14,11,Wind,0.001676759068537303,0
2019-09-14,12,Gas,0.8225268999879747,854
2019-09-14,12,Hydro,0.009605718529207798,0
2019-09-14,12,Other,0.16426523703436477,2044
2019-09-14,12,Wind,0.0036021444484529244,0
2019-09-14,13,Gas,0.9857055308170037,893
2019-09-14,13,Hydro,0.005956028826248433,0
2019-09-14,13,Wind,0.008338440356747804,0
2019-09-14,14,Gas,0.9988086554193418,869
2019-09-14,14,Hydro,0.0011913445806580043,0
2019-09-14,15,Gas,0.9998416480900069,852
2019-09-14,15,Hydro,0.00015835190999319016,0
2019-09-14,16,Gas,0.7500000000000001,864
2019-09-14,16,Other,0.25000000000000006,2048
2019-09-14,17,Gas,0.4166666666666668,864
2019-09-14,17,Pumped Storage,0.5833333333333334,0
2019-09-14,18,Gas,1.0000000000000002,896
2019-09-14,19,Gas,0.9999999999999999,1126
2019-09-14,20,Gas,0.9027777777777777,1010
2019-09-14,20,Other,0.09722222222222222,2044
2019-09-14,21,Gas,0.9583333333333334,982
2019-09-14,21,Other,0.04166666666666667,2044
2019-09-14,22,Gas,0.9999999999999999,981
2019-09-14,23,Gas,0.9958254100029441,844
2019-09-14,23,Other,0.004174589997056042,4018
2019-09-15,0,Gas,1.0,843
2019-09-15,1,Gas,0.9997522281935063,850
2019-09-15,1,Wind,0.0002477718064935929,0
2019-09-15,2,Gas,0.9984774711279409,839
2019-09-15,2,Wind,0.001522528872058938,0
2019-09-15,3,Gas,1.0,845
2019-09-15,4,Gas,0.41666666666666674,848
2019-09-15,4,Pumped Storage Demand,0.5833333333333333,0
2019-09-15,5,Gas,0.5,859
2019-09-15,5,Pumped Storage Demand,0.5,0
2019-09-15,6,Gas,0.6666666666666667,856
2019-09-15,6,Pumped Storage Demand,0.3327827041057241,0
2019-09-15,6,Wind,0.0005506292276092754,0
2019-09-15,7,Gas,1.0,839
2019-09-15,8,Gas,1.0,832
2019-09-15,9,Gas,1.0,821
2019-09-15,10,Gas,1.0,828
2019-09-15,11,Gas,0.9999999999999998,836
2019-09-15,12,Gas,1.0,838
2019-09-15,13,Gas,1.0,839
2019-09-15,14,Gas,1.0,859
2019-09-15,15,Gas,1.0,889
2019-09-15,16,Gas,0.5416666666666666,1071
2019-09-15,16,Hydro,0.41666666666666663,0
2019-09-15,16,Pumped Storage,0.041666666666666664,0
2019-09-15,17,Gas,0.3333333333333333,1260
2019-09-15,17,Other,0.16666666666666666,2100
2019-09-15,17,Pumped Storage,0.5,0
2019-09-15,18,Gas,0.5833333333333334,1263
2019-09-15,18,Pumped Storage,0.4166666666666667,0
2019-09-15,19,Gas,0.6666666666666667,1071
2019-09-15,19,Pumped Storage,0.33333333333333337,0
2019-09-15,20,Demand Response,0.16666666666666669,0
2019-09-15,20,Gas,0.20833333333333334,1115
2019-09-15,20,Pumped Storage,0.6250000000000001,0
2019-09-15,21,Gas,0.25,1235
2019-09-15,21,Pumped Storage,0.75,0
2019-09-15,22,Gas,0.9995134445769556,1094
2019-09-15,22,Wind,0.0004865554230444882,0
2019-09-15,23,Gas,0.16620754547552244,850
2019-09-15,23,Pumped Storage,0.16666666666666669,0
2019-09-15,23,Pumped Storage Demand,0.6666666666666667,0
2019-09-15,23,Wind,0.00045912119114424073,0
2019-09-16,0,Gas,1.0,1110
2019-09-16,1,Gas,1.0,840
2019-09-16,2,Gas,1.0,839
2019-09-16,3,Gas,0.75,837
2019-09-16,3,Pumped Storage Demand,0.24999999999999997,0
2019-09-16,4,Gas,1.0,908
2019-09-16,5,Gas,0.7500000000000001,844
2019-09-16,5,Pumped Storage Demand,0.25,0
2019-09-16,6,Gas,0.9999999999999999,844
2019-09-16,7,Gas,0.9993451539330892,831
2019-09-16,7,Hydro,0.00021828202230359894,0
2019-09-16,7,Wind,0.0004365640446071979,0
2019-09-16,8,Gas,0.9975143284429503,861
2019-09-16,8,Other,0.0006779104246498822,3398
2019-09-16,8,Wind,0.0018077611323996858,0
2019-09-16,9,Gas,0.9990856893320844,867
2019-09-16,9,Other,0.0009143106679154995,3398
2019-09-16,10,Gas,1.0,839
2019-09-16,11,Gas,1.0,854
2019-09-16,12,Gas,1.0,860
2019-09-16,13,Gas,0.9166666666666666,851
2019-09-16,13,Pumped Storage,0.08333333333333333,0
2019-09-16,14,Gas,0.7500000000000001,882
2019-09-16,14,Pumped Storage,0.25,0
2019-09-16,15,Gas,0.49999999999999994,901
2019-09-16,15,Pumped Storage,0.5,0
2019-09-16,16,Gas,0.5,922
2019-09-16,16,Pumped Storage,0.5,0
2019-09-16,17,Gas,0.16666666666666663,1206
2019-09-16,17,Pumped Storage,0.8333333333333333,0
2019-09-16,18,Gas,0.6944444444444444,1141
2019-09-16,18,Pumped Storage,0.3055555555555556,0
2019-09-16,19,Gas,0.29166666666666674,1236
2019-09-16,19,Pumped Storage,0.7083333333333334,0
2019-09-16,20,Gas,0.25,1302
2019-09-16,20,Other,0.0005878853821992402,2706
2019-09-16,20,Pumped Storage,0.7494121146178008,0
2019-09-16,21,Gas,0.8333333333333333,863
2019-09-16,21,Pumped Storage,0.16666666666666666,0
2019-09-16,22,Gas,0.75,847
2019-09-16,22,Pumped Storage,0.25,0
2019-09-16,23,Gas,0.8333333333333335,856
2019-09-16,23,Pumped Storage Demand,0.16666666666666666,0
2019-09-17,0,Gas,1.0,845
2019-09-17,1,Gas,0.9166666666666666,926
2019-09-17,1,Pumped Storage Demand,0.08333333333333333,0
2019-09-17,2,Gas,0.9166666666666666,806
2019-09-17,2,Pumped Storage Demand,0.08333333333333333,0
2019-09-17,3,Gas,1.0,944
2019-09-17,4,Gas,0.08333333333333333,993
2019-09-17,4,Pumped Storage Demand,0.9166666666666666,0
2019-09-17,5,Gas,0.41666666666666663,840
2019-09-17,5,Pumped Storage Demand,0.5833333333333334,0
2019-09-17,6,Gas,0.25,842
2019-09-17,6,Pumped Storage Demand,0.75,0
2019-09-17,7,Gas,0.9999999999999999,950
2019-09-17,8,Gas,1.0000000000000002,881
2019-09-17,9,Gas,1.0,841
2019-09-17,10,Gas,1.0000000000000002,856
2019-09-17,11,Gas,1.0000000000000002,874
2019-09-17,12,Gas,1.0,822
2019-09-17,13,Gas,0.9999999999999998,851
2019-09-17,14,Gas,1.0,868
2019-09-17,15,Gas,1.0000000000000002,861
2019-09-17,16,Gas,1.0,873
2019-09-17,17,Gas,0.5833333333333333,871
2019-09-17,17,Pumped Storage,0.4166666666666667,0
2019-09-17,18,Gas,0.8333333333333335,889
2019-09-17,18,Pumped Storage,0.16666666666666669,0
2019-09-17,19,Gas,0.916666666666667,879
2019-09-17,19,Pumped Storage,0.08333333333333336,0
2019-09-17,20,Gas,0.6666666666666667,863
2019-09-17,20,Pumped Storage,0.33333333333333337,0
2019-09-17,21,Gas,1.0,830
2019-09-17,22,Gas,1.0,853
2019-09-17,23,Gas,0.5833333333333333,877
2019-09-17,23,Pumped Storage Demand,0.4166666666666667,0
2019-09-18,0,Gas,0.5833333333333334,909
2019-09-18,0,Pumped Storage Demand,0.4166666666666667,0
2019-09-18,1,Gas,0.75,889
2019-09-18,1,Pumped Storage Demand,0.25,0
2019-09-18,2,Gas,0.49999999999999994,1097
2019-09-18,2,Pumped Storage Demand,0.5,0
2019-09-18,3,Gas,0.3333333333333333,1263
2019-09-18,3,Pumped Storage Demand,0.6666666666666666,0
2019-09-18,4,Pumped Storage Demand,1.0,0
2019-09-18,5,Gas,0.5,832
2019-09-18,5,Pumped Storage Demand,0.5,0
2019-09-18,6,Gas,0.6666666666666667,812
2019-09-18,6,Pumped Storage Demand,0.33333333333333337,0
2019-09-18,7,Gas,1.0,845
2019-09-18,8,Gas,1.0,922
2019-09-18,9,Gas,0.9999999999999999,842
2019-09-18,10,Gas,1.0,832
2019-09-18,11,Gas,1.0,816
2019-09-18,12,Gas,1.0,878
2019-09-18,13,Gas,1.0,864
2019-09-18,14,Gas,1.0,828
2019-09-18,15,Gas,1.0,869
2019-09-18,16,Gas,1.0,867
2019-09-18,17,Gas,0.9999999999999997,863
2019-09-18,18,Gas,1.0,1053
2019-09-18,19,Gas,1.0000000000000002,921
2019-09-18,20,Gas,1.0,859
2019-09-18,21,Gas,0.7083333333333333,946
2019-09-18,21,Other,0.041666666666666664,2044
2019-09-18,21,Pumped Storage,0.25,0
2019-09-18,22,Gas,0.9999999999999999,847
2019-09-18,23,Gas,1.0,838
2019-09-19,0,Gas,0.5833333333333333,840
2019-09-19,0,Pumped Storage Demand,0.41666666666666663,0
2019-09-19,1,Gas,0.6666666666666669,836
2019-09-19,1,Pumped Storage Demand,0.3333333333333334,0
2019-09-19,2,Gas,1.0,837
2019-09-19,3,Gas,1.0,839
2019-09-19,4,Gas,1.0,806
2019-09-19,5,Gas,0.5,855
2019-09-19,5,Pumped Storage,0.16666666666666666,0
2019-09-19,5,Pumped Storage Demand,0.3333333333333333,0
2019-09-19,6,Gas,0.08333333333333333,993
2019-09-19,6,Pumped Storage,0.9166666666666666,0
2019-09-19,7,Gas,0.2083333333333333,711
2019-09-19,7,Pumped Storage,0.7916666666666666,0
2019-09-19,8,Gas,0.5555555555555556,869
2019-09-19,8,Pumped Storage,0.4444444444444445,0
2019-09-19,9,Gas,1.0,870
2019-09-19,10,Gas,1.0,945
2019-09-19,11,Gas,0.7083333333333333,906
2019-09-19,11,Pumped Storage,0.29166666666666663,0
2019-09-19,12,Gas,1.0,878
2019-09-19,13,Gas,1.0,880
2019-09-19,14,Gas,0.8750000000000001,877
2019-09-19,14,Other,0.125,2044
2019-09-19,15,Gas,0.8333333333333333,854
2019-09-19,15,Pumped Storage,0.16666666666666666,0
2019-09-19,16,Gas,0.6666666666666667,898
2019-09-19,16,Pumped Storage,0.3333333333333333,0
2019-09-19,17,Gas,0.45833333333333337,1076
2019-09-19,17,Pumped Storage,0.5416666666666667,0
2019-09-19,18,Gas,0.3333333333333333,876
2019-09-19,18,Pumped Storage,0.6666666666666667,0
2019-09-19,19,Gas,0.7083333333333334,1158
2019-09-19,19,Pumped Storage,0.2916666666666666,0
2019-09-19,20,Gas,0.5416666666666667,981
2019-09-19,20,Pumped Storage,0.45833333333333337,0
2019-09-19,21,Gas,0.33315008352871417,852
2019-09-19,21,Hydro,0.00018324980461912913,0
2019-09-19,21,Pumped Storage,0.6666666666666667,0
2019-09-19,22,Gas,0.5827781276656729,883
2019-09-19,22,Hydro,7.931509538006074e-05,0
2019-09-19,22,Other,0.08325401823795328,2044
2019-09-19,22,Pumped Storage,0.3330160729518131,0
2019-09-19,22,Wind,0.0008724660491806681,0
2019-09-19,23,Gas,0.27750851367169804,848
2019-09-19,23,Other,0.05550170273433961,2044
2019-09-19,23,Pumped Storage,0.4995153246090564,0
2019-09-19,23,Pumped Storage Demand,0.1665051082030188,0
2019-09-19,23,Wind,0.0009693507818872726,0
2019-09-20,0,Gas,0.7492874159441052,849
2019-09-20,0,Pumped Storage Demand,0.24976247198136842,0
2019-09-20,0,Wind,0.0009501120745263275,0
2019-09-20,1,Gas,0.9990102507351468,851
2019-09-20,1,Wind,0.0009897492648533498,0
2019-09-20,2,Gas,0.9989730915516024,850
2019-09-20,2,Hydro,0.0007701813362981971,0
2019-09-20,2,Wind,0.00025672711209939904,0
2019-09-20,3,Gas,0.9989396539638532,852
2019-09-20,3,Hydro,0.00017672433935781687,0
2019-09-20,3,Wind,0.0008836216967890842,0
2019-09-20,4,Gas,0.9157202668385187,885
2019-09-20,4,Pumped Storage Demand,0.08324729698531988,0
2019-09-20,4,Wind,0.0010324361761614614,0
2019-09-20,5,Gas,0.16646725825053832,836
2019-09-20,5,Pumped Storage Demand,0.8323362912526916,0
2019-09-20,5,Wind,0.0011964504967699437,0
2019-09-20,6,Gas,0.49843495569665647,847
2019-09-20,6,Hydro,0.00010277875253978659,0
2019-09-20,6,Other,0.1659869232675347,2048
2019-09-20,6,Pumped Storage Demand,0.33244803242912174,0
2019-09-20,6,Wind,0.0030273098541472847,0
2019-09-20,7,Gas,0.9958557851822109,838
2019-09-20,7,Wind,0.0041442148177893625,0
2019-09-20,8,Gas,0.9992340624038838,862
2019-09-20,8,Hydro,0.00041307080274083537,0
2019-09-20,8,Wind,0.00035286679337561853,0
2019-09-20,9,Gas,0.8333333333333335,953
2019-09-20,9,Other,0.16666666666666669,2044
2019-09-20,10,Gas,1.0,870
2019-09-20,11,Gas,0.9999999999999999,873
2019-09-20,12,Gas,0.9999999999999999,878
2019-09-20,13,Gas,1.0,920
2019-09-20,14,Gas,0.9999999999999999,915
2019-09-20,15,Gas,1.0,944
2019-09-20,16,Gas,0.9999999999999999,919
2019-09-20,17,Gas,0.8333333333333333,859
2019-09-20,17,Pumped Storage,0.16666666666666663,0
2019-09-20,18,Gas,0.5821337347625729,874
2019-09-20,18,Hydro,0.000599799285380254,0
2019-09-20,18,Other,0.25,2044
2019-09-20,18,Pumped Storage,0.1662668004764132,0
2019-09-20,18,Wind,0.0009996654756337566,0
2019-09-20,19,Gas,0.9144641885465727,856
2019-09-20,19,Pumped Storage,0.08313310804968842,0
2019-09-20,19,Wind,0.002402703403738964,0
2019-09-20,20,Gas,0.9980394413116931,931
2019-09-20,20,Hydro,0.0007424733294485825,0
2019-09-20,20,Wind,0.001218085358858186,0
2019-09-20,21,Gas,0.5,863
2019-09-20,21,Pumped Storage Demand,0.5,0
2019-09-20,22,Gas,1.0,827
2019-09-20,23,Gas,1.0,875
2019-09-21,0,Gas,1.0,839
2019-09-21,1,Gas,0.8333333333333333,890
2019-09-21,1,Pumped Storage Demand,0.16666666666666666,0
2019-09-21,2,Gas,1.0,863
2019-09-21,3,Gas,1.0,884
2019-09-21,4,Gas,1.0,915
2019-09-21,5,Gas,0.5,868
2019-09-21,5,Hydro,0.0003743260434145889,0
2019-09-21,5,Pumped Storage Demand,0.49962567395658536,0
2019-09-21,6,Gas,0.5833333333333334,833
2019-09-21,6,Pumped Storage Demand,0.4166666666666667,0
2019-09-21,7,Gas,0.3333333333333333,850
2019-09-21,7,Hydro,0.05,0
2019-09-21,7,Wind,0.6166666666666667,0
2019-09-21,8,Gas,1.0,833
2019-09-21,9,Gas,1.0,814
2019-09-21,10,Gas,1.0000000000000002,874
2019-09-21,11,Gas,1.0,847
2019-09-21,12,Gas,1.0,849
2019-09-21,13,Gas,1.0,854
2019-09-21,14,Gas,1.0,851
2019-09-21,15,Gas,0.8333333333333333,849
2019-09-21,15,Pumped Storage,0.16666666666666666,0
2019-09-21,16,Gas,0.9999999999999997,855
2019-09-21,17,Gas,0.9999999999999999,941
2019-09-21,18,Gas,0.41666666666666674,850
2019-09-21,18,Pumped Storage,0.5833333333333334,0
2019-09-21,19,Gas,0.8333333333333335,855
2019-09-21,19,Pumped Storage,0.16666666666666669,0
2019-09-21,20,Gas,0.9166666666666667,939
2019-09-21,20,Pumped Storage,0.08333333333333333,0
2019-09-21,21,Gas,1.0,895
2019-09-21,22,Gas,1.0,883
2019-09-21,23,Gas,1.0,835
2019-09-22,0,Gas,0.7142857142857142,918
2019-09-22,0,Wind,0.2857142857142856,0
2019-09-22,1,Gas,1.0,828
2019-09-22,2,Gas,1.0,825
2019-09-22,3,Gas,0.9999999999999999,832
2019-09-22,4,Gas,0.1423611111111111,978
2019-09-22,4,Hydro,0.16666666666666666,0
2019-09-22,4,Other,0.04761904761904761,1673
2019-09-22,4,Wind,0.6433531746031745,0
2019-09-22,5,Gas,0.41666666666666674,1209
2019-09-22,5,Hydro,0.33333333333333337,0
2019-09-22,5,Wind,0.25,0
2019-09-22,6,Gas,0.9999999999999999,910
2019-09-22,7,Gas,1.0,819
2019-09-22,8,Gas,1.0,814
2019-09-22,9,Gas,0.9999999999999999,811
2019-09-22,10,Gas,1.0,842
2019-09-22,11,Gas,1.0,857
2019-09-22,12,Gas,1.0,852
2019-09-22,13,Gas,1.0,852
2019-09-22,14,Gas,1.0,878
2019-09-22,15,Gas,0.9999999999999999,842
2019-09-22,16,Gas,1.0,853
2019-09-22,17,Gas,0.9987571360397793,925
2019-09-22,17,Hydro,0.0001775519943172544,0
2019-09-22,17,Wind,0.0010653119659035262,0
2019-09-22,18,Gas,0.9978523438226252,839
2019-09-22,18,Wind,0.0021476561773748977,0
2019-09-22,19,Gas,0.9978124195984623,886
2019-09-22,19,Wind,0.002187580401537605,0
2019-09-22,20,Gas,0.8333333333333335,871
2019-09-22,20,Pumped Storage,0.16666666666666669,0
2019-09-22,21,Gas,0.9583333333333334,887
2019-09-22,21,Pumped Storage,0.04166666666666667,0
2019-09-22,22,Gas,0.9155083335701504,891
2019-09-22,22,Hydro,0.0013031247335807748,0
2019-09-22,22,Pumped Storage,0.0831885416962688,0
2019-09-22,23,Gas,0.9981625906105598,850
2019-09-22,23,Hydro,0.0010718221438400998,0
2019-09-22,23,Wind,0.0007655872456000714,0
2019-09-23,0,Gas,0.9926719248634075,806
2019-09-23,0,Wind,0.007328075136592541,0
2019-09-23,1,Gas,0.7405855785752332,893
2019-09-23,1,Pumped Storage Demand,0.24686185952507775,0
2019-09-23,1,Wind,0.012552561899689015,0
2019-09-23,2,Gas,0.9872779352938905,850
2019-09-23,2,Wind,0.012722064706109513,0
2019-09-23,3,Gas,0.9046736759894245,825
2019-09-23,3,Wind,0.09532632401057539,0
2019-09-23,4,Gas,0.49900628694364946,821
2019-09-23,4,Pumped Storage Demand,0.49900628694364935,0
2019-09-23,4,Wind,0.001987426112701142,0
2019-09-23,5,Gas,0.24948424329186147,851
2019-09-23,5,Hydro,0.0005157567081384647,0
2019-09-23,5,Pumped Storage Demand,0.7484527298755844,0
2019-09-23,5,Wind,0.0015472701244153945,0
2019-09-23,6,Gas,0.4990852238095635,757
2019-09-23,6,Hydro,0.0015246269840607151,0
2019-09-23,6,Pumped Storage,0.332723482539709,0
2019-09-23,6,Pumped Storage Demand,0.1663617412698545,0
2019-09-23,6,Wind,0.0003049253968121431,0
2019-09-23,7,Gas,0.7486698808453525,853
2019-09-23,7,Hydro,0.001330119154647599,0
2019-09-23,7,Pumped Storage,0.24985220898281696,0
2019-09-23,7,Wind,0.00014779101718306653,0
2019-09-23,8,Gas,0.16666666666666669,882
2019-09-23,8,Pumped Storage,0.8333333333333333,0
2019-09-23,9,Gas,0.9166666666666665,863
2019-09-23,9,Pumped Storage,0.08333333333333331,0
2019-09-23,10,Gas,0.9996267052470287,850
2019-09-23,10,Wind,0.0003732947529711594,0
2019-09-23,11,Gas,0.9995642007749413,934
2019-09-23,11,Wind,0.0004357992250588,0
2019-09-23,12,Gas,0.7496863034115575,858
2019-09-23,12,Pumped Storage,0.24989543447051912,0
2019-09-23,12,Wind,0.0004182621179233766,0
2019-09-23,13,Gas,0.9165804283874623,914
2019-09-23,13,Pumped Storage,0.08333333333333331,0
2019-09-23,13,Wind,8.62382792042833e-05,0
2019-09-23,14,Gas,0.1666109877191475,993
2019-09-23,14,Hydro,0.00011135789503832469,0
2019-09-23,14,Pumped Storage,0.8330549385957375,0
2019-09-23,14,Wind,0.0002227157900766494,0
2019-09-23,15,Gas,0.33320634932772064,1228
2019-09-23,15,Hydro,3.174600140316719e-05,0
2019-09-23,15,Pumped Storage,0.6664126986554413,0
2019-09-23,15,Wind,0.0003492060154348391,0
2019-09-23,16,Gas,0.7499192019664003,1210
2019-09-23,16,Pumped Storage,0.25,0
2019-09-23,16,Wind,8.079803359969343e-05,0
2019-09-23,17,Demand Response,0.16666666666666669,0
2019-09-23,17,Gas,0.8333333333333335,1188
2019-09-23,18,Gas,0.75,1075
2019-09-23,18,Pumped Storage,0.25,0
2019-09-23,19,Gas,0.3333333333333333,1198
2019-09-23,19,Pumped Storage,0.6666666666666666,0
2019-09-23,20,Pumped Storage,1.0,0
2019-09-23,21,Gas,0.16666666666666669,1291
2019-09-23,21,Pumped Storage,0.8333333333333333,0
2019-09-23,22,Gas,0.5833333333333334,938
2019-09-23,22,Pumped Storage,0.41666666666666663,0
2019-09-23,23,Gas,1.0,858
2019-09-24,0,Gas,0.9999999999999999,946
2019-09-24,1,Gas,1.0,846
2019-09-24,2,Gas,1.0,850
2019-09-24,3,Gas,1.0,866
2019-09-24,4,Gas,0.5833333333333334,865
2019-09-24,4,Other,0.4166666666666667,2048
2019-09-24,5,Gas,1.0,849
2019-09-24,6,Gas,0.7499999999999999,827
2019-09-24,6,Pumped Storage,0.25,0
2019-09-24,7,Gas,0.9166666666666665,860
2019-09-24,7,Pumped Storage,0.08333333333333334,0
2019-09-24,8,Gas,0.9999999999999998,863
2019-09-24,9,Gas,0.9999999999999998,1112
2019-09-24,10,Gas,0.999815900456096,873
2019-09-24,10,Wind,0.00018409954390418595,0
2019-09-24,11,Gas,1.0,891
2019-09-24,12,Gas,1.0,856
2019-09-24,13,Gas,1.0,863
2019-09-24,14,Gas,1.0,853
2019-09-24,15,Gas,0.9998850920833325,852
2019-09-24,15,Wind,0.00011490791666743777,0
2019-09-24,16,Gas,0.9999999999999998,882
2019-09-24,17,Gas,1.0,874
2019-09-24,18,Gas,0.6666666666666666,856
2019-09-24,18,Pumped Storage,0.3333333333333333,0
2019-09-24,19,Gas,1.0,842
2019-09-24,20,Gas,1.0,897
2019-09-24,21,Gas,0.9999999999999999,892
2019-09-24,22,Gas,0.8333333333333333,837
2019-09-24,22,Pumped Storage Demand,0.16666666666666666,0
2019-09-24,23,Pumped Storage Demand,1.0,0
2019-09-25,0,Gas,0.8333333333333335,814
2019-09-25,0,Pumped Storage Demand,0.16666666666666669,0
2019-09-25,1,Gas,1.0,832
2019-09-25,2,Gas,0.6666666666666667,830
2019-09-25,2,Wind,0.33333333333333337,0
2019-09-25,3,Gas,0.34375,836
2019-09-25,3,Hydro,0.2604166666666667,0
2019-09-25,3,Wind,0.3958333333333333,0
2019-09-25,4,Gas,1.0,829
2019-09-25,5,Gas,1.0,841
2019-09-25,6,Gas,1.0,864
2019-09-25,7,Gas,1.0,854
2019-09-25,8,Gas,1.0,865
2019-09-25,9,Gas,0.9999999999999998,857
2019-09-25,10,Gas,1.0,866
2019-09-25,11,Gas,1.0,865
2019-09-25,12,Gas,1.0,868
2019-09-25,13,Gas,1.0,874
2019-09-25,14,Gas,1.0000000000000002,873
2019-09-25,15,Gas,1.0,865
2019-09-25,16,Gas,0.8333333333333333,873
2019-09-25,16,Pumped Storage,0.16666666666666666,0
2019-09-25,17,Gas,0.7083333333333333,888
2019-09-25,17,Other,0.041666666666666664,4116
2019-09-25,17,Pumped Storage,0.25,0
2019-09-25,18,Gas,1.0,870
2019-09-25,19,Gas,0.5833333333333333,887
2019-09-25,19,Other,0.25,2044
2019-09-25,19,Pumped Storage,0.16666666666666666,0
2019-09-25,20,Gas,1.0,852
2019-09-25,21,Gas,1.0,866
2019-09-25,22,Gas,0.9999999999999999,927
2019-09-25,23,Gas,0.875,885
2019-09-25,23,Hydro,0.12499999999999999,0
2019-09-26,0,Gas,1.0,856
2019-09-26,1,Gas,0.5,836
2019-09-26,1,Pumped Storage Demand,0.24999999999999997,0
2019-09-26,1,Wind,0.24999999999999997,0
2019-09-26,2,Gas,0.16666666666666669,806
2019-09-26,2,Pumped Storage Demand,0.8333333333333333,0
2019-09-26,3,Gas,1.0,806
2019-09-26,4,Gas,0.7499999999999999,806
2019-09-26,4,Pumped Storage Demand,0.25000000000000006,0
2019-09-26,5,Gas,1.0,824
2019-09-26,6,Gas,0.9166666666666667,918
2019-09-26,6,Other,0.08333333333333334,2044
2019-09-26,7,Gas,0.8333333333333334,856
2019-09-26,7,Pumped Storage,0.16666666666666666,0
2019-09-26,8,Gas,1.0,877
2019-09-26,9,Gas,0.9999999999999998,851
2019-09-26,10,Gas,1.0,836
2019-09-26,11,Gas,1.0,867
2019-09-26,12,Gas,1.0,952
2019-09-26,13,Gas,0.9166666666666667,917
2019-09-26,13,Pumped Storage,0.08333333333333334,0
2019-09-26,14,Gas,0.25,882
2019-09-26,14,Other,0.25,4116
2019-09-26,14,Pumped Storage,0.49999999999999994,0
2019-09-26,15,Pumped Storage,1.0,0
2019-09-26,16,Gas,0.5,841
2019-09-26,16,Pumped Storage,0.5,0
2019-09-26,17,Gas,0.7499999999999998,844
2019-09-26,17,Other,0.16666666666666663,2048
2019-09-26,17,Pumped Storage,0.08333333333333331,0
2019-09-26,18,Gas,1.0,825
2019-09-26,19,Gas,1.0,906
2019-09-26,20,Gas,0.9998575622697997,875
2019-09-26,20,Hydro,7.121886510014385e-05,0
2019-09-26,20,Wind,7.121886510014385e-05,0
2019-09-26,21,Gas,0.9992441998162436,920
2019-09-26,21,Hydro,0.00031491674323188645,0
2019-09-26,21,Wind,0.0004408834405246411,0
2019-09-26,22,Gas,0.9995659938976089,1012
2019-09-26,22,Hydro,0.00018600261531045233,0
2019-09-26,22,Wind,0.0002480034870806031,0
2019-09-26,23,Gas,0.9992517360227386,856
2019-09-26,23,Hydro,0.00012471066287687288,0
2019-09-26,23,Wind,0.0006235533143843644,0
2019-09-27,0,Gas,0.9991939496661232,920
2019-09-27,0,Hydro,0.0003358543057820053,0
2019-09-27,0,Wind,0.00047019602809480744,0
2019-09-27,1,Gas,0.999367266698297,871
2019-09-27,1,Hydro,0.0003163666508515051,0
2019-09-27,1,Wind,0.0003163666508515051,0
2019-09-27,2,Gas,1.0,909
2019-09-27,3,Gas,1.0,806
2019-09-27,4,Gas,1.0,852
2019-09-27,5,Gas,0.6666666666666667,876
2019-09-27,5,Pumped Storage Demand,0.3333333333333333,0
2019-09-27,6,Gas,0.7916666666666667,873
2019-09-27,6,Hydro,0.125,0
2019-09-27,6,Pumped Storage Demand,0.08333333333333333,0
2019-09-27,7,Gas,1.0000000000000002,844
2019-09-27,8,Demand Response,0.16666666666666669,0
2019-09-27,8,Gas,0.8333333333333334,849
2019-09-27,9,Gas,1.0,862
2019-09-27,10,Gas,1.0,891
2019-09-27,11,Gas,1.0,869
2019-09-27,12,Gas,1.0,847
2019-09-27,13,Gas,1.0,871
2019-09-27,14,Gas,1.0,860
2019-09-27,15,Gas,1.0,884
2019-09-27,16,Gas,1.0,925
2019-09-27,17,Gas,0.8333333333333334,861
2019-09-27,17,Pumped Storage,0.16666666666666669,0
2019-09-27,18,Gas,0.5833333333333334,868
2019-09-27,18,Pumped Storage,0.4166666666666667,0
2019-09-27,19,Gas,0.8333333333333334,865
2019-09-27,19,Pumped Storage,0.16666666666666669,0
2019-09-27,20,Gas,0.3194444444444444,827
2019-09-27,20,Pumped Storage,0.125,0
2019-09-27,20,Wind,0.5555555555555556,0
2019-09-27,21,Gas,0.45833333333333337,915
2019-09-27,21,Wind,0.5416666666666667,0
2019-09-27,22,Gas,0.9444444444444443,845
2019-09-27,22,Wind,0.055555555555555546,0
2019-09-27,23,Gas,0.9991334997347492,852
2019-09-27,23,Hydro,0.0008665002652508522,0
2019-09-28,0,Gas,0.6665214152762662,853
2019-09-28,0,Hydro,0.00014525139040057544,0
2019-09-28,0,Pumped Storage Demand,0.33333333333333337,0
2019-09-28,1,Gas,0.9999999999999998,862
2019-09-28,2,Gas,0.16666666666666666,859
2019-09-28,2,Pumped Storage Demand,0.41666666666666663,0
2019-09-28,2,Wind,0.4166666666666667,0
2019-09-28,3,Gas,1.0,871
2019-09-28,4,Gas,1.0,852
2019-09-28,5,Gas,0.7499999999999999,900
2019-09-28,5,Wind,0.25,0
2019-09-28,6,Gas,1.0,982
2019-09-28,7,Gas,0.75,884
2019-09-28,7,Pumped Storage,0.24999999999999997,0
2019-09-28,8,Gas,0.8333333333333334,883
2019-09-28,8,Pumped Storage,0.16666666666666669,0
2019-09-28,9,Gas,0.9166666666666667,880
2019-09-28,9,Other,0.08333333333333334,2044
2019-09-28,10,Gas,1.0,854
2019-09-28,11,Gas,1.0,877
2019-09-28,12,Gas,1.0,859
2019-09-28,13,Gas,0.9999999999999999,950
2019-09-28,14,Gas,0.9999999999999999,862
2019-09-28,15,Gas,0.9722222222222221,865
2019-09-28,15,Pumped Storage,0.027777777777777776,0
2019-09-28,16,Gas,0.9444444444444444,896
2019-09-28,16,Pumped Storage,0.05555555555555555,0
2019-09-28,17,Gas,0.7916666666666667,907
2019-09-28,17,Pumped Storage,0.20833333333333337,0
2019-09-28,18,Gas,0.36111111111111105,855
2019-09-28,18,Other,0.08333333333333333,2044
2019-09-28,18,Pumped Storage,0.5555555555555555,0
2019-09-28,19,Gas,0.7500000000000001,1017
2019-09-28,19,Pumped Storage,0.25,0
2019-09-28,20,Gas,1.0,889
2019-09-28,21,Gas,0.8333333333333334,883
2019-09-28,21,Pumped Storage,0.16666666666666669,0
2019-09-28,22,Gas,0.5,867
2019-09-28,22,Hydro,0.16666666666666666,0
2019-09-28,22,Pumped Storage,0.3333333333333333,0
2019-09-28,23,Gas,1.0,838
2019-09-29,0,Gas,0.9999999999999999,847
2019-09-29,1,Gas,0.8333333333333334,827
2019-09-29,1,Pumped Storage,0.16666666666666666,0
2019-09-29,2,Gas,1.0,933
2019-09-29,3,Gas,1.0,907
2019-09-29,4,Gas,1.0,909
2019-09-29,5,Gas,0.9999999999999999,887
2019-09-29,6,Gas,0.8333333333333333,867
2019-09-29,6,Other,0.08333333333333333,3240
2019-09-29,6,Pumped Storage Demand,0.08333333333333333,0
2019-09-29,7,Gas,0.25,859
2019-09-29,7,Other,0.041666666666666664,3240
2019-09-29,7,Pumped Storage Demand,0.7083333333333333,0
2019-09-29,8,Gas,0.8329964586759535,852
2019-09-29,8,Hydro,0.00033687465737976794,0
2019-09-29,8,Pumped Storage Demand,0.16666666666666666,0
2019-09-29,9,Gas,0.41666666666666663,849
2019-09-29,9,Pumped Storage Demand,0.5833333333333334,0
2019-09-29,10,Gas,0.33333333333333337,859
2019-09-29,10,Pumped Storage Demand,0.6666666666666666,0
2019-09-29,11,Gas,0.6666666666666666,839
2019-09-29,11,Pumped Storage Demand,0.3333333333333333,0
2019-09-29,12,Gas,0.16666666666666666,862
2019-09-29,12,Pumped Storage Demand,0.8333333333333335,0
2019-09-29,13,Gas,1.0,852
2019-09-29,14,Gas,1.0,850
2019-09-29,15,Gas,0.8333333333333333,856
2019-09-29,15,Pumped Storage Demand,0.16666666666666666,0
2019-09-29,16,Gas,0.7500000000000001,868
2019-09-29,16,Pumped Storage Demand,0.25,0
2019-09-29,17,Gas,1.0,860
2019-09-29,18,Gas,0.20833333333333331,862
2019-09-29,18,Other,0.25,2048
2019-09-29,18,Pumped Storage,0.5416666666666667,0
2019-09-29,19,Gas,0.6666666666666667,1054
2019-09-29,19,Pumped Storage,0.33333333333333337,0
2019-09-29,20,Gas,1.0,895
2019-09-29,21,Gas,1.0,873
2019-09-29,22,Gas,1.0,839
2019-09-29,23,Gas,0.5833333333333334,854
2019-09-29,23,Pumped Storage Demand,0.4166666666666667,0
2019-09-30,0,Gas,0.3333333333333333,848
2019-09-30,0,Pumped Storage Demand,0.6666666666666666,0
2019-09-30,1,Gas,1.0,886
2019-09-30,2,Gas,1.0,860
2019-09-30,3,Gas,0.9992014671553312,855
2019-09-30,3,Hydro,0.0007985328446687357,0
2019-09-30,4,Gas,0.08333333333333331,856
2019-09-30,4,Pumped Storage Demand,0.9166666666666666,0
2019-09-30,5,Pumped Storage Demand,1.0,0
2019-09-30,6,Gas,0.9166666666666667,904
2019-09-30,6,Pumped Storage Demand,0.08333333333333334,0
2019-09-30,7,Gas,1.0,970
2019-09-30,8,Gas,1.0,880
2019-09-30,9,Gas,1.0,914
2019-09-30,10,Gas,1.0,862
2019-09-30,11,Gas,1.0,863
2019-09-30,12,Gas,0.9999999999999999,886
2019-09-30,13,Gas,1.0,949
2019-09-30,14,Gas,0.9999999999999999,910
2019-09-30,15,Gas,0.9999999999999999,938
2019-09-30,16,Gas,1.0,871
2019-09-30,17,Gas,0.41666666666666674,803
2019-09-30,17,Other,0.16666666666666669,2048
2019-09-30,17,Pumped Storage,0.41666666666666663,0
2019-09-30,18,Gas,0.08333333333333334,879
2019-09-30,18,Pumped Storage,0.9166666666666666,0
2019-09-30,19,Gas,0.45833333333333337,1013
2019-09-30,19,Pumped Storage,0.5416666666666666,0
2019-09-30,20,Gas,0.8333333333333331,857
2019-09-30,20,Pumped Storage,0.16666666666666663,0
2019-09-30,21,Gas,0.6666666666666667,880
2019-09-30,21,Pumped Storage,0.33333333333333337,0
2019-09-30,22,Gas,1.0,896
2019-09-30,23,Gas,1.0,857
2019-10-01,0,Gas,1.0,827
2019-10-01,1,Gas,1.0,861
2019-10-01,2,Gas,1.0,916
2019-10-01,3,Gas,1.0,993
2019-10-01,4,Gas,1.0,896
2019-10-01,5,Gas,0.9166666666666667,853
2019-10-01,5,Other,0.08333333333333334,2044
2019-10-01,6,Gas,0.5833333333333333,887
2019-10-01,6,Hydro,0.16666666666666666,0
2019-10-01,6,Pumped Storage,0.25,0
2019-10-01,7,Gas,0.08333333333333333,918
2019-10-01,7,Pumped Storage,0.9166666666666666,0
2019-10-01,8,Gas,0.16666666666666666,955
2019-10-01,8,Pumped Storage,0.8333333333333334,0
2019-10-01,9,Gas,0.5,902
2019-10-01,9,Pumped Storage,0.5,0
2019-10-01,10,Gas,0.1666666666666667,848
2019-10-01,10,Pumped Storage,0.8333333333333334,0
2019-10-01,11,Gas,0.16666666666666669,906
2019-10-01,11,Pumped Storage,0.8333333333333334,0
2019-10-01,12,Gas,0.125,890
2019-10-01,12,Pumped Storage,0.875,0
2019-10-01,13,Gas,0.055555555555555566,877
2019-10-01,13,Pumped Storage,0.9444444444444445,0
2019-10-01,14,Gas,0.08333333333333333,845
2019-10-01,14,Pumped Storage,0.9166666666666666,0
2019-10-01,15,Gas,0.1666666666666667,1016
2019-10-01,15,Pumped Storage,0.8333333333333334,0
2019-10-01,16,Gas,0.25,932
2019-10-01,16,Pumped Storage,0.7499999999999998,0
2019-10-01,17,Gas,0.5833333333333334,1200
2019-10-01,17,Pumped Storage,0.4166666666666667,0
2019-10-01,18,Coal,0.08333333333333334,3041
2019-10-01,18,Gas,0.5833333333333334,981
2019-10-01,18,Pumped Storage,0.33333333333333337,0
2019-10-01,19,Gas,0.9999999999999999,1054
2019-10-01,20,Coal,0.16666666666666669,3041
2019-10-01,20,Gas,0.8333333333333334,1170
2019-10-01,21,Gas,1.0,995
2019-10-01,22,Gas,0.5833333333333333,876
2019-10-01,22,Pumped Storage Demand,0.41666666666666663,0
2019-10-01,23,Gas,0.751016403380044,907
2019-10-01,23,Pumped Storage Demand,0.248983596619956,0
2019-10-02,0,Gas,0.6666666666666666,998
2019-10-02,0,Other,0.25,2048
2019-10-02,0,Pumped Storage Demand,0.08333333333333333,0
2019-10-02,1,Gas,0.5833333333333334,981
2019-10-02,1,Pumped Storage Demand,0.4166666666666667,0
2019-10-02,2,Gas,1.0,1143
2019-10-02,3,Gas,1.0,885
2019-10-02,4,Gas,1.0,909
2019-10-02,5,Gas,0.75,880
2019-10-02,5,Pumped Storage Demand,0.24999999999999994,0
2019-10-02,6,Gas,0.9999999999999999,968
2019-10-02,7,Gas,0.9996601293173764,958
2019-10-02,7,Wind,0.0003398706826238841,0
2019-10-02,8,Gas,0.9166666666666667,942
2019-10-02,8,Pumped Storage,0.08333333333333333,0
2019-10-02,9,Gas,0.5833333333333334,873
2019-10-02,9,Hydro,0.25,0
2019-10-02,9,Pumped Storage,0.16666666666666666,0
2019-10-02,10,Gas,1.0,1069
2019-10-02,11,Gas,1.0,896
2019-10-02,12,Gas,0.9166666666666667,1035
2019-10-02,12,Pumped Storage,0.08333333333333333,0
2019-10-02,13,Gas,0.5833333333333333,1235
2019-10-02,13,Pumped Storage,0.4166666666666667,0
2019-10-02,14,Coal,0.25,3041
2019-10-02,14,Hydro,0.16666666666666669,0
2019-10-02,14,Pumped Storage,0.5833333333333334,0
2019-10-02,15,Gas,0.16666666666666669,1228
2019-10-02,15,Hydro,0.08333333333333334,0
2019-10-02,15,Pumped Storage,0.7499999999999999,0
2019-10-02,16,Gas,0.7500000000000001,1164
2019-10-02,16,Pumped Storage,0.25,0
2019-10-02,17,Gas,1.0000000000000002,1211
2019-10-02,18,Gas,0.6666666666666666,1029
2019-10-02,18,Pumped Storage,0.3333333333333333,0
2019-10-02,19,Gas,0.7499999999999999,968
2019-10-02,19,Pumped Storage,0.25,0
2019-10-02,20,Gas,1.0,927
2019-10-02,21,Gas,1.0,877
2019-10-02,22,Gas,0.9166666666666667,834
2019-10-02,22,Hydro,0.08333333333333334,0
2019-10-02,23,Gas,1.0,891
2019-10-03,0,Gas,0.9999999999999999,900
2019-10-03,1,Gas,0.8333333333333333,1077
2019-10-03,1,Pumped Storage Demand,0.16666666666666666,0
2019-10-03,2,Gas,1.0,1017
2019-10-03,3,Gas,1.0,1003
2019-10-03,4,Gas,0.5,850
2019-10-03,4,Pumped Storage Demand,0.5,0
2019-10-03,5,Gas,0.41666666666666663,929
2019-10-03,5,Other,0.25,2048
2019-10-03,5,Pumped Storage Demand,0.3333333333333333,0
2019-10-03,6,Gas,0.8333333333333333,876
2019-10-03,6,Pumped Storage Demand,0.16666666666666666,0
2019-10-03,7,Gas,1.0000000000000002,886
2019-10-03,8,Gas,1.0,933
2019-10-03,9,Gas,1.0,901
2019-10-03,10,Gas,1.0,884
2019-10-03,11,Gas,1.0,889
2019-10-03,12,Gas,1.0,895
2019-10-03,13,Gas,0.9999999999999998,888
2019-10-03,14,Gas,1.0,885
2019-10-03,15,Gas,1.0,914
2019-10-03,16,Gas,1.0,876
2019-10-03,17,Gas,0.9583333333333335,890
2019-10-03,17,Pumped Storage,0.041666666666666664,0
2019-10-03,18,Gas,0.6666666666666667,910
2019-10-03,18,Pumped Storage,0.33333333333333337,0
2019-10-03,19,Gas,0.8055555555555555,915
2019-10-03,19,Other,0.027777777777777776,2044
2019-10-03,19,Pumped Storage,0.16666666666666666,0
2019-10-03,20,Gas,0.9974228149362034,885
2019-10-03,20,Wind,0.0025771850637967258,0
2019-10-03,21,Gas,0.9967020154090659,884
2019-10-03,21,Wind,0.003297984590934136,0
2019-10-03,22,Gas,0.9977525194528218,856
2019-10-03,22,Wind,0.0022474805471781605,0
2019-10-03,23,Gas,0.9968477290114812,868
2019-10-03,23,Wind,0.0031522709885188818,0
2019-10-04,0,Gas,0.9342978484988257,911
2019-10-04,0,Other,0.06228652323325506,2044
2019-10-04,0,Wind,0.003415628267919205,0
2019-10-04,1,Gas,0.9789560301174635,884
2019-10-04,1,Other,0.020763121150265615,2044
2019-10-04,1,Wind,0.00028084873227088265,0
2019-10-04,2,Gas,1.0000000000000002,933
2019-10-04,3,Gas,1.0,927
2019-10-04,4,Gas,1.0,870
2019-10-04,5,Gas,1.0,860
2019-10-04,6,Gas,0.9160902583724014,894
2019-10-04,6,Pumped Storage Demand,0.08333333333333333,0
2019-10-04,6,Wind,0.0005764082942654175,0
2019-10-04,7,Gas,0.4154619939641974,982
2019-10-04,7,Pumped Storage,0.581225156104012,0
2019-10-04,7,Wind,0.003312849931790536,0
2019-10-04,8,Gas,0.875,872
2019-10-04,8,Hydro,0.125,0
2019-10-04,9,Gas,0.9994457400855532,836
2019-10-04,9,Wind,0.0005542599144467636,0
2019-10-04,10,Gas,0.9988967677073974,860
2019-10-04,10,Wind,0.001103232292602677,0
2019-10-04,11,Gas,0.9979769941795824,862
2019-10-04,11,Wind,0.0020230058204176054,0
2019-10-04,12,Gas,0.9965881464749733,869
2019-10-04,12,Hydro,0.00045171258013637286,0
2019-10-04,12,Wind,0.0029601409448904844,0
2019-10-04,13,Gas,0.996552079812975,865
2019-10-04,13,Hydro,0.00023026228333607946,0
2019-10-04,13,Wind,0.0032176579036887363,0
2019-10-04,14,Gas,0.9959761496568948,854
2019-10-04,14,Hydro,0.0006310967796926966,0
2019-10-04,14,Other,0.00023666129238476122,3398
2019-10-04,14,Wind,0.0031560922710278418,0
2019-10-04,15,Gas,0.9959012930536355,890
2019-10-04,15,Hydro,0.0002913361261430524,0
2019-10-04,15,Wind,0.003807370820221549,0
2019-10-04,16,Gas,0.9959893206009974,864
2019-10-04,16,Hydro,0.0003964604686921125,0
2019-10-04,16,Wind,0.00361421893031052,0
2019-10-04,17,Gas,0.9965414822288411,856
2019-10-04,17,Wind,0.0034585177711589253,0
2019-10-04,18,Gas,0.9559990944963371,889
2019-10-04,18,Other,0.04166666666666668,2044
2019-10-04,18,Wind,0.0023342388369962785,0
2019-10-04,19,Gas,0.7083333333333334,898
2019-10-04,19,Other,0.04166666666666667,2044
2019-10-04,19,Pumped Storage,0.24941825150079397,0
2019-10-04,19,Wind,0.0005817484992060375,0
2019-10-04,20,Gas,0.5820378772489563,876
2019-10-04,20,Pumped Storage,0.41666666666666663,0
2019-10-04,20,Wind,0.001295456084376993,0
2019-10-04,21,Gas,0.9984345092714615,891
2019-10-04,21,Wind,0.0015654907285384924,0
2019-10-04,22,Gas,0.9980608585111364,849
2019-10-04,22,Hydro,0.00014650943720276812,0
2019-10-04,22,Wind,0.0017926320516609491,0
2019-10-04,23,Gas,0.997713181986198,857
2019-10-04,23,Other,0.0002607610405078222,3240
2019-10-04,23,Wind,0.0020260569732941346,0
2019-10-05,0,Gas,0.9139479210836047,887
2019-10-05,0,Hydro,0.0025773924399089014,0
2019-10-05,0,Other,0.08329177921582326,2051
2019-10-05,0,Wind,0.00018290726066328157,0
2019-10-05,1,Gas,0.9992853102827546,846
2019-10-05,1,Hydro,0.0001876996576228513,0
2019-10-05,1,Wind,0.0005269900596227265,0
2019-10-05,2,Gas,1.0,875
2019-10-05,3,Gas,1.0,864
2019-10-05,4,Gas,1.0,935
2019-10-05,5,Gas,1.0,956
2019-10-05,6,Gas,1.0,849
2019-10-05,7,Gas,1.0,846
2019-10-05,8,Gas,0.7533667706783178,956
2019-10-05,8,Other,0.24663322932168247,2044
2019-10-05,9,Gas,1.0,894
2019-10-05,10,Gas,1.0,837
2019-10-05,11,Gas,1.0,853
2019-10-05,12,Gas,1.0,949
2019-10-05,13,Gas,0.5833333333333334,993
2019-10-05,13,Pumped Storage Demand,0.4166666666666667,0
2019-10-05,14,Gas,0.3333333333333333,1017
2019-10-05,14,Pumped Storage Demand,0.6666666666666667,0
2019-10-05,15,Gas,0.3333333333333333,848
2019-10-05,15,Pumped Storage Demand,0.6666666666666666,0
2019-10-05,16,Gas,0.75,993
2019-10-05,16,Pumped Storage Demand,0.25,0
2019-10-05,17,Gas,0.41666666666666663,855
2019-10-05,17,Pumped Storage Demand,0.5833333333333334,0
2019-10-05,18,Gas,0.49999999999999994,892
2019-10-05,18,Other,0.3333333333333333,2048
2019-10-05,18,Pumped Storage,0.16666666666666666,0
2019-10-05,19,Gas,0.6666666666666666,891
2019-10-05,19,Other,0.08333333333333333,2048
2019-10-05,19,Pumped Storage,0.25,0
2019-10-05,20,Gas,1.0,1061
2019-10-05,21,Gas,1.0,907
2019-10-05,22,Gas,1.0,850
2019-10-05,23,Gas,0.5833333333333333,843
2019-10-05,23,Wind,0.41666666666666663,0
2019-10-06,0,Gas,0.6666666666666666,846
2019-10-06,0,Wind,0.3333333333333333,0
2019-10-06,1,Gas,0.5833333333333334,856
2019-10-06,1,Wind,0.41666666666666663,0
2019-10-06,2,Gas,0.9166666666666667,829
2019-10-06,2,Wind,0.08333333333333334,0
2019-10-06,3,Gas,0.8333333333333334,861
2019-10-06,3,Wind,0.16666666666666669,0
2019-10-06,4,Gas,0.41666666666666663,846
2019-10-06,4,Pumped Storage Demand,0.3333333333333333,0
2019-10-06,4,Wind,0.25,0
2019-10-06,5,Gas,0.08333333333333331,840
2019-10-06,5,Pumped Storage Demand,0.7477342703245705,0
2019-10-06,5,Wind,0.16893239634209611,0
2019-10-06,6,Gas,0.7999999999999999,869
2019-10-06,6,Wind,0.2,0
2019-10-06,7,Gas,0.9972506993594353,855
2019-10-06,7,Wind,0.002749300640564736,0
2019-10-06,8,Gas,0.33273628876877953,843
2019-10-06,8,Pumped Storage Demand,0.4988059108708924,0
2019-10-06,8,Wind,0.16845780036032823,0
2019-10-06,9,Gas,0.6666666666666666,834
2019-10-06,9,Pumped Storage Demand,0.08333333333333333,0
2019-10-06,9,Wind,0.25,0
2019-10-06,10,Gas,0.6000000000000001,871
2019-10-06,10,Pumped Storage Demand,0.2,0
2019-10-06,10,Wind,0.2,0
2019-10-06,11,Gas,1.0,842
2019-10-06,12,Gas,1.0,857
2019-10-06,13,Gas,0.7487167964323339,962
2019-10-06,13,Hydro,0.0004954534013928307,0
2019-10-06,13,Pumped Storage,0.25,0
2019-10-06,13,Wind,0.000787750166273282,0
2019-10-06,14,Gas,0.6655714702343684,1031
2019-10-06,14,Other,0.2491786026757763,2044
2019-10-06,14,Pumped Storage,0.08333333333333333,0
2019-10-06,14,Wind,0.0019165937565218877,0
2019-10-06,15,Gas,0.7481386945570309,868
2019-10-06,15,Pumped Storage,0.08333333333333333,0
2019-10-06,15,Wind,0.1685279721096358,0
2019-10-06,16,Gas,0.9980858713813051,857
2019-10-06,16,Wind,0.001914128618694845,0
2019-10-06,17,Gas,1.0,997
2019-10-06,18,Gas,0.33333333333333337,945
2019-10-06,18,Other,0.08333333333333334,2048
2019-10-06,18,Pumped Storage,0.5833333333333334,0
2019-10-06,19,Gas,0.75,1042
2019-10-06,19,Pumped Storage,0.25,0
2019-10-06,20,Gas,1.0,1059
2019-10-06,21,Gas,0.8321475125951926,925
2019-10-06,21,Hydro,0.0011858207381406432,0
2019-10-06,21,Pumped Storage,0.16666666666666666,0
2019-10-06,22,Gas,0.9986970951368053,867
2019-10-06,22,Hydro,0.0013029048631946177,0
2019-10-06,23,Gas,0.9999999999999999,830
2019-10-07,0,Gas,0.7499999999999999,845
2019-10-07,0,Pumped Storage Demand,0.24999999999999997,0
2019-10-07,1,Pumped Storage Demand,1.0,0
2019-10-07,2,Pumped Storage Demand,1.0,0
2019-10-07,3,Pumped Storage Demand,1.0,0
2019-10-07,4,Gas,0.5833333333333335,838
2019-10-07,4,Pumped Storage Demand,0.4166666666666667,0
2019-10-07,5,Gas,0.08333333333333334,1302
2019-10-07,5,Hydro,0.16666666666666669,0
2019-10-07,5,Other,0.16666666666666669,2048
2019-10-07,5,Pumped Storage Demand,0.5833333333333334,0
2019-10-07,6,Gas,0.4166666666666667,992
2019-10-07,6,Pumped Storage,0.5833333333333333,0
2019-10-07,7,Gas,0.5,972
2019-10-07,7,Pumped Storage,0.5,0
2019-10-07,8,Gas,0.6249999999999998,844
2019-10-07,8,Pumped Storage,0.3749999999999999,0
2019-10-07,9,Gas,1.0,939
2019-10-07,10,Gas,1.0000000000000002,872
2019-10-07,11,Gas,1.0,880
2019-10-07,12,Gas,1.0000000000000002,872
2019-10-07,13,Gas,0.8333333333333333,868
2019-10-07,13,Hydro,0.16666666666666666,0
2019-10-07,14,Gas,0.9166666666666666,840
2019-10-07,14,Hydro,0.08333333333333334,0
2019-10-07,15,Gas,0.5833333333333333,971
2019-10-07,15,Pumped Storage,0.4166666666666667,0
2019-10-07,16,Pumped Storage,1.0,0
2019-10-07,17,Gas,0.75,1035
2019-10-07,17,Pumped Storage,0.25,0
2019-10-07,18,Gas,0.5833333333333334,1248
2019-10-07,18,Pumped Storage,0.41666666666666674,0
2019-10-07,19,Gas,0.16666666666666666,641
2019-10-07,19,Pumped Storage,0.8333333333333335,0
2019-10-07,20,Gas,0.5,842
2019-10-07,20,Pumped Storage,0.5,0
2019-10-07,21,Gas,1.0,869
2019-10-07,22,Gas,0.9999999999999999,958
2019-10-07,23,Gas,1.0,892
2019-10-08,0,Gas,0.9166666666666667,830
2019-10-08,0,Pumped Storage Demand,0.08333333333333334,0
2019-10-08,1,Gas,0.9999999999999999,851
2019-10-08,2,Gas,0.9999999999999999,838
2019-10-08,3,Gas,1.0,841
2019-10-08,4,Gas,0.5,844
2019-10-08,4,Pumped Storage Demand,0.5,0
2019-10-08,5,Gas,0.4166666666666667,910
2019-10-08,5,Pumped Storage Demand,0.5833333333333333,0
2019-10-08,6,Gas,0.5,947
2019-10-08,6,Pumped Storage,0.5,0
2019-10-08,7,Gas,0.49999999999999994,962
2019-10-08,7,Pumped Storage,0.5,0
2019-10-08,8,Gas,0.8333333333333333,1013
2019-10-08,8,Pumped Storage,0.16666666666666666,0
2019-10-08,9,Gas,1.0,956
2019-10-08,10,Gas,1.0,955
2019-10-08,11,Demand Response,0.08333333333333333,0
2019-10-08,11,Gas,0.9166666666666666,862
2019-10-08,12,Demand Response,0.08333333333333333,0
2019-10-08,12,Gas,0.9166666666666666,891
2019-10-08,13,Gas,1.0,905
2019-10-08,14,Gas,1.0,851
2019-10-08,15,Gas,1.0,861
2019-10-08,16,Gas,0.8333333333333334,1002
2019-10-08,16,Other,0.08333333333333333,3716
2019-10-08,16,Pumped Storage,0.08333333333333333,0
2019-10-08,17,Gas,0.6666666666666666,912
2019-10-08,17,Pumped Storage,0.3333333333333333,0
2019-10-08,18,Gas,1.0,937
2019-10-08,19,Gas,0.6666666666666667,1068
2019-10-08,19,Pumped Storage,0.33333333333333337,0
2019-10-08,20,Gas,0.8333333333333334,890
2019-10-08,20,Other,0.16666666666666669,2048
2019-10-08,21,Gas,0.9999999999999999,957
2019-10-08,22,Gas,1.0,830
2019-10-08,23,Gas,1.0000000000000002,854
2019-10-09,0,Gas,1.0,875
2019-10-09,1,Gas,1.0,888
2019-10-09,2,Gas,1.0,903
2019-10-09,3,Gas,1.0,972
2019-10-09,4,Gas,0.9999999999999999,895
2019-10-09,5,Gas,1.0,850
2019-10-09,6,Gas,0.9999999999999999,930
2019-10-09,7,Gas,1.0,923
2019-10-09,8,Demand Response,0.08333333333333334,0
2019-10-09,8,Gas,0.9166666666666667,912
2019-10-09,9,Gas,1.0,875
2019-10-09,10,Gas,0.9999999999999999,887
2019-10-09,11,Gas,1.0,913
2019-10-09,12,Gas,0.9999999999999999,906
2019-10-09,13,Gas,0.6666666666666665,925
2019-10-09,13,Hydro,0.3333333333333333,0
2019-10-09,14,Gas,1.0,877
2019-10-09,15,Gas,0.9166666666666666,908
2019-10-09,15,Hydro,0.08333333333333333,0
2019-10-09,16,Gas,0.7499999999999998,907
2019-10-09,16,Hydro,0.08333333333333331,0
2019-10-09,16,Pumped Storage,0.16666666666666663,0
2019-10-09,17,Gas,0.916666666666667,978
2019-10-09,17,Hydro,0.08333333333333334,0
2019-10-09,18,Gas,1.0,1064
2019-10-09,19,Gas,1.0,907
2019-10-09,20,Gas,0.6666666666666666,875
2019-10-09,20,Pumped Storage,0.3333333333333333,0
2019-10-09,21,Gas,0.9999999999999999,897
2019-10-09,22,Gas,1.0,900
2019-10-09,23,Gas,0.9999999999999999,833
2019-10-10,0,Gas,0.5833333333333333,830
2019-10-10,0,Pumped Storage Demand,0.4166666666666667,0
2019-10-10,1,Gas,1.0,827
2019-10-10,2,Gas,0.6666666666666666,849
2019-10-10,2,Pumped Storage Demand,0.3333333333333333,0
2019-10-10,3,Gas,0.9999999999999999,832
2019-10-10,4,Gas,0.6666666666666667,822
2019-10-10,4,Pumped Storage Demand,0.33333333333333337,0
2019-10-10,5,Gas,0.75,859
2019-10-10,5,Pumped Storage Demand,0.25000000000000006,0
2019-10-10,6,Gas,0.7499999999999999,876
2019-10-10,6,Pumped Storage,0.25,0
2019-10-10,7,Gas,0.5833333333333333,942
2019-10-10,7,Pumped Storage,0.41666666666666663,0
2019-10-10,8,Gas,0.5,944
2019-10-10,8,Other,0.16666666666666669,2046
2019-10-10,8,Pumped Storage,0.33333333333333337,0
2019-10-10,9,Gas,0.8333333333333333,886
2019-10-10,9,Other,0.08333333333333331,2048
2019-10-10,9,Pumped Storage,0.08333333333333331,0
2019-10-10,10,Gas,1.0,919
2019-10-10,11,Gas,1.0,886
2019-10-10,12,Gas,1.0,846
2019-10-10,13,Gas,0.9999999999999997,883
2019-10-10,14,Gas,0.9999999999999999,858
2019-10-10,15,Gas,1.0,883
2019-10-10,16,Gas,1.0,1131
2019-10-10,17,Gas,0.6666666666666666,1092
2019-10-10,17,Pumped Storage,0.33333333333333337,0
2019-10-10,18,Gas,0.8333333333333335,1015
2019-10-10,18,Pumped Storage,0.16666666666666669,0
2019-10-10,19,Gas,0.8333333333333333,1203
2019-10-10,19,Pumped Storage,0.16666666666666666,0
2019-10-10,20,Gas,0.75,1175
2019-10-10,20,Pumped Storage,0.25,0
2019-10-10,21,Gas,0.9545454545454544,1016
2019-10-10,21,Pumped Storage,0.04545454545454545,0
2019-10-10,22,Gas,1.0,924
2019-10-10,23,Gas,1.0,919
2019-10-11,0,Gas,1.0,898
2019-10-11,1,Gas,1.0,900
2019-10-11,2,Gas,1.0,949
2019-10-11,3,Gas,0.9999999999999999,960
2019-10-11,4,Gas,0.7499999999999999,897
2019-10-11,4,Pumped Storage Demand,0.24999999999999997,0
2019-10-11,5,Gas,0.8333333333333335,845
2019-10-11,5,Pumped Storage Demand,0.16666666666666669,0
2019-10-11,6,Gas,0.49999999999999994,928
2019-10-11,6,Hydro,0.16666666666666666,0
2019-10-11,6,Other,0.16666666666666666,2044
2019-10-11,6,Pumped Storage,0.16666666666666666,0
2019-10-11,7,Gas,0.6666666666666666,874
2019-10-11,7,Pumped Storage,0.3333333333333333,0
2019-10-11,8,Gas,0.8333333333333333,931
2019-10-11,8,Pumped Storage,0.16666666666666666,0
2019-10-11,9,Gas,1.0,888
2019-10-11,10,Gas,1.0,862
2019-10-11,11,Gas,0.8333333333333334,895
2019-10-11,11,Pumped Storage,0.16666666666666666,0
2019-10-11,12,Gas,0.8333333333333335,946
2019-10-11,12,Pumped Storage,0.16666666666666669,0
2019-10-11,13,Gas,1.0,886
2019-10-11,14,Gas,0.75,889
2019-10-11,14,Other,0.25,2048
2019-10-11,15,Gas,1.0,943
2019-10-11,16,Gas,0.75,1269
2019-10-11,16,Pumped Storage,0.25,0
2019-10-11,17,Gas,1.0,951
2019-10-11,18,Gas,0.16666666666666669,878
2019-10-11,18,Pumped Storage,0.8333333333333334,0
2019-10-11,19,Gas,0.33333333333333337,996
2019-10-11,19,Other,0.08333333333333334,2044
2019-10-11,19,Pumped Storage,0.5833333333333333,0
2019-10-11,20,Coal,0.041666666666666664,2846
2019-10-11,20,Gas,0.5277777777777779,811
2019-10-11,20,Pumped Storage,0.4305555555555556,0
2019-10-11,21,Gas,0.5,914
2019-10-11,21,Pumped Storage,0.5,0
2019-10-11,22,Gas,0.6660606973101753,876
2019-10-11,22,Hydro,0.000908954034737035,0
2019-10-11,22,Pumped Storage,0.33303034865508757,0
2019-10-11,23,Gas,0.9997016496355766,864
2019-10-11,23,Hydro,0.00029835036442328014,0
2019-10-12,0,Gas,0.3333333333333333,818
2019-10-12,0,Other,0.16666666666666666,2048
2019-10-12,0,Pumped Storage,0.5,0
2019-10-12,1,Gas,0.24999999999999997,823
2019-10-12,1,Pumped Storage,0.7500000000000001,0
2019-10-12,2,Gas,0.75,825
2019-10-12,2,Pumped Storage,0.25000000000000006,0
2019-10-12,3,Gas,1.0,835
2019-10-12,4,Gas,0.08333333333333336,872
2019-10-12,4,Pumped Storage Demand,0.9166666666666666,0
2019-10-12,5,Gas,0.5833333333333333,887
2019-10-12,5,Hydro,0.25,0
2019-10-12,5,Other,0.16666666666666666,2044
2019-10-12,6,Hydro,0.25,0
2019-10-12,6,Pumped Storage,0.25,0
2019-10-12,6,Pumped Storage Demand,0.5000000000000001,0
2019-10-12,7,Gas,0.25,873
2019-10-12,7,Pumped Storage,0.16666666666666666,0
2019-10-12,7,Pumped Storage Demand,0.5833333333333334,0
2019-10-12,8,Gas,0.25,847
2019-10-12,8,Other,0.25,2048
2019-10-12,8,Pumped Storage Demand,0.5,0
2019-10-12,9,Gas,0.8333333333333335,1021
2019-10-12,9,Pumped Storage,0.08333333333333334,0
2019-10-12,9,Pumped Storage Demand,0.08333333333333334,0
2019-10-12,10,Gas,0.7152777777777778,1082
2019-10-12,10,Pumped Storage,0.2847222222222222,0
2019-10-12,11,Gas,0.9166666666666667,870
2019-10-12,11,Other,0.08333333333333334,2044
2019-10-12,12,Gas,0.9999999999999999,915
2019-10-12,13,Gas,0.7499999999999999,859
2019-10-12,13,Pumped Storage Demand,0.25,0
2019-10-12,14,Gas,1.0,862
2019-10-12,15,Gas,1.0,853
2019-10-12,16,Gas,0.9166666666666667,918
2019-10-12,16,Other,0.08333333333333333,2048
2019-10-12,17,Gas,0.8749999999999999,1013
2019-10-12,17,Other,0.125,2048
2019-10-12,18,Gas,0.8333333333333333,1154
2019-10-12,18,Other,0.16666666666666666,2048
2019-10-12,19,Gas,1.0000000000000002,1049
2019-10-12,20,Gas,0.5,1046
2019-10-12,20,Pumped Storage,0.4999999999999999,0
2019-10-12,21,Gas,0.4444444444444444,891
2019-10-12,21,Hydro,0.027777777777777776,0
2019-10-12,21,Pumped Storage,0.5277777777777777,0
2019-10-12,22,Gas,0.08333333333333333,890
2019-10-12,22,Hydro,0.16666666666666666,0
2019-10-12,22,Pumped Storage,0.7499999999999999,0
2019-10-12,23,Gas,0.9166666666666667,859
2019-10-12,23,Pumped Storage,0.08333333333333334,0
2019-10-13,0,Gas,0.4166666666666667,849
2019-10-13,0,Pumped Storage Demand,0.5833333333333334,0
2019-10-13,1,Gas,0.3333333333333333,818
2019-10-13,1,Pumped Storage Demand,0.6666666666666667,0
2019-10-13,2,Gas,0.9999999999999999,819
2019-10-13,3,Gas,0.16666666666666666,818
2019-10-13,3,Pumped Storage Demand,0.8333333333333334,0
2019-10-13,4,Pumped Storage Demand,1.0,0
2019-10-13,5,Pumped Storage Demand,1.0,0
2019-10-13,6,Gas,0.25,820
2019-10-13,6,Pumped Storage Demand,0.75,0
2019-10-13,7,Gas,0.9166666666666667,838
2019-10-13,7,Pumped Storage Demand,0.08333333333333334,0
2019-10-13,8,Gas,0.41666666666666674,919
2019-10-13,8,Pumped Storage Demand,0.5833333333333334,0
2019-10-13,9,Gas,1.0,952
2019-10-13,10,Gas,0.8333333333333333,854
2019-10-13,10,Pumped Storage Demand,0.16666666666666666,0
2019-10-13,11,Gas,1.0,823
2019-10-13,12,Gas,1.0,814
2019-10-13,13,Gas,1.0,843
2019-10-13,14,Gas,1.0,843
2019-10-13,15,Gas,0.6666666666666667,840
2019-10-13,15,Other,0.25,3500
2019-10-13,15,Pumped Storage Demand,0.08333333333333333,0
2019-10-13,16,Gas,0.75,871
2019-10-13,16,Pumped Storage Demand,0.25,0
2019-10-13,17,Gas,1.0,841
2019-10-13,18,Gas,1.0,857
2019-10-13,19,Gas,1.0,896
2019-10-13,20,Gas,1.0,875
2019-10-13,21,Gas,0.9166666666666666,833
2019-10-13,21,Wind,0.08333333333333333,0
2019-10-13,22,Gas,0.75,836
2019-10-13,22,Wind,0.25,0
2019-10-13,23,Gas,1.0,956
2019-10-14,0,Gas,1.0,838
2019-10-14,1,Gas,0.7500000000000001,984
2019-10-14,1,Other,0.24999999999999997,3500
2019-10-14,2,Gas,0.999396265029695,865
2019-10-14,2,Wind,0.0006037349703049306,0
2019-10-14,3,Gas,1.0,809
2019-10-14,4,Gas,1.0,862
2019-10-14,5,Gas,1.0,856
2019-10-14,6,Gas,0.5833333333333333,806
2019-10-14,6,Pumped Storage Demand,0.41666666666666663,0
2019-10-14,7,Gas,0.75,832
2019-10-14,7,Pumped Storage Demand,0.25,0
2019-10-14,8,Gas,1.0,877
2019-10-14,9,Gas,1.0,907
2019-10-14,10,Gas,0.9986901753800033,894
2019-10-14,10,Wind,0.0013098246199968236,0
2019-10-14,11,Gas,1.0,844
2019-10-14,12,Gas,1.0,880
2019-10-14,13,Gas,1.0,857
2019-10-14,14,Gas,0.9999999999999999,850
2019-10-14,15,Gas,0.9999999999999999,860
2019-10-14,16,Gas,1.0,862
2019-10-14,17,Gas,0.49999999999999994,843
2019-10-14,17,Pumped Storage,0.5,0
2019-10-14,18,Gas,1.0,889
2019-10-14,19,Gas,1.0,867
2019-10-14,20,Gas,0.9166666666666666,977
2019-10-14,20,Pumped Storage,0.08333333333333333,0
2019-10-14,21,Gas,0.9166666666666666,867
2019-10-14,21,Pumped Storage,0.08333333333333333,0
2019-10-14,22,Gas,0.9999999999999999,831
2019-10-14,23,Gas,0.9999999999999999,822
2019-10-15,0,Gas,1.0,861
2019-10-15,1,Gas,1.0,905
2019-10-15,2,Gas,1.0,865
2019-10-15,3,Gas,1.0,845
2019-10-15,4,Gas,1.0,990
2019-10-15,5,Gas,0.8750000000000001,1052
2019-10-15,5,Pumped Storage,0.125,0
2019-10-15,6,Gas,0.8333333333333333,984
2019-10-15,6,Pumped Storage,0.16666666666666666,0
2019-10-15,7,Gas,0.3333333333333333,1095
2019-10-15,7,Pumped Storage,0.6666666666666666,0
2019-10-15,8,Gas,0.25,852
2019-10-15,8,Other,0.08333333333333333,2044
2019-10-15,8,Pumped Storage,0.6666666666666666,0
2019-10-15,9,Gas,1.0,900
2019-10-15,10,Gas,1.0,876
2019-10-15,11,Gas,1.0,872
2019-10-15,12,Gas,1.0,870
2019-10-15,13,Gas,1.0,864
2019-10-15,14,Gas,0.9999999999999999,871
2019-10-15,15,Gas,0.9999999999999999,919
2019-10-15,16,Gas,1.0000000000000002,878
2019-10-15,17,Gas,0.9999999999999998,939
2019-10-15,18,Gas,0.5,889
2019-10-15,18,Pumped Storage,0.5,0
2019-10-15,19,Gas,0.6666666666666667,886
2019-10-15,19,Pumped Storage,0.33333333333333337,0
2019-10-15,20,Gas,0.4166666666666667,927
2019-10-15,20,Other,0.08333333333333334,2044
2019-10-15,20,Pumped Storage,0.5,0
2019-10-15,21,Gas,0.4583333333333333,864
2019-10-15,21,Hydro,0.16666666666666666,0
2019-10-15,21,Other,0.041666666666666664,2044
2019-10-15,21,Pumped Storage,0.3333333333333333,0
2019-10-15,22,Gas,0.6666666666666667,847
2019-10-15,22,Other,0.33333333333333337,2046
2019-10-15,23,Gas,0.9444444444444444,825
2019-10-15,23,Other,0.05555555555555555,2044
2019-10-16,0,Gas,0.8055555555555556,801
2019-10-16,0,Other,0.027777777777777776,2044
2019-10-16,0,Pumped Storage Demand,0.16666666666666666,0
2019-10-16,1,Gas,0.16666666666666669,851
2019-10-16,1,Pumped Storage Demand,0.8333333333333333,0
2019-10-16,2,Gas,0.25,845
2019-10-16,2,Pumped Storage Demand,0.75,0
2019-10-16,3,Gas,0.33333333333333337,849
2019-10-16,3,Pumped Storage Demand,0.6666666666666666,0
2019-10-16,4,Gas,0.3333333333333333,845
2019-10-16,4,Pumped Storage Demand,0.6666666666666666,0
2019-10-16,5,Gas,0.6666666666666667,846
2019-10-16,5,Other,0.08333333333333333,2044
2019-10-16,5,Pumped Storage,0.25,0
2019-10-16,6,Gas,0.5416666666666667,907
2019-10-16,6,Pumped Storage,0.45833333333333337,0
2019-10-16,7,Gas,0.6648239066163524,906
2019-10-16,7,Pumped Storage,0.3321048266331238,0
2019-10-16,7,Wind,0.003071266750523923,0
2019-10-16,8,Gas,0.7472514297984477,853
2019-10-16,8,Pumped Storage,0.24908380993281592,0
2019-10-16,8,Wind,0.0036647602687363886,0
2019-10-16,9,Gas,0.9965886438755891,860
2019-10-16,9,Wind,0.0034113561244108657,0
2019-10-16,10,Gas,0.9971999123695071,859
2019-10-16,10,Wind,0.002800087630492947,0
2019-10-16,11,Gas,0.8306213824079732,859
2019-10-16,11,Other,0.16612427648159467,2048
2019-10-16,11,Wind,0.003254341110432326,0
2019-10-16,12,Gas,0.9969868359444989,898
2019-10-16,12,Wind,0.003013164055501231,0
2019-10-16,13,Gas,0.9968436007371607,875
2019-10-16,13,Wind,0.0031563992628392597,0
2019-10-16,14,Gas,0.9980604451728887,883
2019-10-16,14,Wind,0.0019395548271114347,0
2019-10-16,15,Gas,0.8319871484735173,888
2019-10-16,15,Pumped Storage,0.16624028068019042,0
2019-10-16,15,Wind,0.0017725708462924688,0
2019-10-16,16,Hydro,0.0002829085037034724,0
2019-10-16,16,Pumped Storage,0.9989664601526168,0
2019-10-16,16,Wind,0.0007506313436797669,0
2019-10-16,17,Gas,0.24982693130547273,845
2019-10-16,17,Hydro,0.0003461373890545605,0
2019-10-16,17,Pumped Storage,0.7498269313054727,0
2019-10-16,18,Gas,0.375,886
2019-10-16,18,Pumped Storage,0.6249999999999999,0
2019-10-16,19,Gas,0.33333333333333326,908
2019-10-16,19,Pumped Storage,0.6666666666666667,0
2019-10-16,20,Gas,0.25,882
2019-10-16,20,Other,0.25,2048
2019-10-16,20,Pumped Storage,0.5,0
2019-10-16,21,Gas,0.7499999999999999,899
2019-10-16,21,Other,0.25,2045
2019-10-16,22,Gas,1.0,889
2019-10-16,23,Gas,0.9980262419989647,836
2019-10-16,23,Hydro,0.0003900894343738991,0
2019-10-16,23,Wind,0.001583668566661222,0
2019-10-17,0,Gas,0.9972539015420301,890
2019-10-17,0,Wind,0.002746098457969776,0
2019-10-17,1,Gas,0.9959403940487312,863
2019-10-17,1,Wind,0.004059605951268619,0
2019-10-17,2,Gas,0.9955208688600555,965
2019-10-17,2,Wind,0.004479131139944498,0
2019-10-17,3,Gas,0.9125112442437047,848
2019-10-17,3,Pumped Storage Demand,0.0829555676585186,0
2019-10-17,3,Wind,0.004533188097776771,0
2019-10-17,4,Gas,0.5801757297412299,857
2019-10-17,4,Hydro,0.001684201970476795,0
2019-10-17,4,Pumped Storage Demand,0.4140876344871751,0
2019-10-17,4,Wind,0.004052433801118135,0
2019-10-17,5,Gas,0.4154835459584991,844
2019-10-17,5,Hydro,0.0015358234871093812,0
2019-10-17,5,Pumped Storage Demand,0.5816769643418989,0
2019-10-17,5,Wind,0.0013036662124924984,0
2019-10-17,6,Gas,0.6655186031119891,969
2019-10-17,6,Hydro,0.0004810772243070053,0
2019-10-17,6,Pumped Storage Demand,0.33183088113509146,0
2019-10-17,6,Wind,0.0021694385286123914,0
2019-10-17,7,Gas,0.9136141248291524,933
2019-10-17,7,Hydro,0.00043329590056419173,0
2019-10-17,7,Pumped Storage Demand,0.0829150968391964,0
2019-10-17,7,Wind,0.003037482431086979,0
2019-10-17,8,Gas,0.997316226170479,872
2019-10-17,8,Hydro,0.002292143312438754,0
2019-10-17,8,Wind,0.00039163051708208463,0
2019-10-17,9,Gas,0.9973470583773362,926
2019-10-17,9,Hydro,0.0008188768318490966,0
2019-10-17,9,Wind,0.001834064790814898,0
2019-10-17,10,Gas,0.9973309375948213,854
2019-10-17,10,Hydro,0.00025223146176297107,0
2019-10-17,10,Wind,0.002416830943415665,0
2019-10-17,11,Gas,0.9972799086790114,859
2019-10-17,11,Wind,0.0027200913209884424,0
2019-10-17,12,Gas,0.9986084404392213,855
2019-10-17,12,Hydro,0.0009641050256830614,0
2019-10-17,12,Wind,0.00042745453509560966,0
2019-10-17,13,Gas,0.9997583526716708,858
2019-10-17,13,Hydro,0.0002416473283292214,0
2019-10-17,14,Gas,0.9985438681287714,847
2019-10-17,14,Wind,0.0014561318712285748,0
2019-10-17,15,Gas,0.9987843497194164,862
2019-10-17,15,Wind,0.001215650280583587,0
2019-10-17,16,Gas,0.5824300073190628,864
2019-10-17,16,Other,0.41606444932381964,2044
2019-10-17,16,Wind,0.0015055433571175675,0
2019-10-17,17,Gas,0.4981529956896439,937
2019-10-17,17,Pumped Storage,0.49815299568964394,0
2019-10-17,17,Wind,0.0036940086207121695,0
2019-10-17,18,Gas,0.41516678382156164,909
2019-10-17,18,Pumped Storage,0.5812334973501863,0
2019-10-17,18,Wind,0.0035997188282520256,0
2019-10-17,19,Gas,0.37338315414848733,907
2019-10-17,19,Hydro,0.00041162644434924843,0
2019-10-17,19,Pumped Storage,0.6226254108153062,0
2019-10-17,19,Wind,0.0035798085918573325,0
2019-10-17,20,Gas,0.41486758257288675,854
2019-10-17,20,Hydro,0.0003877750713104023,0
2019-10-17,20,Pumped Storage,0.5808146156020415,0
2019-10-17,20,Wind,0.003930026753761359,0
2019-10-17,21,Gas,0.9957263039737179,929
2019-10-17,21,Hydro,0.000678556404102699,0
2019-10-17,21,Wind,0.003595139622179508,0
2019-10-17,22,Gas,0.4978772419003199,868
2019-10-17,22,Hydro,0.16615797530902537,0
2019-10-17,22,Pumped Storage Demand,0.33191816126687995,0
2019-10-17,22,Wind,0.0040466215237749455,0
2019-10-17,23,Gas,0.9127524874337147,839
2019-10-17,23,Other,0.08297749885761042,2044
2019-10-17,23,Wind,0.004270013708674877,0
2019-10-18,0,Gas,0.9128345072684465,817
2019-10-18,0,Hydro,0.0005667779663787799,0
2019-10-18,0,Pumped Storage Demand,0.08296563323009586,0
2019-10-18,0,Wind,0.00363308153507898,0
2019-10-18,1,Gas,0.9957026232341675,850
2019-10-18,1,Hydro,0.0006545910599821852,0
2019-10-18,1,Other,0.00013091821199643706,3240
2019-10-18,1,Wind,0.0035118674938538707,0
2019-10-18,2,Gas,0.6637167976320051,815
2019-10-18,2,Hydro,0.000739222739792161,0
2019-10-18,2,Other,6.720206725383283e-05,3240
2019-10-18,2,Pumped Storage Demand,0.33185839881600254,0
2019-10-18,2,Wind,0.0036183787449463674,0
2019-10-18,3,Gas,0.8295752401807954,853
2019-10-18,3,Hydro,0.0006129799600608615,0
2019-10-18,3,Other,0.00020432665335362048,3240
2019-10-18,3,Pumped Storage Demand,0.16591504803615909,0
2019-10-18,3,Wind,0.0036924051696308946,0
2019-10-18,4,Gas,0.9955839265131877,898
2019-10-18,4,Hydro,0.0008150871897132328,0
2019-10-18,4,Wind,0.0036009862970991274,0
2019-10-18,5,Gas,0.7041047153934271,914
2019-10-18,5,Hydro,0.2906425866563897,0
2019-10-18,5,Wind,0.0052526979501830995,0
2019-10-18,6,Gas,0.8293368368262091,853
2019-10-18,6,Hydro,0.0008011320380132535,0
2019-10-18,6,Other,0.0001602264076026507,3240
2019-10-18,6,Pumped Storage,0.16586736736524182,0
2019-10-18,6,Wind,0.003834437362932964,0
2019-10-18,7,Gas,0.4976705587697163,842
2019-10-18,7,Hydro,0.000994533107257085,0
2019-10-18,7,Pumped Storage,0.4976705587697163,0
2019-10-18,7,Wind,0.003664349353310478,0
2019-10-18,8,Gas,0.4977152997020894,882
2019-10-18,8,Hydro,0.0009622932925154153,0
2019-10-18,8,Pumped Storage,0.4977152997020895,0
2019-10-18,8,Wind,0.003607107303305539,0
2019-10-18,9,Gas,0.705553760395469,875
2019-10-18,9,Hydro,0.0004819292120819385,0
2019-10-18,9,Pumped Storage,0.2904370903018845,0
2019-10-18,9,Wind,0.003527220090564561,0
2019-10-18,10,Gas,0.08303035597908641,845
2019-10-18,10,Pumped Storage,0.9133339157699503,0
2019-10-18,10,Wind,0.0036357282509632952,0
2019-10-18,11,Gas,0.7879854585932295,897
2019-10-18,11,Hydro,0.0008281584211061111,0
2019-10-18,11,Pumped Storage,0.2074256165660893,0
2019-10-18,11,Wind,0.0037607664195745904,0
2019-10-18,12,Gas,0.9955064962582032,877
2019-10-18,12,Hydro,0.001009304791006756,0
2019-10-18,12,Wind,0.0034841989507897768,0
2019-10-18,13,Gas,0.9955701506952247,870
2019-10-18,13,Hydro,0.0009359220875652276,0
2019-10-18,13,Wind,0.0034939272172100047,0
2019-10-18,14,Gas,0.9953915514976136,869
2019-10-18,14,Hydro,0.0009412910580208487,0
2019-10-18,14,Wind,0.0036671574443653977,0
2019-10-18,15,Gas,0.8297344392259703,879
2019-10-18,15,Hydro,0.0009475745754440561,0
2019-10-18,15,Other,0.16594688784519407,2048
2019-10-18,15,Wind,0.003371098353391571,0
2019-10-18,16,Gas,0.9124626929461623,923
2019-10-18,16,Hydro,0.042406061231053296,0
2019-10-18,16,Pumped Storage,0.04147557695209829,0
2019-10-18,16,Wind,0.0036556688706859603,0
2019-10-18,17,Coal,0.08294152764187317,2846
2019-10-18,17,Gas,0.49764916585123903,936
2019-10-18,17,Hydro,0.08383992761638398,0
2019-10-18,17,Pumped Storage,0.33176611056749267,0
2019-10-18,17,Wind,0.0038032683230111376,0
2019-10-18,18,Gas,0.6359889818919754,929
2019-10-18,18,Hydro,0.000786729510298251,0
2019-10-18,18,Pumped Storage,0.35948758125732794,0
2019-10-18,18,Wind,0.0037367073403984053,0
2019-10-18,19,Coal,0.33182372439224755,2846
2019-10-18,19,Gas,0.11067876847957427,952
2019-10-18,19,Hydro,0.0005668827906006279,0
2019-10-18,19,Other,0.00021258104647523543,3398
2019-10-18,19,Pumped Storage,0.5539591663130851,0
2019-10-18,19,Wind,0.0027588769780173285,0
2019-10-18,20,Gas,0.33216225112836234,908
2019-10-18,20,Hydro,0.0005896115471428851,0
2019-10-18,20,Other,0.16593372267739545,2044
2019-10-18,20,Pumped Storage,0.4978011680321864,0
2019-10-18,20,Wind,0.0035132466149129737,0
2019-10-18,21,Gas,0.49784876276915624,836
2019-10-18,21,Hydro,0.000833204110795799,0
2019-10-18,21,Pumped Storage,0.4978487627691562,0
2019-10-18,21,Wind,0.0034692703508916504,0
2019-10-18,22,Gas,0.3738183249116568,965
2019-10-18,22,Hydro,0.000464561828341528,0
2019-10-18,22,Other,0.0001327319509547223,3240
2019-10-18,22,Pumped Storage,0.6226822094529046,0
2019-10-18,22,Wind,0.002902171856142325,0
2019-10-18,23,Gas,0.7482629721751444,997
2019-10-18,23,Hydro,0.000322943465188246,0
2019-10-18,23,Pumped Storage,0.2491919129199806,0
2019-10-18,23,Wind,0.0022221714396867135,0
2019-10-19,0,Gas,0.52695330327423,859
2019-10-19,0,Other,0.13851045085029662,2048
2019-10-19,0,Pumped Storage,0.25,0
2019-10-19,0,Pumped Storage Demand,0.08303599283382387,0
2019-10-19,0,Wind,0.0015002530416494695,0
2019-10-19,1,Coal,0.1660807807748062,3011
2019-10-19,1,Gas,0.0830403903874031,823
2019-10-19,1,Other,0.4152019519370155,2045
2019-10-19,1,Pumped Storage Demand,0.3321615615496124,0
2019-10-19,1,Wind,0.003515315351162678,0
2019-10-19,2,Gas,0.9984782584328828,963
2019-10-19,2,Wind,0.0015217415671171966,0
2019-10-19,3,Gas,0.7488530179213803,993
2019-10-19,3,Pumped Storage Demand,0.25000000000000006,0
2019-10-19,3,Wind,0.0011469820786196886,0
2019-10-19,4,Pumped Storage Demand,1.0,0
2019-10-19,5,Gas,0.3327371962922079,955
2019-10-19,5,Other,0.20818429907305197,2047
2019-10-19,5,Pumped Storage,0.2915176324063853,0
2019-10-19,5,Pumped Storage Demand,0.16666666666666666,0
2019-10-19,5,Wind,0.0008942055616881439,0
2019-10-19,6,Gas,0.1944444444444444,993
2019-10-19,6,Hydro,0.11111111111111108,0
2019-10-19,6,Other,0.31900579692796044,2044
2019-10-19,6,Pumped Storage,0.3739764891282041,0
2019-10-19,6,Wind,0.0014621583882798823,0
2019-10-19,7,Gas,0.16666666666666666,997
2019-10-19,7,Other,0.041666666666666664,2044
2019-10-19,7,Pumped Storage,0.7916666666666666,0
2019-10-19,8,Gas,0.7500000000000002,979
2019-10-19,8,Other,0.12500000000000003,2044
2019-10-19,8,Pumped Storage,0.12500000000000003,0
2019-10-19,9,Gas,0.75,859
2019-10-19,9,Other,0.08333333333333334,2044
2019-10-19,9,Pumped Storage,0.16666666666666669,0
2019-10-19,10,Gas,0.5833333333333333,968
2019-10-19,10,Pumped Storage,0.4166666666666666,0
2019-10-19,11,Gas,0.9999999999999999,946
2019-10-19,12,Gas,0.3333333333333333,916
2019-10-19,12,Pumped Storage Demand,0.6666666666666666,0
2019-10-19,13,Pumped Storage Demand,1.0,0
2019-10-19,14,Pumped Storage Demand,1.0,0
2019-10-19,15,Gas,0.5833333333333333,918
2019-10-19,15,Pumped Storage Demand,0.41666666666666663,0
2019-10-19,16,Gas,0.7083333333333333,901
2019-10-19,16,Hydro,0.25,0
2019-10-19,16,Other,0.041666666666666664,2048
2019-10-19,17,Gas,0.5833333333333334,874
2019-10-19,17,Hydro,0.16666666666666666,0
2019-10-19,17,Pumped Storage,0.25,0
2019-10-19,18,Gas,0.2916666666666667,842
2019-10-19,18,Pumped Storage,0.7083333333333334,0
2019-10-19,19,Gas,0.3333333333333333,958
2019-10-19,19,Pumped Storage,0.6666666666666666,0
2019-10-19,20,Gas,0.5555555555555556,932
2019-10-19,20,Other,0.1388888888888889,2044
2019-10-19,20,Pumped Storage,0.3055555555555555,0
2019-10-19,21,Gas,0.27777777777777773,888
2019-10-19,21,Other,0.1111111111111111,2044
2019-10-19,21,Pumped Storage,0.6111111111111112,0
2019-10-19,22,Gas,0.7291666666666667,970
2019-10-19,22,Other,0.020833333333333332,2048
2019-10-19,22,Pumped Storage,0.25,0
2019-10-19,23,Gas,0.5625000000000001,1008
2019-10-19,23,Other,0.020833333333333336,2048
2019-10-19,23,Pumped Storage Demand,0.41666666666666674,0
2019-10-20,0,Gas,1.0,838
2019-10-20,1,Pumped Storage Demand,1.0,0
2019-10-20,2,Pumped Storage Demand,1.0,0
2019-10-20,3,Pumped Storage Demand,1.0,0
2019-10-20,4,Gas,0.41666666666666663,844
2019-10-20,4,Pumped Storage Demand,0.5833333333333334,0
2019-10-20,5,Gas,0.41666666666666663,841
2019-10-20,5,Pumped Storage Demand,0.5833333333333334,0
2019-10-20,6,Gas,0.41666666666666663,913
2019-10-20,6,Pumped Storage Demand,0.5833333333333334,0
2019-10-20,7,Gas,1.0,1025
2019-10-20,8,Gas,1.0,863
2019-10-20,9,Gas,0.33333333333333337,1113
2019-10-20,9,Other,0.08333333333333334,2048
2019-10-20,9,Pumped Storage,0.5833333333333334,0
2019-10-20,10,Gas,0.6666666666666666,1049
2019-10-20,10,Other,0.08333333333333333,2048
2019-10-20,10,Pumped Storage,0.25,0
2019-10-20,11,Gas,1.0,841
2019-10-20,12,Gas,0.7500000000000002,913
2019-10-20,12,Pumped Storage,0.25,0
2019-10-20,13,Gas,0.6666666666666666,1000
2019-10-20,13,Hydro,0.08333333333333333,0
2019-10-20,13,Pumped Storage,0.25,0
2019-10-20,14,Gas,0.9583333333333334,911
2019-10-20,14,Pumped Storage,0.04166666666666667,0
2019-10-20,15,Gas,0.6250000000000001,865
2019-10-20,15,Other,0.25,2044
2019-10-20,15,Pumped Storage,0.125,0
2019-10-20,16,Gas,0.7083333333333334,1069
2019-10-20,16,Other,0.08333333333333334,2048
2019-10-20,16,Pumped Storage,0.20833333333333334,0
2019-10-20,17,Gas,0.8333333333333331,1106
2019-10-20,17,Pumped Storage,0.16666666666666663,0
2019-10-20,18,Gas,0.4999999999999999,895
2019-10-20,18,Pumped Storage,0.4999999999999999,0
2019-10-20,19,Gas,0.41666666666666674,1179
2019-10-20,19,Pumped Storage,0.5833333333333335,0
2019-10-20,20,Gas,0.7916666666666667,930
2019-10-20,20,Other,0.08333333333333333,2048
2019-10-20,20,Pumped Storage,0.125,0
2019-10-20,21,Gas,1.0,961
2019-10-20,22,Gas,1.0,894
2019-10-20,23,Gas,1.0,886
2019-10-21,0,Gas,1.0,842
2019-10-21,1,Gas,0.6666666666666666,828
2019-10-21,1,Pumped Storage Demand,0.3333333333333333,0
2019-10-21,2,Gas,0.5,839
2019-10-21,2,Pumped Storage Demand,0.49999999999999994,0
2019-10-21,3,Gas,0.75,872
2019-10-21,3,Other,0.25,2044
2019-10-21,4,Gas,0.9166666666666667,854
2019-10-21,4,Other,0.08333333333333334,2044
2019-10-21,5,Gas,0.7916666666666666,860
2019-10-21,5,Hydro,0.20833333333333331,0
2019-10-21,6,Gas,0.16666666666666669,907
2019-10-21,6,Hydro,0.16666666666666669,0
2019-10-21,6,Pumped Storage,0.6666666666666667,0
2019-10-21,7,Gas,0.08333333333333334,1233
2019-10-21,7,Pumped Storage,0.9166666666666667,0
2019-10-21,8,Gas,0.75,828
2019-10-21,8,Pumped Storage,0.25,0
2019-10-21,9,Gas,0.9999999999999999,857
2019-10-21,10,Gas,1.0,941
2019-10-21,11,Gas,1.0,890
2019-10-21,12,Gas,1.0,884
2019-10-21,13,Gas,1.0,894
2019-10-21,14,Gas,1.0,927
2019-10-21,15,Gas,1.0,972
2019-10-21,16,Gas,1.0,892
2019-10-21,17,Gas,0.75,900
2019-10-21,17,Other,0.08333333333333333,2044
2019-10-21,17,Pumped Storage,0.16666666666666666,0
2019-10-21,18,Gas,0.75,843
2019-10-21,18,Other,0.25,2044
2019-10-21,19,Gas,0.5833333333333334,877
2019-10-21,19,Other,0.16666666666666666,2048
2019-10-21,19,Pumped Storage,0.25,0
2019-10-21,20,Gas,1.0000000000000002,944
2019-10-21,21,Gas,0.9999999999999999,893
2019-10-21,22,Gas,1.0,931
2019-10-21,23,Gas,0.75,944
2019-10-21,23,Pumped Storage Demand,0.25,0
2019-10-22,0,Gas,0.33333333333333337,851
2019-10-22,0,Pumped Storage Demand,0.6666666666666667,0
2019-10-22,1,Gas,0.5833333333333334,1132
2019-10-22,1,Pumped Storage Demand,0.4166666666666667,0
2019-10-22,2,Gas,0.41666666666666663,1016
2019-10-22,2,Pumped Storage Demand,0.5833333333333334,0
2019-10-22,3,Gas,0.25,845
2019-10-22,3,Pumped Storage Demand,0.75,0
2019-10-22,4,Gas,0.4166666666666667,851
2019-10-22,4,Pumped Storage Demand,0.5833333333333334,0
2019-10-22,5,Gas,0.16666666666666666,836
2019-10-22,5,Pumped Storage Demand,0.8333333333333333,0
2019-10-22,6,Gas,0.8888888888888888,907
2019-10-22,6,Other,0.11111111111111113,2044
2019-10-22,7,Gas,1.0,893
2019-10-22,8,Gas,1.0,965
2019-10-22,9,Gas,0.9999999999999999,922
2019-10-22,10,Gas,0.9990354750882052,865
2019-10-22,10,Wind,0.0009645249117948928,0
2019-10-22,11,Gas,0.9971068306382664,865
2019-10-22,11,Wind,0.0028931693617338648,0
2019-10-22,12,Gas,1.0,906
2019-10-22,13,Gas,1.0,910
2019-10-22,14,Gas,0.9981575612757871,971
2019-10-22,14,Wind,0.0018424387242126036,0
2019-10-22,15,Gas,0.99904171009056,996
2019-10-22,15,Wind,0.0009582899094399296,0
2019-10-22,16,Gas,0.16634321057844542,951
2019-10-22,16,Pumped Storage,0.8333333333333334,0
2019-10-22,16,Wind,0.0003234560882212738,0
2019-10-22,17,Gas,0.9958128383925162,874
2019-10-22,17,Hydro,6.965774841148474e-05,0
2019-10-22,17,Wind,0.004117503859072443,0
2019-10-22,18,Gas,0.9973408356907799,870
2019-10-22,18,Hydro,7.194342894608416e-05,0
2019-10-22,18,Other,0.0004316605736765049,3398
2019-10-22,18,Wind,0.0021555603065974674,0
2019-10-22,19,Gas,0.9994680069664913,847
2019-10-22,19,Hydro,6.649912918857404e-05,0
2019-10-22,19,Other,0.0004654939043200184,3398
2019-10-22,20,Gas,0.8332081524332069,915
2019-10-22,20,Other,0.0001251809001265413,3398
2019-10-22,20,Pumped Storage,0.16666666666666669,0
2019-10-22,21,Gas,1.0000000000000002,908
2019-10-22,22,Gas,0.6737312419247566,842
2019-10-22,22,Hydro,0.27535424645018924,0
2019-10-22,22,Wind,0.05091451162505446,0
2019-10-22,23,Gas,0.812107724486737,896
2019-10-22,23,Hydro,0.06289227551326287,0
2019-10-22,23,Wind,0.12499999999999999,0
2019-10-23,0,Gas,0.15972222222222224,1189
2019-10-23,0,Hydro,0.21534054504780456,0
2019-10-23,0,Pumped Storage Demand,0.5832705660633067,0
2019-10-23,0,Wind,0.04166666666666668,0
2019-10-23,1,Hydro,0.00039655264112984533,0
2019-10-23,1,Other,0.00016995113191279088,3240
2019-10-23,1,Pumped Storage Demand,0.5829934310695077,0
2019-10-23,1,Wind,0.41644006515744963,0
2019-10-23,2,Gas,0.9977415560286966,915
2019-10-23,2,Wind,0.0022584439713034033,0
2019-10-23,3,Gas,0.49951419524736806,1111
2019-10-23,3,Hydro,0.49924744794250997,0
2019-10-23,3,Other,0.00023495406680188743,3240
2019-10-23,3,Wind,0.001003402743320086,0
2019-10-23,4,Gas,0.9981401452157814,832
2019-10-23,4,Hydro,0.0002368479756075779,0
2019-10-23,4,Wind,0.0016230068086109774,0
2019-10-23,5,Gas,0.6655109101485678,894
2019-10-23,5,Pumped Storage Demand,0.3327554550742839,0
2019-10-23,5,Wind,0.0017336347771484315,0
2019-10-23,6,Gas,0.831762456808862,892
2019-10-23,6,Pumped Storage,0.1663524913617724,0
2019-10-23,6,Wind,0.0018850518293657905,0
2019-10-23,7,Gas,0.9160916343473646,914
2019-10-23,7,Pumped Storage,0.08318957525350783,0
2019-10-23,7,Wind,0.0007187903991274378,0
2019-10-23,8,Gas,0.7638888888888888,861
2019-10-23,8,Other,0.05555555555555555,2048
2019-10-23,8,Pumped Storage,0.18055555555555555,0
2019-10-23,9,Gas,1.0,933
2019-10-23,10,Gas,0.9999999999999999,919
2019-10-23,11,Gas,0.9999999999999999,928
2019-10-23,12,Gas,0.8333333333333333,852
2019-10-23,12,Wind,0.16666666666666666,0
2019-10-23,13,Gas,1.0,862
2019-10-23,14,Gas,1.0,893
2019-10-23,15,Gas,0.9992152083115595,944
2019-10-23,15,Hydro,0.0006278333507522553,0
2019-10-23,15,Other,0.00015695833768806383,3398
2019-10-23,16,Gas,0.9993335423869667,885
2019-10-23,16,Hydro,0.0004998432097749078,0
2019-10-23,16,Other,0.00016661440325830258,3398
2019-10-23,17,Gas,0.9993921193628525,917
2019-10-23,17,Hydro,0.0004052537580983303,0
2019-10-23,17,Other,0.00020262687904916516,3398
2019-10-23,18,Gas,0.9991570945898619,896
2019-10-23,18,Hydro,0.0005619369400920423,0
2019-10-23,18,Other,0.0002809684700460212,3398
2019-10-23,19,Gas,0.9972379208582726,987
2019-10-23,19,Hydro,0.0002053561736070337,0
2019-10-23,19,Other,0.0006160685208211012,3398
2019-10-23,19,Wind,0.001940654447299436,0
2019-10-23,20,Gas,0.9941164930113091,882
2019-10-23,20,Hydro,0.0005787705714745547,0
2019-10-23,20,Other,0.00019292352382485153,3398
2019-10-23,20,Wind,0.005111812893391612,0
2019-10-23,21,Gas,0.997085205132443,863
2019-10-23,21,Hydro,0.0007430193335205808,0
2019-10-23,21,Other,6.754721213823461e-05,3398
2019-10-23,21,Wind,0.0021042283218980266,0
2019-10-23,22,Gas,0.9975593395984865,824
2019-10-23,22,Hydro,0.0005364582378947583,0
2019-10-23,22,Other,0.00011921294175439074,3240
2019-10-23,22,Wind,0.0017849892218640927,0
2019-10-23,23,Gas,0.997918339305543,837
2019-10-23,23,Hydro,0.0008038185968214592,0
2019-10-23,23,Wind,0.001277842097635631,0
2019-10-24,0,Gas,0.41528544291059644,845
2019-10-24,0,Hydro,0.000991050816233882,0
2019-10-24,0,Pumped Storage Demand,0.49795022444287257,0
2019-10-24,0,Wind,0.08577328183029709,0
2019-10-24,1,Gas,0.24928463284196473,859
2019-10-24,1,Hydro,0.0009208102194171983,0
2019-10-24,1,Pumped Storage Demand,0.24928463284196473,0
2019-10-24,1,Wind,0.5005099240966533,0
2019-10-24,2,Hydro,6.845508277766915e-05,0
2019-10-24,2,Other,0.00020536524833300745,3240
2019-10-24,2,Pumped Storage Demand,0.8315372240082984,0
2019-10-24,2,Wind,0.16818895566059075,0
2019-10-24,3,Gas,0.9146356312115197,944
2019-10-24,3,Hydro,0.0001196562315670846,0
2019-10-24,3,Other,0.00047862492626833843,3240
2019-10-24,3,Pumped Storage Demand,0.08313781590726842,0
2019-10-24,3,Wind,0.0016282717233764865,0
2019-10-24,4,Gas,0.9976646345766328,860
2019-10-24,4,Other,0.0006169927951660414,3240
2019-10-24,4,Wind,0.0017183726282010985,0
2019-10-24,5,Gas,0.9974012510492856,816
2019-10-24,5,Hydro,0.0005180231053915949,0
2019-10-24,5,Other,0.00025901155269579746,3240
2019-10-24,5,Wind,0.001821714292626969,0
2019-10-24,6,Gas,0.6647227648559733,828
2019-10-24,6,Hydro,0.0009600278937126359,0
2019-10-24,6,Pumped Storage,0.33236138242798663,0
2019-10-24,6,Wind,0.0019558248223275634,0
2019-10-24,7,Gas,0.2993835502721868,1073
2019-10-24,7,Hydro,0.03404113149332135,0
2019-10-24,7,Other,0.0002469063348795424,3240
2019-10-24,7,Pumped Storage,0.6652078444587602,0
2019-10-24,7,Wind,0.0011205674408518915,0
2019-10-24,8,Gas,0.6077429186448771,1022
2019-10-24,8,Hydro,0.016731369646223536,0
2019-10-24,8,Other,0.12552571170889953,2051
2019-10-24,8,Pumped Storage,0.25000000000000006,0
2019-10-24,9,Gas,0.9576212701424494,950
2019-10-24,9,Other,0.042378729857550645,2068
2019-10-24,10,Gas,1.0,824
2019-10-24,11,Gas,0.9999999999999999,964
2019-10-24,12,Gas,0.9998367265746717,858
2019-10-24,12,Other,0.00016327342532821302,3398
2019-10-24,13,Gas,0.9991852948235271,876
2019-10-24,13,Hydro,0.00016294103529456927,0
2019-10-24,13,Other,0.0006517641411782771,3398
2019-10-24,14,Gas,0.999354673017604,856
2019-10-24,14,Hydro,0.0005646611095965873,0
2019-10-24,14,Other,8.066587279951246e-05,3398
2019-10-24,15,Gas,0.999049427218711,855
2019-10-24,15,Hydro,0.0009505727812891261,0
2019-10-24,16,Gas,0.4994974580415184,851
2019-10-24,16,Hydro,0.0005025419584815627,0
2019-10-24,16,Pumped Storage,0.5000000000000001,0
2019-10-24,17,Gas,0.5828163814653167,846
2019-10-24,17,Hydro,0.0005169518680166862,0
2019-10-24,17,Other,0.00029540106743810635,3398
2019-10-24,17,Pumped Storage,0.41637126559922855,0
2019-10-24,18,Gas,0.3330277285213352,872
2019-10-24,18,Hydro,0.0006112096239959891,0
2019-10-24,18,Other,0.00030560481199799457,3398
2019-10-24,18,Pumped Storage,0.6660554570426706,0
2019-10-24,19,Gas,0.6653885796324713,849
2019-10-24,19,Hydro,0.00082321141735131,0
2019-10-24,19,Pumped Storage,0.3330589295275495,0
2019-10-24,19,Wind,0.0007292794226276931,0
2019-10-24,20,Gas,0.9143735668088157,851
2019-10-24,20,Hydro,0.0005750617009979568,0
2019-10-24,20,Other,0.00019168723366598558,3398
2019-10-24,20,Pumped Storage,0.08312486970989234,0
2019-10-24,20,Wind,0.0017348145466281814,0
2019-10-24,21,Gas,0.6649717219020568,891
2019-10-24,21,Hydro,0.0004041915936077295,0
2019-10-24,21,Other,0.0004041915936077295,3398
2019-10-24,21,Pumped Storage,0.3324858609510284,0
2019-10-24,21,Wind,0.0017340339596990887,0
2019-10-24,22,Gas,0.5902974845612889,851
2019-10-24,22,Hydro,0.008510189865428779,0
2019-10-24,22,Other,0.0004716174189211922,3240
2019-10-24,22,Pumped Storage,0.33255094355883175,0
2019-10-24,22,Wind,0.06816976459552923,0
2019-10-24,23,Hydro,0.7407407407407405,0
2019-10-24,23,Wind,0.25925925925925913,0
2019-10-25,0,Hydro,0.8328845120275356,0
2019-10-25,0,Wind,0.1671154879724642,0
2019-10-25,1,Gas,0.16666666666666663,836
2019-10-25,1,Pumped Storage Demand,0.7499999999999999,0
2019-10-25,1,Wind,0.08333333333333331,0
2019-10-25,2,Gas,1.0,988
2019-10-25,3,Gas,1.0,1121
2019-10-25,4,Gas,0.41666666666666663,919
2019-10-25,4,Pumped Storage Demand,0.5833333333333334,0
2019-10-25,5,Gas,0.6666666666666667,827
2019-10-25,5,Pumped Storage Demand,0.33333333333333337,0
2019-10-25,6,Gas,0.75,836
2019-10-25,6,Hydro,0.25,0
2019-10-25,7,Gas,1.0,830
2019-10-25,8,Gas,1.0,883
2019-10-25,9,Gas,0.8749999999999999,882
2019-10-25,9,Other,0.125,2044
2019-10-25,10,Gas,0.9999999999999999,860
2019-10-25,11,Gas,0.75,848
2019-10-25,11,Pumped Storage,0.25,0
2019-10-25,12,Gas,1.0,854
2019-10-25,13,Gas,1.0,917
2019-10-25,14,Gas,1.0,873
2019-10-25,15,Gas,1.0,929
2019-10-25,16,Gas,0.7500000000000001,875
2019-10-25,16,Pumped Storage,0.25,0
2019-10-25,17,Gas,0.6666666666666667,838
2019-10-25,17,Pumped Storage,0.33333333333333337,0
2019-10-25,18,Gas,0.8333333333333334,866
2019-10-25,18,Hydro,0.16666666666666669,0
2019-10-25,19,Gas,1.0000000000000002,872
2019-10-25,20,Gas,1.0,878
2019-10-25,21,Gas,0.9999999999999999,850
2019-10-25,22,Gas,1.0,842
2019-10-25,23,Gas,0.41666666666666663,848
2019-10-25,23,Pumped Storage,0.5833333333333334,0
2019-10-26,0,Gas,0.9583333333333334,906
2019-10-26,0,Import,0.041666666666666664,0
2019-10-26,1,Gas,0.41666666666666663,852
2019-10-26,1,Pumped Storage Demand,0.5833333333333333,0
2019-10-26,2,Pumped Storage Demand,1.0,0
2019-10-26,3,Pumped Storage Demand,1.0,0
2019-10-26,4,Gas,0.5833333333333333,832
2019-10-26,4,Pumped Storage Demand,0.4166666666666667,0
2019-10-26,5,Gas,1.0,810
2019-10-26,6,Gas,1.0,855
2019-10-26,7,Gas,0.9999999999999999,913
2019-10-26,8,Gas,1.0,822
2019-10-26,9,Gas,0.9999999999999999,826
2019-10-26,10,Gas,1.0,843
2019-10-26,11,Gas,0.9166666666666666,993
2019-10-26,11,Hydro,0.08333333333333333,0
2019-10-26,12,Gas,1.0,1041
2019-10-26,13,Gas,1.0,806
2019-10-26,14,Gas,1.0,824
2019-10-26,15,Gas,1.0,911
2019-10-26,16,Gas,1.0,845
2019-10-26,17,Gas,0.9999999999999999,833
2019-10-26,18,Gas,1.0,863
2019-10-26,19,Gas,1.0,837
2019-10-26,20,Gas,1.0,826
2019-10-26,21,Gas,1.0,837
2019-10-26,22,Gas,1.0,843
2019-10-26,23,Gas,1.0,891
2019-10-27,0,Gas,1.0,960
2019-10-27,1,Gas,0.6666666666666666,1192
2019-10-27,1,Pumped Storage Demand,0.3333333333333333,0
2019-10-27,2,Gas,0.5416666666666666,1113
2019-10-27,2,Hydro,0.20833333333333331,0
2019-10-27,2,Wind,0.24999999999999997,0
2019-10-27,3,Gas,0.30833333333333335,1246
2019-10-27,3,Hydro,0.20833333333333326,0
2019-10-27,3,Wind,0.4833333333333331,0
2019-10-27,4,Gas,0.08750000000000002,1233
2019-10-27,4,Hydro,0.3458333333333335,0
2019-10-27,4,Wind,0.5666666666666671,0
2019-10-27,5,Gas,0.6666666666666667,1156
2019-10-27,5,Wind,0.3333333333333333,0
2019-10-27,6,Gas,0.5,892
2019-10-27,6,Pumped Storage Demand,0.49999999999999994,0
2019-10-27,7,Gas,0.5888482210228966,811
2019-10-27,7,Hydro,0.05411255411255411,0
2019-10-27,7,Pumped Storage Demand,0.24876347806828336,0
2019-10-27,7,Wind,0.10827574679626607,0
2019-10-27,8,Gas,0.9132416577729839,818
2019-10-27,8,Pumped Storage Demand,0.08302196888845309,0
2019-10-27,8,Wind,0.003736373338563025,0
2019-10-27,9,Gas,0.9131867210562304,877
2019-10-27,9,Other,0.08301697464147549,2048
2019-10-27,9,Wind,0.003796304302294092,0
2019-10-27,10,Gas,0.16605709987807166,1044
2019-10-27,10,Hydro,0.16605709987807166,0
2019-10-27,10,Pumped Storage,0.6642283995122866,0
2019-10-27,10,Wind,0.0036574007315701026,0
2019-10-27,11,Gas,0.4151974694702736,929
2019-10-27,11,Pumped Storage,0.5812764572583831,0
2019-10-27,11,Wind,0.003526073271343366,0
2019-10-27,12,Hydro,0.3321749457359584,0
2019-10-27,12,Pumped Storage,0.6643498914719168,0
2019-10-27,12,Wind,0.0034751627921247017,0
2019-10-27,13,Pumped Storage,0.9966528888976922,0
2019-10-27,13,Wind,0.003347111102307812,0
2019-10-27,14,Pumped Storage,0.9967914976528183,0
2019-10-27,14,Wind,0.0032085023471818,0
2019-10-27,15,Gas,0.33228634941552254,964
2019-10-27,15,Pumped Storage,0.6645726988310453,0
2019-10-27,15,Wind,0.003140951753431999,0
2019-10-27,16,Gas,0.913468745548494,1025
2019-10-27,16,Pumped Storage,0.08304261323168127,0
2019-10-27,16,Wind,0.0034886412198247823,0
2019-10-27,17,Gas,0.6643053403559022,978
2019-10-27,17,Pumped Storage,0.3321526701779511,0
2019-10-27,17,Wind,0.0035419894661468327,0
2019-10-27,18,Gas,0.5811818112723468,1120
2019-10-27,18,Other,0.3321038921556268,2048
2019-10-27,18,Pumped Storage,0.0830259730389067,0
2019-10-27,18,Wind,0.0036883235331196993,0
2019-10-27,19,Gas,0.3321670265824215,1223
2019-10-27,19,Other,0.2491252699368161,2044
2019-10-27,19,Pumped Storage,0.4152087832280269,0
2019-10-27,19,Wind,0.003498920252735733,0
2019-10-27,20,Gas,0.4158101284354334,835
2019-10-27,20,Pumped Storage,0.5813347441271225,0
2019-10-27,20,Wind,0.002855127437444029,0
2019-10-27,21,Gas,0.9967519098488266,816
2019-10-27,21,Wind,0.003248090151173495,0
2019-10-27,22,Gas,0.9965392561024365,849
2019-10-27,22,Wind,0.0034607438975634954,0
2019-10-27,23,Gas,0.9953572409582185,937
2019-10-27,23,Wind,0.00464275904178159,0
2019-10-28,0,Gas,0.41520500454478226,849
2019-10-28,0,Pumped Storage Demand,0.5812870063626951,0
2019-10-28,0,Wind,0.0035079890925226497,0
2019-10-28,1,Gas,0.49970031922034064,824
2019-10-28,1,Pumped Storage Demand,0.49910095766102197,0
2019-10-28,1,Wind,0.0011987231186372876,0
2019-10-28,2,Gas,1.0,935
2019-10-28,3,Gas,1.0,908
2019-10-28,4,Gas,1.0,944
2019-10-28,5,Gas,0.75,892
2019-10-28,5,Pumped Storage Demand,0.25,0
2019-10-28,6,Gas,0.5833333333333333,860
2019-10-28,6,Pumped Storage,0.4166666666666667,0
2019-10-28,7,Gas,0.5,869
2019-10-28,7,Hydro,0.08333333333333333,0
2019-10-28,7,Other,0.16666666666666666,2642
2019-10-28,7,Pumped Storage,0.25,0
2019-10-28,8,Hydro,0.16666666666666669,0
2019-10-28,8,Other,0.08333333333333334,3398
2019-10-28,8,Pumped Storage,0.75,0
2019-10-28,9,Gas,0.08333333333333333,848
2019-10-28,9,Pumped Storage,0.9166666666666666,0
2019-10-28,10,Pumped Storage,1.0,0
2019-10-28,11,Gas,0.7499999999999999,815
2019-10-28,11,Pumped Storage,0.25,0
2019-10-28,12,Gas,0.8749999999999999,847
2019-10-28,12,Hydro,0.12499999999999997,0
2019-10-28,13,Gas,0.75,883
2019-10-28,13,Pumped Storage,0.25,0
2019-10-28,14,Gas,1.0,821
2019-10-28,15,Gas,1.0,877
2019-10-28,16,Gas,0.25000000000000006,843
2019-10-28,16,Pumped Storage,0.75,0
2019-10-28,17,Gas,0.6666666666666666,883
2019-10-28,17,Pumped Storage,0.3333333333333333,0
2019-10-28,18,Gas,1.0,842
2019-10-28,19,Gas,0.9161256210242712,941
2019-10-28,19,Pumped Storage,0.08333333333333333,0
2019-10-28,19,Wind,0.0005410456423953787,0
2019-10-28,20,Gas,0.5398564937192865,833
2019-10-28,20,Pumped Storage,0.4568016485317039,0
2019-10-28,20,Wind,0.00334185774900953,0
2019-10-28,21,Gas,0.6233400658936773,836
2019-10-28,21,Pumped Storage,0.3741700329468386,0
2019-10-28,21,Wind,0.0024899011594840714,0
2019-10-28,22,Gas,0.9967498152538803,857
2019-10-28,22,Wind,0.0032501847461198336,0
2019-10-28,23,Gas,0.9967240213028725,853
2019-10-28,23,Wind,0.0032759786971273052,0
2019-10-29,0,Gas,0.4983322038353667,850
2019-10-29,0,Pumped Storage Demand,0.49833220383536664,0
2019-10-29,0,Wind,0.003335592329266784,0
2019-10-29,1,Gas,0.9967245421621311,837
2019-10-29,1,Wind,0.0032754578378689845,0
2019-10-29,2,Gas,0.9965663637184431,892
2019-10-29,2,Wind,0.0034336362815568624,0
2019-10-29,3,Gas,0.9134716113190146,978
2019-10-29,3,Pumped Storage Demand,0.08304287375627407,0
2019-10-29,3,Wind,0.0034855149247113803,0
2019-10-29,4,Gas,0.913484459219358,862
2019-10-29,4,Pumped Storage Demand,0.08304404174721434,0
2019-10-29,4,Wind,0.003471499033427749,0
2019-10-29,5,Gas,0.7473627990918541,884
2019-10-29,5,Hydro,0.16608062202041202,0
2019-10-29,5,Pumped Storage Demand,0.08304031101020601,0
2019-10-29,5,Wind,0.003516267877527913,0
2019-10-29,6,Gas,0.5811743152122306,936
2019-10-29,6,Pumped Storage Demand,0.4151245108658789,0
2019-10-29,6,Wind,0.003701173921890531,0
2019-10-29,7,Gas,0.7473113077057607,888
2019-10-29,7,Pumped Storage,0.2491037692352536,0
2019-10-29,7,Wind,0.0035849230589855975,0
2019-10-29,8,Gas,0.9966090122043715,861
2019-10-29,8,Wind,0.0033909877956285407,0
2019-10-29,9,Gas,0.9968156165192658,870
2019-10-29,9,Wind,0.003184383480734136,0
2019-10-29,10,Gas,0.9969178787611852,875
2019-10-29,10,Wind,0.003082121238814859,0
2019-10-29,11,Gas,0.9971004260352628,885
2019-10-29,11,Wind,0.002899573964737282,0
2019-10-29,12,Gas,0.9971284107237768,883
2019-10-29,12,Wind,0.002871589276223169,0
2019-10-29,13,Gas,0.9972273356434914,851
2019-10-29,13,Wind,0.0027726643565085846,0
2019-10-29,14,Gas,0.9973290774725757,867
2019-10-29,14,Wind,0.0026709225274241756,0
2019-10-29,15,Gas,0.997107614573123,861
2019-10-29,15,Wind,0.0028923854268769534,0
2019-10-29,16,Gas,0.9969273089637142,853
2019-10-29,16,Wind,0.0030726910362857763,0
2019-10-29,17,Gas,0.74765989963331,872
2019-10-29,17,Pumped Storage,0.2492199665444367,0
2019-10-29,17,Wind,0.0031201338222531416,0
2019-10-29,18,Gas,0.9981731863148037,920
2019-10-29,18,Wind,0.0018268136851963676,0
2019-10-29,19,Gas,0.9166666666666666,889
2019-10-29,19,Pumped Storage,0.08333333333333333,0
2019-10-29,20,Gas,0.9979900513282006,879
2019-10-29,20,Wind,0.002009948671799343,0
2019-10-29,21,Gas,0.9966797669851087,866
2019-10-29,21,Wind,0.003320233014891226,0
2019-10-29,22,Gas,0.9967684617170254,852
2019-10-29,22,Wind,0.0032315382829745908,0
2019-10-29,23,Gas,0.9966701702703571,999
2019-10-29,23,Wind,0.003329829729642883,0
2019-10-30,0,Gas,0.9966813510263617,886
2019-10-30,0,Wind,0.00331864897363825,0
2019-10-30,1,Gas,0.6643448143051783,917
2019-10-30,1,Pumped Storage Demand,0.33217240715258917,0
2019-10-30,1,Wind,0.003482778542232528,0
2019-10-30,2,Gas,0.99760020069775,925
2019-10-30,2,Wind,0.0023997993022499818,0
2019-10-30,3,Gas,0.9993941466193377,910
2019-10-30,3,Wind,0.0006058533806622693,0
2019-10-30,4,Gas,0.9166666666666667,877
2019-10-30,4,Pumped Storage Demand,0.08333333333333334,0
2019-10-30,5,Gas,0.41666666666666663,897
2019-10-30,5,Pumped Storage Demand,0.5833333333333333,0
2019-10-30,6,Gas,0.45833333333333337,866
2019-10-30,6,Other,0.125,2044
2019-10-30,6,Pumped Storage,0.25,0
2019-10-30,6,Pumped Storage Demand,0.16666666666666669,0
2019-10-30,7,Gas,0.9166666666666669,924
2019-10-30,7,Pumped Storage,0.08333333333333336,0
2019-10-30,8,Gas,0.8333333333333335,903
2019-10-30,8,Other,0.16666666666666669,3398
2019-10-30,9,Gas,0.9999999999999999,899
2019-10-30,10,Gas,1.0,855
2019-10-30,11,Gas,1.0,867
2019-10-30,12,Gas,0.9583333333333334,864
2019-10-30,12,Other,0.04166666666666667,2044
2019-10-30,13,Gas,0.8333333333333335,927
2019-10-30,13,Other,0.16666666666666669,2044
2019-10-30,14,Gas,0.9999999999999999,901
2019-10-30,15,Gas,1.0,890
2019-10-30,16,Gas,0.9444444444444446,949
2019-10-30,16,Pumped Storage,0.05555555555555556,0
2019-10-30,17,Gas,0.8333333333333334,863
2019-10-30,17,Pumped Storage,0.16666666666666669,0
2019-10-30,18,Gas,0.8333333333333334,866
2019-10-30,18,Pumped Storage,0.16666666666666669,0
2019-10-30,19,Gas,0.9166666666666664,899
2019-10-30,19,Pumped Storage,0.08333333333333331,0
2019-10-30,20,Gas,0.9150821354273924,902
2019-10-30,20,Pumped Storage,0.08333333333333334,0
2019-10-30,20,Wind,0.0015845312392744465,0
2019-10-30,21,Gas,0.9980471618634665,924
2019-10-30,21,Wind,0.0019528381365332725,0
2019-10-30,22,Gas,0.9413993494196538,874
2019-10-30,22,Hydro,0.05537643231880316,0
2019-10-30,22,Wind,0.003224218261543214,0
2019-10-30,23,Gas,0.8545124146581362,871
2019-10-30,23,Hydro,0.14285714285714285,0
2019-10-30,23,Wind,0.002630442484720801,0
2019-10-31,0,Gas,0.8305531025042505,809
2019-10-31,0,Pumped Storage Demand,0.16611062050085007,0
2019-10-31,0,Wind,0.0033362769948993157,0
2019-10-31,1,Gas,0.9969022003107519,1036
2019-10-31,1,Wind,0.0030977996892480185,0
2019-10-31,2,Gas,0.2955749882127036,1267
2019-10-31,2,Hydro,0.08205128205128204,0
2019-10-31,2,Other,0.33275447539219083,3500
2019-10-31,2,Pumped Storage Demand,0.16666666666666663,0
2019-10-31,2,Wind,0.12295258767715653,0
2019-10-31,3,Gas,0.928020368529845,1262
2019-10-31,3,Hydro,0.032051282051282055,0
2019-10-31,3,Wind,0.039928349418872786,0
2019-10-31,4,Gas,0.29485678981490154,1257
2019-10-31,4,Hydro,0.1515151515151515,0
2019-10-31,4,Pumped Storage Demand,0.4151722775675569,0
2019-10-31,4,Wind,0.13845578110239012,0
2019-10-31,5,Gas,0.3715511723062963,1008
2019-10-31,5,Hydro,0.13888888888888887,0
2019-10-31,5,Pumped Storage Demand,0.24914949034083334,0
2019-10-31,5,Wind,0.24041044846398119,0
2019-10-31,6,Gas,0.913152659066127,927
2019-10-31,6,Pumped Storage Demand,0.08301387809692064,0
2019-10-31,6,Wind,0.0038334628369524185,0
2019-10-31,7,Gas,0.996953755319214,922
2019-10-31,7,Wind,0.0030462446807859693,0
2019-10-31,8,Gas,0.9970580470642394,878
2019-10-31,8,Wind,0.0029419529357605947,0
2019-10-31,9,Gas,0.7480529377121177,934
2019-10-31,9,Pumped Storage,0.2491655447337647,0
2019-10-31,9,Wind,0.0027815175541176344,0
2019-10-31,10,Gas,0.6666666666666667,961
2019-10-31,10,Pumped Storage,0.3333333333333333,0
2019-10-31,11,Gas,1.0,883
2019-10-31,12,Gas,0.9868056620613441,871
2019-10-31,12,Wind,0.01319433793865596,0
2019-10-31,13,Gas,0.8297215048313151,941
2019-10-31,13,Other,0.16617103795593813,2044
2019-10-31,13,Wind,0.0041074572127468975,0
2019-10-31,14,Gas,0.9969141422515889,881
2019-10-31,14,Wind,0.003085857748411219,0
2019-10-31,15,Gas,0.4154052427484829,863
2019-10-31,15,Pumped Storage,0.5815673398478761,0
2019-10-31,15,Wind,0.003027417403641079,0
2019-10-31,16,Demand Response,0.16616237524704686,0
2019-10-31,16,Gas,0.7471600383665068,864
2019-10-31,16,Hydro,0.000277473139725202,0
2019-10-31,16,Pumped Storage,0.08308118762352343,0
2019-10-31,16,Wind,0.003318925623197572,0
2019-10-31,17,Gas,0.49816341612980586,882
2019-10-31,17,Pumped Storage,0.4980974576666671,0
2019-10-31,17,Wind,0.003739126203527078,0
2019-10-31,18,Gas,0.3320757499775478,881
2019-10-31,18,Pumped Storage,0.6636041662433655,0
2019-10-31,18,Wind,0.0043200837790867055,0
2019-10-31,19,Gas,0.4143674610797465,864
2019-10-31,19,Pumped Storage,0.5803958122325434,0
2019-10-31,19,Wind,0.005236726687710091,0
2019-10-31,20,Gas,0.9943044731126153,867
2019-10-31,20,Hydro,0.00023149694074510972,0
2019-10-31,20,Wind,0.005464029946639675,0
2019-10-31,21,Gas,0.9940639205125972,895
2019-10-31,21,Hydro,0.0004830362896206607,0
2019-10-31,21,Other,5.367069884674007e-05,3398
2019-10-31,21,Wind,0.005399372498935417,0
2019-10-31,22,Gas,0.9946304396190089,853
2019-10-31,22,Wind,0.005369560380991077,0
2019-10-31,23,Gas,0.911595033082389,835
2019-10-31,23,Hydro,0.0003370241170221352,0
2019-10-31,23,Other,0.0001685120585110676,3240
2019-10-31,23,Pumped Storage Demand,0.08282301366382326,0
2019-10-31,23,Wind,0.005076417078254553,0
2019-11-01,0,Gas,0.9898508216882754,919
2019-11-01,0,Hydro,0.00020952086627501552,0
2019-11-01,0,Wind,0.00993965744544964,0
2019-11-01,1,Gas,0.9878730025876231,844
2019-11-01,1,Wind,0.012126997412376866,0
2019-11-01,2,Gas,0.9986939617717608,827
2019-11-01,2,Wind,0.0013060382282392485,0
2019-11-01,3,Gas,0.6584035088313731,833
2019-11-01,3,Pumped Storage Demand,0.32920175441568655,0
2019-11-01,3,Wind,0.012394736752940361,0
2019-11-01,4,Gas,0.5822004921992312,824
2019-11-01,4,Pumped Storage Demand,0.41439437712771526,0
2019-11-01,4,Wind,0.0034051306730535913,0
2019-11-01,5,Gas,0.7491298997226168,818
2019-11-01,5,Other,0.08322457079866044,3500
2019-11-01,5,Pumped Storage Demand,0.16655790413199378,0
2019-11-01,5,Wind,0.001087625346728851,0
2019-11-01,6,Gas,0.8306366715227016,905
2019-11-01,6,Pumped Storage,0.1660598906599765,0
2019-11-01,6,Wind,0.0033034378173218875,0
2019-11-01,7,Gas,0.16608062853085206,820
2019-11-01,7,Hydro,7.503384151864105e-05,0
2019-11-01,7,Other,0.0001500676830372821,3240
2019-11-01,7,Pumped Storage,0.8297385265839596,0
2019-11-01,7,Wind,0.00395574336063217,0
2019-11-01,8,Gas,0.16597807059823225,1209
2019-11-01,8,Hydro,0.0008631595274891637,0
2019-11-01,8,Other,0.16597807059823225,2044
2019-11-01,8,Pumped Storage,0.663912282392929,0
2019-11-01,8,Wind,0.003268416883117405,0
2019-11-01,9,Gas,0.9958052623751497,861
2019-11-01,9,Hydro,8.134478478697145e-05,0
2019-11-01,9,Other,0.0004067239239348573,3398
2019-11-01,9,Wind,0.0037066689161285595,0
2019-11-01,10,Gas,0.7470890930842454,853
2019-11-01,10,Wind,0.2529109069157545,0
2019-11-01,11,Gas,0.49795854643547344,909
2019-11-01,11,Wind,0.5020414535645266,0
2019-11-01,12,Gas,0.498045801920136,853
2019-11-01,12,Other,0.00016754162787664139,3398
2019-11-01,12,Wind,0.5017866564519876,0
2019-11-01,13,Gas,0.49802257424573915,844
2019-11-01,13,Wind,0.5019774257542607,0
2019-11-01,14,Gas,0.3737003143398705,885
2019-11-01,14,Pumped Storage Demand,0.12456677144662348,0
2019-11-01,14,Wind,0.5017329142135061,0
2019-11-01,15,Gas,0.5397648345734045,877
2019-11-01,15,Wind,0.4602351654265957,0
2019-11-01,16,Gas,0.4150225752279523,885
2019-11-01,16,Pumped Storage,0.13841223440493458,0
2019-11-01,16,Wind,0.4465651903671132,0
2019-11-01,17,Gas,0.290151012698183,1017
2019-11-01,17,Hydro,0.00023261936317781732,0
2019-11-01,17,Pumped Storage,0.5803020253963661,0
2019-11-01,17,Wind,0.12931434254227303,0
2019-11-01,18,Gas,0.5802779106000664,1220
2019-11-01,18,Hydro,0.00028757116817366914,0
2019-11-01,18,Other,0.00014378558408683457,3398
2019-11-01,18,Pumped Storage,0.4145458442503703,0
2019-11-01,18,Wind,0.004744888397302886,0
2019-11-01,19,Gas,0.41483266848364675,1096
2019-11-01,19,Hydro,0.00023223207096126396,0
2019-11-01,19,Pumped Storage,0.5806876154560298,0
2019-11-01,19,Wind,0.0042474839893620235,0
2019-11-01,20,Gas,0.1659536332212417,878
2019-11-01,20,Pumped Storage,0.8297681661062085,0
2019-11-01,20,Wind,0.004278200672549794,0
2019-11-01,21,Gas,0.3319055924163822,867
2019-11-01,21,Pumped Storage,0.6638111848327645,0
2019-11-01,21,Wind,0.004283222750853292,0
2019-11-01,22,Gas,0.16595050224641875,826
2019-11-01,22,Pumped Storage,0.8297525112320936,0
2019-11-01,22,Wind,0.0042969865214875485,0
2019-11-01,23,Gas,0.663459859333781,850
2019-11-01,23,Hydro,0.0005124844354670217,0
2019-11-01,23,Pumped Storage,0.33171162665133813,0
2019-11-01,23,Wind,0.0043160295794138406,0
2019-11-02,0,Gas,0.4145655158422336,837
2019-11-02,0,Hydro,0.00014064111222463583,0
2019-11-02,0,Other,0.1663325143409021,3240
2019-11-02,0,Pumped Storage Demand,0.4155235436072634,0
2019-11-02,0,Wind,0.0034377850973763596,0
2019-11-02,1,Hydro,0.16646628914518116,0
2019-11-02,1,Other,0.00014824355746166992,3240
2019-11-02,1,Pumped Storage Demand,0.8321832021684442,0
2019-11-02,1,Wind,0.0012022651289130461,0
2019-11-02,2,Hydro,0.08324054731727268,0
2019-11-02,2,Pumped Storage Demand,0.6662027365863634,0
2019-11-02,2,Wind,0.250556716096364,0
2019-11-02,3,Pumped Storage Demand,1.0,0
2019-11-02,4,Gas,0.016666666666666673,1184
2019-11-02,4,Hydro,0.05000000000000002,0
2019-11-02,4,Pumped Storage Demand,0.8333333333333337,0
2019-11-02,4,Wind,0.10000000000000003,0
2019-11-02,5,Gas,0.3333333333333333,843
2019-11-02,5,Pumped Storage Demand,0.6666666666666666,0
2019-11-02,6,Gas,0.5,924
2019-11-02,6,Pumped Storage Demand,0.5,0
2019-11-02,7,Gas,0.5833333333333335,1070
2019-11-02,7,Hydro,0.16666666666666669,0
2019-11-02,7,Pumped Storage,0.25,0
2019-11-02,8,Pumped Storage,1.0,0
2019-11-02,9,Gas,0.45833333333333337,833
2019-11-02,9,Pumped Storage,0.5416666666666666,0
2019-11-02,10,Gas,0.6666666666666667,858
2019-11-02,10,Pumped Storage,0.33333333333333337,0
2019-11-02,11,Gas,1.0,853
2019-11-02,12,Gas,0.9999999999999999,845
2019-11-02,13,Gas,0.9999999999999999,827
2019-11-02,14,Gas,0.8333333333333333,833
2019-11-02,14,Pumped Storage Demand,0.16666666666666666,0
2019-11-02,15,Gas,0.8181818181818181,829
2019-11-02,15,Pumped Storage Demand,0.1818181818181818,0
2019-11-02,16,Gas,0.9166666666666667,839
2019-11-02,16,Hydro,0.08333333333333334,0
2019-11-02,17,Gas,0.33333333333333337,819
2019-11-02,17,Pumped Storage,0.6666666666666667,0
2019-11-02,18,Gas,0.5833333333333334,938
2019-11-02,18,Pumped Storage,0.4166666666666667,0
2019-11-02,19,Gas,0.33333333333333337,810
2019-11-02,19,Pumped Storage,0.6666666666666667,0
2019-11-02,20,Gas,0.41666666666666674,984
2019-11-02,20,Pumped Storage,0.5833333333333334,0
2019-11-02,21,Gas,1.0,929
2019-11-02,22,Gas,1.0,863
2019-11-02,23,Gas,1.0,813
2019-11-03,0,Gas,0.9444444444444445,880
2019-11-03,0,Hydro,0.05555555555555555,0
2019-11-03,1,Gas,0.9722222222222223,1252
2019-11-03,1,Hydro,0.027777777777777783,0
2019-11-03,2,Gas,0.3333333333333333,835
2019-11-03,2,Pumped Storage Demand,0.6666666666666666,0
2019-11-03,3,Gas,0.7916666666666667,806
2019-11-03,3,Other,0.12499999999999999,2044
2019-11-03,3,Pumped Storage Demand,0.08333333333333333,0
2019-11-03,4,Gas,0.75,849
2019-11-03,4,Pumped Storage Demand,0.25,0
2019-11-03,5,Gas,0.16666666666666666,851
2019-11-03,5,Pumped Storage Demand,0.8333333333333334,0
2019-11-03,6,Gas,0.8333333333333333,926
2019-11-03,6,Pumped Storage Demand,0.16666666666666666,0
2019-11-03,7,Gas,1.0,830
2019-11-03,8,Gas,1.0,845
2019-11-03,9,Gas,1.0,910
2019-11-03,10,Gas,0.14953703703703708,1097
2019-11-03,10,Hydro,0.5402777777777779,0
2019-11-03,10,Wind,0.3101851851851853,0
2019-11-03,11,Gas,0.13449074074074074,1230
2019-11-03,11,Hydro,0.5423611111111112,0
2019-11-03,11,Wind,0.32314814814814813,0
2019-11-03,12,Gas,0.8515656292532612,877
2019-11-03,12,Hydro,0.10185185185185187,0
2019-11-03,12,Wind,0.046582518894887216,0
2019-11-03,13,Gas,0.9986920804636634,1073
2019-11-03,13,Wind,0.0013079195363365453,0
2019-11-03,14,Gas,0.7489580983488306,967
2019-11-03,14,Pumped Storage Demand,0.25,0
2019-11-03,14,Wind,0.001041901651169388,0
2019-11-03,15,Gas,0.9166666666666667,837
2019-11-03,15,Pumped Storage Demand,0.08333333333333334,0
2019-11-03,16,Gas,0.8749999999999999,935
2019-11-03,16,Pumped Storage,0.125,0
2019-11-03,17,Gas,0.3333333333333333,1240
2019-11-03,17,Pumped Storage,0.6666666666666666,0
2019-11-03,18,Gas,0.6666666666666666,1135
2019-11-03,18,Pumped Storage,0.3333333333333333,0
2019-11-03,19,Gas,0.7497339057471452,956
2019-11-03,19,Pumped Storage,0.25,0
2019-11-03,19,Wind,0.0002660942528550027,0
2019-11-03,20,Gas,0.9968073958607073,862
2019-11-03,20,Wind,0.00319260413929268,0
2019-11-03,21,Gas,0.9153422589543403,885
2019-11-03,21,Wind,0.0846577410456596,0
2019-11-03,22,Gas,0.4984900292349162,926
2019-11-03,22,Hydro,0.16666666666666666,0
2019-11-03,22,Other,0.25,2100
2019-11-03,22,Wind,0.08484330409841714,0
2019-11-03,23,Gas,0.6318431462030389,871
2019-11-03,23,Hydro,0.1694444444444444,0
2019-11-03,23,Wind,0.1987124093525166,0
2019-11-04,0,Gas,0.3477272727272726,952
2019-11-04,0,Hydro,0.22146464646464642,0
2019-11-04,0,Wind,0.43080808080808064,0
2019-11-04,1,Gas,1.0000000000000002,845
2019-11-04,2,Gas,1.0,1089
2019-11-04,3,Gas,0.9992130307661181,972
2019-11-04,3,Wind,0.0007869692338818454,0
2019-11-04,4,Gas,1.0,902
2019-11-04,5,Gas,1.0,855
2019-11-04,6,Gas,0.8333333333333334,1032
2019-11-04,6,Pumped Storage Demand,0.16666666666666666,0
2019-11-04,7,Gas,0.5833333333333333,1255
2019-11-04,7,Pumped Storage,0.4166666666666667,0
2019-11-04,8,Gas,0.6666666666666667,936
2019-11-04,8,Pumped Storage,0.3333333333333333,0
2019-11-04,9,Gas,0.9999999999999999,1059
2019-11-04,10,Gas,1.0,958
2019-11-04,11,Gas,1.0,824
2019-11-04,12,Gas,1.0,899
2019-11-04,13,Gas,1.0,869
2019-11-04,14,Gas,1.0,875
2019-11-04,15,Gas,1.0,864
2019-11-04,16,Gas,0.9970879151034815,1035
2019-11-04,16,Wind,0.0029120848965185167,0
2019-11-04,17,Gas,0.9969625808303211,865
2019-11-04,17,Wind,0.003037419169678881,0
2019-11-04,18,Gas,0.9969504955555311,864
2019-11-04,18,Wind,0.0030495044444689852,0
2019-11-04,19,Gas,0.9968801754315726,859
2019-11-04,19,Wind,0.0031198245684273722,0
2019-11-04,20,Gas,0.9968551949627749,907
2019-11-04,20,Wind,0.003144805037224853,0
2019-11-04,21,Gas,0.997487757970796,1063
2019-11-04,21,Wind,0.002512242029203981,0
2019-11-04,22,Gas,0.832349705075726,950
2019-11-04,22,Wind,0.16765029492427405,0
2019-11-04,23,Gas,0.266417568003926,968
2019-11-04,23,Hydro,0.0685185185185185,0
2019-11-04,23,Pumped Storage Demand,0.4992527040117781,0
2019-11-04,23,Wind,0.16581120946577727,0
2019-11-05,0,Gas,0.49953060037932795,830
2019-11-05,0,Hydro,0.16666666666666669,0
2019-11-05,0,Other,0.16666666666666669,3240
2019-11-05,0,Pumped Storage Demand,0.08333333333333334,0
2019-11-05,0,Wind,0.08380273295400538,0
2019-11-05,1,Gas,0.7500000000000001,844
2019-11-05,1,Pumped Storage Demand,0.25,0
2019-11-05,2,Gas,0.9999999999999999,822
2019-11-05,3,Gas,0.9976407954846461,815
2019-11-05,3,Wind,0.0023592045153538557,0
2019-11-05,4,Gas,0.4984726320215172,978
2019-11-05,4,Hydro,0.25000000000000006,0
2019-11-05,4,Wind,0.2515273679784828,0
2019-11-05,5,Gas,0.830986355991832,923
2019-11-05,5,Hydro,0.16666666666666669,0
2019-11-05,5,Wind,0.0023469773415012887,0
2019-11-05,6,Gas,0.7475660906985659,842
2019-11-05,6,Pumped Storage,0.24969576133732074,0
2019-11-05,6,Wind,0.002738147964113277,0
2019-11-05,7,Gas,0.6666666666666667,923
2019-11-05,7,Pumped Storage,0.3333333333333333,0
2019-11-05,8,Gas,0.25,833
2019-11-05,8,Pumped Storage,0.75,0
2019-11-05,9,Gas,0.24999999999999994,870
2019-11-05,9,Pumped Storage,0.75,0
2019-11-05,10,Gas,0.8333333333333334,1024
2019-11-05,10,Other,0.08333333333333333,4116
2019-11-05,10,Pumped Storage,0.08333333333333333,0
2019-11-05,11,Gas,1.0,933
2019-11-05,12,Gas,0.9166666666666666,887
2019-11-05,12,Other,0.08333333333333333,4116
2019-11-05,13,Gas,0.9166666666666667,933
2019-11-05,13,Other,0.08333333333333334,4116
2019-11-05,14,Gas,0.8333333333333333,878
2019-11-05,14,Pumped Storage,0.16666666666666666,0
2019-11-05,15,Gas,0.25,962
2019-11-05,15,Pumped Storage,0.75,0
2019-11-05,16,Gas,0.6666666666666667,1104
2019-11-05,16,Pumped Storage,0.33333333333333337,0
2019-11-05,17,Gas,0.9166666666666667,992
2019-11-05,17,Pumped Storage,0.08333333333333334,0
2019-11-05,18,Gas,0.33333333333333337,869
2019-11-05,18,Pumped Storage,0.6666666666666667,0
2019-11-05,19,Gas,0.9992704540111579,866
2019-11-05,19,Hydro,0.0005305789009760573,0
2019-11-05,19,Other,0.00019896708786602151,3398
2019-11-05,20,Gas,1.0,857
2019-11-05,21,Gas,0.9999999999999999,885
2019-11-05,22,Gas,0.41666666666666663,873
2019-11-05,22,Other,0.25,3240
2019-11-05,22,Pumped Storage Demand,0.25,0
2019-11-05,22,Wind,0.08333333333333333,0
2019-11-05,23,Gas,0.0503968253968254,1219
2019-11-05,23,Hydro,0.5186507936507937,0
2019-11-05,23,Other,0.005952380952380954,3210
2019-11-05,23,Wind,0.425,0
2019-11-06,0,Gas,0.3500000000000001,965
2019-11-06,0,Hydro,0.06190476190476192,0
2019-11-06,0,Other,0.1666666666666667,2362
2019-11-06,0,Pumped Storage Demand,0.25000000000000006,0
2019-11-06,0,Wind,0.17142857142857146,0
2019-11-06,1,Gas,0.25,836
2019-11-06,1,Pumped Storage Demand,0.75,0
2019-11-06,2,Gas,0.05469076378167286,1184
2019-11-06,2,Hydro,0.5046226500771955,0
2019-11-06,2,Pumped Storage Demand,0.0909090909090909,0
2019-11-06,2,Wind,0.34977749523204066,0
2019-11-06,3,Import,0.08333333333333333,0
2019-11-06,3,Pumped Storage Demand,0.7500000000000001,0
2019-11-06,3,Wind,0.16666666666666666,0
2019-11-06,4,Gas,0.6658788265545712,933
2019-11-06,4,Hydro,0.0003939200560476534,0
2019-11-06,4,Other,0.0003939200560476534,3240
2019-11-06,4,Pumped Storage Demand,0.3333333333333333,0
2019-11-06,5,Gas,0.7491936397050019,852
2019-11-06,5,Hydro,0.25060477022124866,0
2019-11-06,5,Other,0.00020159007374955805,3240
2019-11-06,6,Gas,0.5,1269
2019-11-06,6,Other,0.08333333333333333,2048
2019-11-06,6,Pumped Storage,0.41666666666666663,0
2019-11-06,7,Gas,0.5,823
2019-11-06,7,Pumped Storage,0.5,0
2019-11-06,8,Gas,0.9975841918004539,859
2019-11-06,8,Hydro,0.0012137979107459795,0
2019-11-06,8,Wind,0.0012020102888001501,0
2019-11-06,9,Gas,0.9833332811559108,845
2019-11-06,9,Hydro,0.003007767346469365,0
2019-11-06,9,Wind,0.013658951497619873,0
2019-11-06,10,Gas,0.982801434762805,920
2019-11-06,10,Hydro,0.0030846174130996964,0
2019-11-06,10,Other,0.0012870943313001407,2360
2019-11-06,10,Wind,0.012826853492794998,0
2019-11-06,11,Gas,0.9891696382203597,853
2019-11-06,11,Hydro,0.0026150850707059173,0
2019-11-06,11,Import,0.0012820432824655161,0
2019-11-06,11,Other,0.0005230170141411836,3398
2019-11-06,11,Wind,0.00641021641232758,0
2019-11-06,12,Gas,0.9900438617617663,923
2019-11-06,12,Other,0.0023070173915879944,3398
2019-11-06,12,Wind,0.007649120846645848,0
2019-11-06,13,Gas,0.32771984207359106,993
2019-11-06,13,Other,0.00211251026917047,3398
2019-11-06,13,Pumped Storage Demand,0.6549115565798894,0
2019-11-06,13,Wind,0.015256091077348887,0
2019-11-06,14,Gas,0.49853767482216454,863
2019-11-06,14,Hydro,0.0019497669037804974,0
2019-11-06,14,Other,0.0009748834518902487,3398
2019-11-06,14,Pumped Storage Demand,0.4985376748221645,0
2019-11-06,15,Gas,0.9845864581285283,893
2019-11-06,15,Hydro,0.0014149959494799162,0
2019-11-06,15,Other,0.00023583265824665274,2360
2019-11-06,15,Wind,0.013762713263745249,0
2019-11-06,16,Gas,0.24630919208461208,894
2019-11-06,16,Hydro,0.0036908079153879507,0
2019-11-06,16,Pumped Storage,0.7389275762538362,0
2019-11-06,16,Wind,0.011072423746163856,0
2019-11-06,17,Gas,0.3283636517566638,1206
2019-11-06,17,Pumped Storage,0.6666666666666667,0
2019-11-06,17,Wind,0.004969681576669539,0
2019-11-06,18,Gas,0.4166666666666667,1178
2019-11-06,18,Pumped Storage,0.5796448186957844,0
2019-11-06,18,Wind,0.003688514637548954,0
2019-11-06,19,Gas,0.41666666666666663,1240
2019-11-06,19,Pumped Storage,0.5833333333333334,0
2019-11-06,20,Gas,0.8298176571238328,1069
2019-11-06,20,Pumped Storage,0.16432288252699964,0
2019-11-06,20,Wind,0.005859460349167482,0
2019-11-06,21,Gas,0.41437745437314794,843
2019-11-06,21,Hydro,0.12557230307337966,0
2019-11-06,21,Pumped Storage,0.4520379995261569,0
2019-11-06,21,Wind,0.008012243027315409,0
2019-11-06,22,Gas,0.9861525804837947,900
2019-11-06,22,Hydro,0.0011539516263504442,0
2019-11-06,22,Wind,0.012693467889854886,0
2019-11-06,23,Gas,0.8738180096314568,818
2019-11-06,23,Hydro,0.125,0
2019-11-06,23,Wind,0.0011819903685431172,0
2019-11-07,0,Gas,0.8333333333333333,956
2019-11-07,0,Pumped Storage Demand,0.16666666666666666,0
2019-11-07,1,Gas,0.5833333333333333,833
2019-11-07,1,Other,0.3333333333333333,2044
2019-11-07,1,Pumped Storage Demand,0.08333333333333333,0
2019-11-07,2,Gas,0.9166666666666667,852
2019-11-07,2,Other,0.08333333333333333,2044
2019-11-07,3,Gas,1.0,843
2019-11-07,4,Gas,0.375,893
2019-11-07,4,Pumped Storage Demand,0.41666666666666674,0
2019-11-07,4,Wind,0.20833333333333331,0
2019-11-07,5,Gas,0.8333333333333335,845
2019-11-07,5,Hydro,0.16666666666666669,0
2019-11-07,6,Hydro,0.41666666666666663,0
2019-11-07,6,Pumped Storage,0.5833333333333334,0
2019-11-07,7,Hydro,0.16666666666666669,0
2019-11-07,7,Pumped Storage,0.8333333333333334,0
2019-11-07,8,Pumped Storage,1.0,0
2019-11-07,9,Other,0.4166666666666667,2048
2019-11-07,9,Pumped Storage,0.5833333333333333,0
2019-11-07,10,Pumped Storage,1.0,0
2019-11-07,11,Gas,0.08333333333333333,1223
2019-11-07,11,Pumped Storage,0.9166666666666666,0
2019-11-07,12,Gas,0.41666666666666663,1279
2019-11-07,12,Pumped Storage,0.5833333333333333,0
2019-11-07,13,Gas,0.5833333333333334,1239
2019-11-07,13,Hydro,0.16666666666666669,0
2019-11-07,13,Pumped Storage,0.25,0
2019-11-07,14,Gas,0.33333333333333337,1221
2019-11-07,14,Hydro,0.4583333333333334,0
2019-11-07,14,Other,0.20833333333333334,2048
2019-11-07,15,Gas,1.0,1191
2019-11-07,16,Gas,0.08333333333333331,1279
2019-11-07,16,Hydro,0.16666666666666663,0
2019-11-07,16,Pumped Storage,0.7499999999999999,0
2019-11-07,17,Gas,0.5833333333333333,1223
2019-11-07,17,Pumped Storage,0.41666666666666663,0
2019-11-07,18,Gas,0.41666666666666663,1217
2019-11-07,18,Pumped Storage,0.5833333333333334,0
2019-11-07,19,Gas,0.4166666666666667,1251
2019-11-07,19,Pumped Storage,0.5833333333333333,0
2019-11-07,20,Gas,0.8333333333333333,1003
2019-11-07,20,Pumped Storage,0.16666666666666666,0
2019-11-07,21,Gas,0.6666666666666667,1088
2019-11-07,21,Pumped Storage,0.33333333333333337,0
2019-11-07,22,Gas,0.8333333333333334,978
2019-11-07,22,Pumped Storage,0.16666666666666669,0
2019-11-07,23,Gas,0.5833333333333333,826
2019-11-07,23,Pumped Storage Demand,0.41666666666666663,0
2019-11-08,0,Gas,0.75,829
2019-11-08,0,Pumped Storage Demand,0.24999999999999997,0
2019-11-08,1,Gas,0.6666666666666666,836
2019-11-08,1,Pumped Storage Demand,0.3333333333333333,0
2019-11-08,2,Gas,1.0,825
2019-11-08,3,Gas,1.0,1044
2019-11-08,4,Gas,0.9166666666666666,1252
2019-11-08,4,Hydro,0.08333333333333334,0
2019-11-08,5,Gas,0.6666666666666666,1205
2019-11-08,5,Hydro,0.08333333333333333,0
2019-11-08,5,Other,0.16666666666666666,2100
2019-11-08,5,Pumped Storage Demand,0.08333333333333333,0
2019-11-08,6,Gas,0.25,1062
2019-11-08,6,Hydro,0.08333333333333333,0
2019-11-08,6,Other,0.16666666666666666,2100
2019-11-08,6,Pumped Storage,0.5,0
2019-11-08,7,Gas,0.4166666666666665,1145
2019-11-08,7,Pumped Storage,0.5833333333333333,0
2019-11-08,8,Gas,1.0,890
2019-11-08,9,Gas,0.41666666666666674,978
2019-11-08,9,Pumped Storage Demand,0.5833333333333334,0
2019-11-08,10,Gas,1.0,851
2019-11-08,11,Gas,1.0,838
2019-11-08,12,Gas,1.0,871
2019-11-08,13,Gas,0.9980690361950112,955
2019-11-08,13,Wind,0.0019309638049889177,0
2019-11-08,14,Gas,0.9972813841296981,1017
2019-11-08,14,Wind,0.0027186158703017627,0
2019-11-08,15,Gas,0.9139455474752359,1262
2019-11-08,15,Hydro,0.04153061070709513,0
2019-11-08,15,Pumped Storage,0.04153061070709513,0
2019-11-08,15,Wind,0.0029932311105738698,0
2019-11-08,16,Gas,0.5814144125412039,1020
2019-11-08,16,Pumped Storage,0.4152960089580027,0
2019-11-08,16,Wind,0.003289578500793184,0
2019-11-08,17,Demand Response,0.0830714992275129,0
2019-11-08,17,Gas,0.0830714992275129,993
2019-11-08,17,Hydro,0.0830714992275129,0
2019-11-08,17,Pumped Storage,0.45689324575132095,0
2019-11-08,17,Wind,0.2938922565661402,0
2019-11-08,18,Gas,0.3598567413809451,1232
2019-11-08,18,Pumped Storage,0.24913159018680817,0
2019-11-08,18,Wind,0.3910116684322467,0
2019-11-08,19,Gas,0.609086826966507,1149
2019-11-08,19,Wind,0.39091317303349293,0
2019-11-08,20,Gas,0.41530899961244583,1014
2019-11-08,20,Pumped Storage,0.12459269988373373,0
2019-11-08,20,Wind,0.4600983005038205,0
2019-11-08,21,Gas,0.37472710995115055,847
2019-11-08,21,Pumped Storage,0.16639377661781724,0
2019-11-08,21,Wind,0.45887911343103216,0
2019-11-08,22,Gas,0.41666666666666663,891
2019-11-08,22,Pumped Storage Demand,0.08333333333333333,0
2019-11-08,22,Wind,0.5,0
2019-11-08,23,Gas,0.25,872
2019-11-08,23,Pumped Storage Demand,0.25,0
2019-11-08,23,Wind,0.5,0
2019-11-09,0,Gas,0.5,837
2019-11-09,0,Wind,0.5,0
2019-11-09,1,Gas,0.41666666666666663,830
2019-11-09,1,Pumped Storage Demand,0.08333333333333333,0
2019-11-09,1,Wind,0.4999999999999999,0
2019-11-09,2,Gas,0.41666666666666663,849
2019-11-09,2,Pumped Storage Demand,0.08333333333333334,0
2019-11-09,2,Wind,0.4999999999999999,0
2019-11-09,3,Gas,0.45833333333333337,858
2019-11-09,3,Hydro,0.041666666666666664,0
2019-11-09,3,Wind,0.5,0
2019-11-09,4,Gas,0.5416666666666667,976
2019-11-09,4,Wind,0.45833333333333337,0
2019-11-09,5,Gas,0.5277777777777779,848
2019-11-09,5,Wind,0.47222222222222227,0
2019-11-09,6,Gas,0.19444444444444442,1025
2019-11-09,6,Hydro,0.3333333333333333,0
2019-11-09,6,Pumped Storage,0.20833333333333334,0
2019-11-09,6,Wind,0.26388888888888884,0
2019-11-09,7,Gas,0.5833333333333334,921
2019-11-09,7,Hydro,0.25,0
2019-11-09,7,Pumped Storage,0.16666666666666666,0
2019-11-09,8,Gas,0.9999999999999999,928
2019-11-09,9,Gas,1.0,850
2019-11-09,10,Gas,1.0,829
2019-11-09,11,Gas,0.75,808
2019-11-09,11,Other,0.25,2048
2019-11-09,12,Gas,1.0,828
2019-11-09,13,Gas,0.9999999999999999,820
2019-11-09,14,Gas,0.9166666666666666,808
2019-11-09,14,Other,0.08333333333333333,2044
2019-11-09,15,Gas,0.4999999999999999,860
2019-11-09,15,Pumped Storage Demand,0.4999999999999999,0
2019-11-09,16,Gas,0.8333333333333334,811
2019-11-09,16,Pumped Storage,0.16666666666666666,0
2019-11-09,17,Gas,0.4160926219343409,829
2019-11-09,17,Pumped Storage,0.5833333333333335,0
2019-11-09,17,Wind,0.0005740447323258596,0
2019-11-09,18,Gas,0.6655591060634534,867
2019-11-09,18,Pumped Storage,0.33333333333333337,0
2019-11-09,18,Wind,0.0011075606032133255,0
2019-11-09,19,Gas,1.0,898
2019-11-09,20,Gas,0.9972912787069805,862
2019-11-09,20,Wind,0.0027087212930194332,0
2019-11-09,21,Gas,0.9989355944811991,876
2019-11-09,21,Wind,0.0010644055188009495,0
2019-11-09,22,Gas,1.0,875
2019-11-09,23,Gas,1.0,851
2019-11-10,0,Gas,0.8333333333333334,879
2019-11-10,0,Hydro,0.027777777777777783,0
2019-11-10,0,Other,0.1388888888888889,2044
2019-11-10,1,Gas,1.0,888
2019-11-10,2,Gas,0.748678554084996,927
2019-11-10,2,Pumped Storage Demand,0.25,0
2019-11-10,2,Wind,0.0013214459150040468,0
2019-11-10,3,Gas,0.9986097113991975,859
2019-11-10,3,Wind,0.0013902886008022265,0
2019-11-10,4,Gas,1.0,886
2019-11-10,5,Gas,1.0000000000000002,968
2019-11-10,6,Gas,0.9166666666666666,1021
2019-11-10,6,Pumped Storage Demand,0.08333333333333333,0
2019-11-10,7,Gas,0.888888888888889,848
2019-11-10,7,Other,0.11111111111111112,2044
2019-11-10,8,Gas,0.9986588958096455,892
2019-11-10,8,Wind,0.001341104190354639,0
2019-11-10,9,Gas,0.805035325420712,909
2019-11-10,9,Pumped Storage,0.19444444444444442,0
2019-11-10,9,Wind,0.0005202301348435988,0
2019-11-10,10,Gas,0.9987169908488269,844
2019-11-10,10,Wind,0.0012830091511730993,0
2019-11-10,11,Gas,0.5833333333333335,827
2019-11-10,11,Hydro,0.41666666666666674,0
2019-11-10,12,Gas,1.0,817
2019-11-10,13,Gas,0.7500000000000001,863
2019-11-10,13,Hydro,0.25,0
2019-11-10,14,Gas,0.6249999999999998,852
2019-11-10,14,Hydro,0.16666666666666663,0
2019-11-10,14,Pumped Storage,0.20833333333333331,0
2019-11-10,15,Gas,1.0,877
2019-11-10,16,Gas,0.8055555555555556,905
2019-11-10,16,Pumped Storage,0.19444444444444448,0
2019-11-10,17,Gas,0.922222222222222,954
2019-11-10,17,Pumped Storage,0.07777777777777778,0
2019-11-10,18,Gas,0.6666666666666666,916
2019-11-10,18,Pumped Storage,0.33333333333333326,0
2019-11-10,19,Gas,1.0,875
2019-11-10,20,Gas,1.0000000000000002,865
2019-11-10,21,Gas,0.9999999999999999,852
2019-11-10,22,Gas,1.0,805
2019-11-10,23,Gas,0.9166666666666665,856
2019-11-10,23,Hydro,0.08333333333333333,0
2019-11-11,0,Gas,1.0,1031
2019-11-11,1,Gas,1.0,916
2019-11-11,2,Gas,1.0,855
2019-11-11,3,Gas,1.0,954
2019-11-11,4,Gas,0.8333333333333333,1101
2019-11-11,4,Hydro,0.16666666666666666,0
2019-11-11,5,Gas,0.1666666666666667,836
2019-11-11,5,Hydro,0.08333333333333336,0
2019-11-11,5,Pumped Storage Demand,0.75,0
2019-11-11,6,Gas,0.9999999999999999,816
2019-11-11,7,Pumped Storage Demand,1.0,0
2019-11-11,8,Gas,0.3333333333333334,870
2019-11-11,8,Pumped Storage Demand,0.6666666666666666,0
2019-11-11,9,Gas,1.0,973
2019-11-11,10,Gas,1.0000000000000002,883
2019-11-11,11,Gas,1.0,854
2019-11-11,12,Gas,1.0,826
2019-11-11,13,Gas,0.9999999999999998,844
2019-11-11,14,Gas,0.9999999999999999,851
2019-11-11,15,Gas,1.0,853
2019-11-11,16,Gas,0.75,899
2019-11-11,16,Pumped Storage,0.25,0
2019-11-11,17,Gas,0.9166666666666667,882
2019-11-11,17,Pumped Storage,0.08333333333333334,0
2019-11-11,18,Gas,0.7500000000000002,835
2019-11-11,18,Pumped Storage,0.25,0
2019-11-11,19,Gas,0.9999999999999999,855
2019-11-11,20,Gas,1.0,841
2019-11-11,21,Gas,0.9999999999999999,899
2019-11-11,22,Gas,1.0,843
2019-11-11,23,Gas,1.0,843
2019-11-12,0,Gas,1.0,821
2019-11-12,1,Gas,1.0,820
2019-11-12,2,Gas,1.0,811
2019-11-12,3,Gas,1.0,805
2019-11-12,4,Gas,0.9999999999999999,812
2019-11-12,5,Gas,1.0,825
2019-11-12,6,Gas,0.7499999999999999,836
2019-11-12,6,Pumped Storage Demand,0.24999999999999994,0
2019-11-12,7,Gas,1.0,875
2019-11-12,8,Gas,1.0,873
2019-11-12,9,Gas,0.7361111111111113,868
2019-11-12,9,Hydro,0.055555555555555566,0
2019-11-12,9,Pumped Storage,0.2083333333333334,0
2019-11-12,10,Gas,0.6805555555555556,860
2019-11-12,10,Pumped Storage,0.3194444444444444,0
2019-11-12,11,Gas,0.7916666666666665,844
2019-11-12,11,Pumped Storage,0.20833333333333331,0
2019-11-12,12,Coal,0.02777777777777778,2846
2019-11-12,12,Gas,0.6388888888888888,840
2019-11-12,12,Pumped Storage,0.3333333333333333,0
2019-11-12,13,Gas,0.9583333333333334,844
2019-11-12,13,Pumped Storage,0.04166666666666667,0
2019-11-12,14,Gas,0.9583333333333331,991
2019-11-12,14,Pumped Storage,0.04166666666666666,0
2019-11-12,15,Gas,1.0,848
2019-11-12,16,Gas,0.9999999999999999,954
2019-11-12,17,Gas,1.0,876
2019-11-12,18,Gas,0.75,901
2019-11-12,18,Pumped Storage,0.25,0
2019-11-12,19,Gas,1.0,881
2019-11-12,20,Gas,0.9999999999999999,866
2019-11-12,21,Gas,0.9999999999999999,869
2019-11-12,22,Gas,1.0,854
2019-11-12,23,Gas,0.75,1066
2019-11-12,23,Pumped Storage Demand,0.25,0
2019-11-13,0,Gas,0.16666666666666666,1003
2019-11-13,0,Hydro,0.6666666666666665,0
2019-11-13,0,Pumped Storage Demand,0.16666666666666666,0
2019-11-13,1,Gas,0.75,1162
2019-11-13,1,Hydro,0.25,0
2019-11-13,2,Gas,0.6666666666666666,1218
2019-11-13,2,Hydro,0.3333333333333333,0
2019-11-13,3,Gas,0.7465881928377816,977
2019-11-13,3,Hydro,0.25,0
2019-11-13,3,Wind,0.0034118071622185418,0
2019-11-13,4,Gas,0.9862853559124225,993
2019-11-13,4,Wind,0.013714644087577523,0
2019-11-13,5,Gas,0.5856342556921719,1024
2019-11-13,5,Hydro,0.16436574430782824,0
2019-11-13,5,Pumped Storage,0.24654861646174236,0
2019-11-13,5,Wind,0.0034513835382576686,0
2019-11-13,6,Gas,0.2534194428708635,836
2019-11-13,6,Pumped Storage,0.7465805571291366,0
2019-11-13,7,Gas,0.8356426750177013,932
2019-11-13,7,Pumped Storage,0.16435732498229857,0
2019-11-13,8,Gas,1.0,843
2019-11-13,9,Gas,0.9166666666666666,859
2019-11-13,9,Hydro,0.08333333333333334,0
2019-11-13,10,Gas,0.9999999999999999,826
2019-11-13,11,Gas,0.7499999999999999,863
2019-11-13,11,Hydro,0.24999999999999997,0
2019-11-13,12,Gas,0.9999999999999999,897
2019-11-13,13,Gas,0.9999999999999999,854
2019-11-13,14,Gas,1.0,841
2019-11-13,15,Gas,0.8333333333333334,961
2019-11-13,15,Pumped Storage,0.16666666666666669,0
2019-11-13,16,Gas,0.41666666666666674,908
2019-11-13,16,Hydro,0.12500000000000003,0
2019-11-13,16,Pumped Storage,0.45833333333333337,0
2019-11-13,17,Gas,0.41666666666666663,1125
2019-11-13,17,Hydro,0.08333333333333333,0
2019-11-13,17,Pumped Storage,0.5,0
2019-11-13,18,Gas,0.49999999999999994,822
2019-11-13,18,Pumped Storage,0.49999999999999994,0
2019-11-13,19,Gas,0.29166666666666663,1109
2019-11-13,19,Pumped Storage,0.7083333333333334,0
2019-11-13,20,Gas,0.33333333333333337,753
2019-11-13,20,Pumped Storage,0.6666666666666666,0
2019-11-13,21,Gas,0.9166666666666667,986
2019-11-13,21,Pumped Storage,0.08333333333333334,0
2019-11-13,22,Gas,1.0,912
2019-11-13,23,Gas,0.33333333333333326,926
2019-11-13,23,Pumped Storage Demand,0.6666666666666667,0
2019-11-14,0,Gas,0.8333333333333333,966
2019-11-14,0,Pumped Storage Demand,0.16666666666666666,0
2019-11-14,1,Gas,0.5,835
2019-11-14,1,Pumped Storage Demand,0.5,0
2019-11-14,2,Gas,0.08333333333333336,851
2019-11-14,2,Pumped Storage Demand,0.9166666666666667,0
2019-11-14,3,Gas,0.5,837
2019-11-14,3,Pumped Storage Demand,0.5,0
2019-11-14,4,Gas,0.7083333333333334,852
2019-11-14,4,Hydro,0.125,0
2019-11-14,4,Pumped Storage,0.16666666666666666,0
2019-11-14,5,Gas,0.8055555555555557,871
2019-11-14,5,Hydro,0.13888888888888892,0
2019-11-14,5,Pumped Storage,0.055555555555555566,0
2019-11-14,6,Gas,0.11111111111111113,1219
2019-11-14,6,Hydro,0.027777777777777783,0
2019-11-14,6,Pumped Storage,0.8611111111111113,0
2019-11-14,7,Gas,0.75,1215
2019-11-14,7,Pumped Storage,0.25,0
2019-11-14,8,Gas,0.9166666666666667,1132
2019-11-14,8,Hydro,0.08333333333333333,0
2019-11-14,9,Gas,0.7638888888888891,1186
2019-11-14,9,Hydro,0.23611111111111116,0
2019-11-14,10,Gas,0.9166666666666669,1140
2019-11-14,10,Pumped Storage,0.08333333333333333,0
2019-11-14,11,Gas,1.0,1093
2019-11-14,12,Gas,0.7500000000000001,1115
2019-11-14,12,Pumped Storage Demand,0.25000000000000006,0
2019-11-14,13,Gas,0.9999999999999999,906
2019-11-14,14,Gas,0.8333333333333334,889
2019-11-14,14,Pumped Storage Demand,0.16666666666666669,0
2019-11-14,15,Coal,0.16666666666666666,2334
2019-11-14,15,Gas,0.24999999999999997,901
2019-11-14,15,Pumped Storage Demand,0.5833333333333334,0
2019-11-14,16,Gas,0.75,875
2019-11-14,16,Pumped Storage,0.25,0
2019-11-14,17,Gas,0.6111111111111112,865
2019-11-14,17,Pumped Storage,0.3888888888888889,0
2019-11-14,18,Coal,0.25000000000000006,2334
2019-11-14,18,Demand Response,0.08333333333333334,0
2019-11-14,18,Gas,0.638888888888889,936
2019-11-14,18,Pumped Storage,0.02777777777777778,0
2019-11-14,19,Coal,0.13888888888888887,2334
2019-11-14,19,Gas,0.861111111111111,922
2019-11-14,20,Coal,0.041666666666666664,2334
2019-11-14,20,Gas,0.9583333333333333,882
2019-11-14,21,Gas,0.5833333333333333,897
2019-11-14,21,Hydro,0.37121212121212105,0
2019-11-14,21,Wind,0.04545454545454544,0
2019-11-14,22,Coal,0.16666666666666669,2375
2019-11-14,22,Gas,0.5,851
2019-11-14,22,Hydro,0.16666666666666669,0
2019-11-14,22,Other,0.16666666666666669,2048
2019-11-14,23,Gas,0.5833333333333334,873
2019-11-14,23,Pumped Storage Demand,0.4166666666666667,0
2019-11-15,0,Gas,0.4999999999999999,843
2019-11-15,0,Pumped Storage Demand,0.5,0
2019-11-15,1,Gas,0.5,866
2019-11-15,1,Hydro,0.25,0
2019-11-15,1,Pumped Storage Demand,0.25,0
2019-11-15,2,Gas,1.0,861
2019-11-15,3,Gas,1.0,805
2019-11-15,4,Gas,0.6666666666666666,899
2019-11-15,4,Pumped Storage Demand,0.3333333333333333,0
2019-11-15,5,Gas,0.5,944
2019-11-15,5,Pumped Storage Demand,0.4999999999999999,0
2019-11-15,6,Gas,0.9583333333333334,899
2019-11-15,6,Hydro,0.041666666666666664,0
2019-11-15,7,Gas,0.9166666666666666,818
2019-11-15,7,Pumped Storage,0.08333333333333333,0
2019-11-15,8,Gas,0.5833333333333333,873
2019-11-15,8,Pumped Storage,0.41666666666666663,0
2019-11-15,9,Gas,0.16666666666666669,847
2019-11-15,9,Pumped Storage Demand,0.8333333333333333,0
2019-11-15,10,Gas,0.9166666666666667,832
2019-11-15,10,Pumped Storage Demand,0.08333333333333333,0
2019-11-15,11,Gas,0.9999163407123575,826
2019-11-15,11,Wind,8.365928764255811e-05,0
2019-11-15,12,Gas,0.9999999999999999,854
2019-11-15,13,Gas,1.0,891
2019-11-15,14,Gas,0.8333333333333333,851
2019-11-15,14,Other,0.16666666666666666,2048
2019-11-15,15,Gas,1.0,821
2019-11-15,16,Gas,0.9999999999999999,842
2019-11-15,17,Gas,0.8328537051683773,822
2019-11-15,17,Pumped Storage,0.16666666666666666,0
2019-11-15,17,Wind,0.00047962816495603755,0
2019-11-15,18,Gas,1.0,822
2019-11-15,19,Gas,0.9988516628285078,823
2019-11-15,19,Wind,0.0011483371714924291,0
2019-11-15,20,Gas,0.9996969697122637,827
2019-11-15,20,Wind,0.00030303028773632004,0
2019-11-15,21,Gas,0.9992372731599558,862
2019-11-15,21,Wind,0.0007627268400443543,0
2019-11-15,22,Gas,0.9991165713961784,838
2019-11-15,22,Wind,0.0008834286038217453,0
2019-11-15,23,Gas,0.7498419340401932,927
2019-11-15,23,Pumped Storage Demand,0.24984193404019303,0
2019-11-15,23,Wind,0.0003161319196139679,0
2019-11-16,0,Gas,0.8318828349757144,808
2019-11-16,0,Pumped Storage Demand,0.1663443336983069,0
2019-11-16,0,Wind,0.0017728313259788519,0
2019-11-16,1,Gas,0.9987382198637598,881
2019-11-16,1,Wind,0.001261780136240094,0
2019-11-16,2,Gas,0.9995343164061385,935
2019-11-16,2,Wind,0.0004656835938614119,0
2019-11-16,3,Gas,0.9996922225409778,846
2019-11-16,3,Wind,0.0003077774590222204,0
2019-11-16,4,Gas,0.9996980146961485,888
2019-11-16,4,Wind,0.0003019853038515816,0
2019-11-16,5,Gas,0.9158325680238582,901
2019-11-16,5,Pumped Storage Demand,0.08333333333333334,0
2019-11-16,5,Wind,0.0008340986428085829,0
2019-11-16,6,Gas,0.9255905951884806,825
2019-11-16,6,Hydro,0.018518518518518524,0
2019-11-16,6,Wind,0.05589088629300109,0
2019-11-16,7,Gas,0.9999999999999999,838
2019-11-16,8,Gas,1.0,836
2019-11-16,9,Gas,1.0,818
2019-11-16,10,Gas,1.0,805
2019-11-16,11,Gas,1.0,805
2019-11-16,12,Gas,1.0,805
2019-11-16,13,Gas,1.0,805
2019-11-16,14,Gas,1.0,805
2019-11-16,15,Gas,1.0,876
2019-11-16,16,Gas,0.75,839
2019-11-16,16,Pumped Storage,0.25,0
2019-11-16,17,Gas,1.0,886
2019-11-16,18,Gas,0.8333333333333335,830
2019-11-16,18,Pumped Storage,0.16666666666666666,0
2019-11-16,19,Gas,0.6666666666666666,856
2019-11-16,19,Pumped Storage,0.3333333333333333,0
2019-11-16,20,Gas,1.0,848
2019-11-16,21,Gas,1.0,864
2019-11-16,22,Gas,1.0,837
2019-11-16,23,Gas,0.9166666666666669,875
2019-11-16,23,Hydro,0.01666666666666667,0
2019-11-16,23,Wind,0.06666666666666668,0
2019-11-17,0,Gas,1.0000000000000002,820
2019-11-17,1,Gas,1.0,832
2019-11-17,2,Gas,1.0,805
2019-11-17,3,Gas,1.0,805
2019-11-17,4,Gas,0.8333333333333334,816
2019-11-17,4,Pumped Storage Demand,0.16666666666666666,0
2019-11-17,5,Gas,0.8833333333333335,832
2019-11-17,5,Other,0.03333333333333333,2044
2019-11-17,5,Pumped Storage Demand,0.08333333333333333,0
2019-11-17,6,Gas,0.9166666666666669,808
2019-11-17,6,Pumped Storage,0.08333333333333333,0
2019-11-17,7,Gas,1.0,865
2019-11-17,8,Gas,0.9999999999999998,849
2019-11-17,9,Gas,0.5833333333333333,856
2019-11-17,9,Pumped Storage,0.4166666666666666,0
2019-11-17,10,Gas,0.25,910
2019-11-17,10,Pumped Storage,0.75,0
2019-11-17,11,Gas,0.5527777777777778,857
2019-11-17,11,Pumped Storage,0.4472222222222222,0
2019-11-17,12,Gas,0.7249999999999999,862
2019-11-17,12,Hydro,0.03333333333333332,0
2019-11-17,12,Pumped Storage,0.24166666666666664,0
2019-11-17,13,Gas,0.7583333333333334,867
2019-11-17,13,Hydro,0.07500000000000002,0
2019-11-17,13,Pumped Storage,0.1666666666666667,0
2019-11-17,14,Gas,0.7527777777777778,870
2019-11-17,14,Pumped Storage,0.24722222222222223,0
2019-11-17,15,Gas,0.8180555555555555,897
2019-11-17,15,Pumped Storage,0.18194444444444444,0
2019-11-17,16,Demand Response,0.20833333333333331,0
2019-11-17,16,Gas,0.5138888888888888,877
2019-11-17,16,Pumped Storage,0.2777777777777778,0
2019-11-17,17,Gas,0.4375,885
2019-11-17,17,Pumped Storage,0.5625,0
2019-11-17,18,Gas,0.5833333333333334,878
2019-11-17,18,Pumped Storage,0.4166666666666667,0
2019-11-17,19,Gas,0.6111111111111112,885
2019-11-17,19,Pumped Storage,0.3888888888888889,0
2019-11-17,20,Gas,0.4166666666666666,856
2019-11-17,20,Hydro,0.375,0
2019-11-17,20,Pumped Storage,0.2083333333333333,0
2019-11-17,21,Gas,0.9375000000000001,850
2019-11-17,21,Hydro,0.06250000000000001,0
2019-11-17,22,Gas,1.0,870
2019-11-17,23,Gas,1.0,870
2019-11-18,0,Gas,0.5833333333333334,813
2019-11-18,0,Pumped Storage Demand,0.4166666666666667,0
2019-11-18,1,Gas,1.0,822
2019-11-18,2,Gas,0.9999999999999998,862
2019-11-18,3,Gas,0.41666666666666663,943
2019-11-18,3,Pumped Storage Demand,0.5833333333333334,0
2019-11-18,4,Gas,0.7499999999999998,874
2019-11-18,4,Pumped Storage Demand,0.24999999999999994,0
2019-11-18,5,Gas,0.5833333333333333,807
2019-11-18,5,Pumped Storage,0.16666666666666666,0
2019-11-18,5,Pumped Storage Demand,0.25,0
2019-11-18,6,Pumped Storage,1.0,0
2019-11-18,7,Gas,0.6944444444444445,805
2019-11-18,7,Other,0.13888888888888892,3240
2019-11-18,7,Pumped Storage,0.16666666666666669,0
2019-11-18,8,Coal,0.25,2846
2019-11-18,8,Gas,0.25,1302
2019-11-18,8,Other,0.125,3398
2019-11-18,8,Pumped Storage,0.375,0
2019-11-18,9,Gas,0.25,1270
2019-11-18,9,Pumped Storage,0.75,0
2019-11-18,10,Gas,1.0,1148
2019-11-18,11,Coal,0.16666666666666666,2846
2019-11-18,11,Gas,0.8333333333333333,974
2019-11-18,12,Gas,1.0,1096
2019-11-18,13,Demand Response,0.25,0
2019-11-18,13,Gas,0.5,1125
2019-11-18,13,Pumped Storage,0.25,0
2019-11-18,14,Coal,0.16666666666666666,2334
2019-11-18,14,Gas,0.8333333333333334,897
2019-11-18,15,Coal,0.08333333333333333,2334
2019-11-18,15,Gas,0.9166666666666666,961
2019-11-18,16,Gas,0.24999999999999994,895
2019-11-18,16,Pumped Storage,0.7499999999999999,0
2019-11-18,17,Gas,0.41637368975846945,876
2019-11-18,17,Pumped Storage,0.5833333333333333,0
2019-11-18,17,Wind,0.00029297690819714864,0
2019-11-18,18,Gas,0.25,883
2019-11-18,18,Pumped Storage,0.75,0
2019-11-18,19,Gas,0.7500000000000002,847
2019-11-18,19,Pumped Storage,0.25,0
2019-11-18,20,Gas,0.25,876
2019-11-18,20,Pumped Storage,0.75,0
2019-11-18,21,Gas,0.6666666666666665,873
2019-11-18,21,Pumped Storage,0.3333333333333333,0
2019-11-18,22,Gas,1.0000000000000002,853
2019-11-18,23,Gas,1.0,896
2019-11-19,0,Gas,1.0,814
2019-11-19,1,Coal,0.5833333333333334,2375
2019-11-19,1,Gas,0.4166666666666667,891
2019-11-19,2,Coal,0.41666666666666663,2375
2019-11-19,2,Gas,0.5833333333333333,941
2019-11-19,3,Coal,0.3333333333333333,2375
2019-11-19,3,Gas,0.6666666666666666,904
2019-11-19,4,Coal,0.16666666666666666,2375
2019-11-19,4,Gas,0.8333333333333333,864
2019-11-19,5,Coal,0.3333333333333334,2375
2019-11-19,5,Gas,0.41666666666666674,856
2019-11-19,5,Pumped Storage Demand,0.25000000000000006,0
2019-11-19,6,Coal,0.25,2375
2019-11-19,6,Gas,0.75,900
2019-11-19,7,Coal,0.25,2375
2019-11-19,7,Gas,0.7500000000000001,930
2019-11-19,8,Coal,0.16666666666666669,2334
2019-11-19,8,Gas,0.8333333333333335,883
2019-11-19,9,Coal,0.08333333333333331,2334
2019-11-19,9,Gas,0.9166666666666665,894
2019-11-19,10,Coal,0.16666666666666666,2334
2019-11-19,10,Gas,0.7500000000000001,955
2019-11-19,10,Pumped Storage,0.08333333333333333,0
2019-11-19,11,Coal,0.16666666666666669,2334
2019-11-19,11,Gas,0.8333333333333335,918
2019-11-19,12,Coal,0.08333333333333333,2334
2019-11-19,12,Gas,0.9166666666666665,905
2019-11-19,13,Gas,1.0,973
2019-11-19,14,Coal,0.125,2334
2019-11-19,14,Gas,0.8749999999999998,875
2019-11-19,15,Coal,0.125,2334
2019-11-19,15,Gas,0.8749999999999999,936
2019-11-19,16,Coal,0.12500000000000003,2334
2019-11-19,16,Gas,0.8750000000000001,899
2019-11-19,17,Gas,1.0,916
2019-11-19,18,Gas,0.6666666666666667,1164
2019-11-19,18,Pumped Storage,0.33333333333333337,0
2019-11-19,19,Gas,1.0,968
2019-11-19,20,Gas,0.9999999999999999,891
2019-11-19,21,Gas,1.0,917
2019-11-19,22,Gas,1.0,881
2019-11-19,23,Gas,1.0,825
2019-11-20,0,Gas,1.0,806
2019-11-20,1,Gas,1.0,819
2019-11-20,2,Gas,1.0,830
2019-11-20,3,Gas,1.0,805
2019-11-20,4,Gas,0.8333333333333333,805
2019-11-20,4,Pumped Storage Demand,0.16666666666666666,0
2019-11-20,5,Gas,0.6666666666666667,826
2019-11-20,5,Pumped Storage Demand,0.33333333333333337,0
2019-11-20,6,Gas,0.5833333333333335,1027
2019-11-20,6,Pumped Storage,0.4166666666666667,0
2019-11-20,7,Gas,0.5000000000000001,990
2019-11-20,7,Pumped Storage,0.5,0
2019-11-20,8,Coal,0.03333333333333333,3041
2019-11-20,8,Gas,0.6333333333333333,1087
2019-11-20,8,Pumped Storage,0.3333333333333333,0
2019-11-20,9,Gas,0.5833333333333334,1288
2019-11-20,9,Pumped Storage,0.4166666666666667,0
2019-11-20,10,Gas,0.4583333333333334,1011
2019-11-20,10,Pumped Storage,0.5416666666666666,0
2019-11-20,11,Gas,0.7916666666666667,1114
2019-11-20,11,Pumped Storage,0.20833333333333334,0
2019-11-20,12,Gas,0.8333333333333333,914
2019-11-20,12,Pumped Storage,0.16666666666666666,0
2019-11-20,13,Gas,1.0,923
2019-11-20,14,Gas,1.0,884
2019-11-20,15,Gas,1.0,895
2019-11-20,16,Gas,1.0,877
2019-11-20,17,Gas,1.0,884
2019-11-20,18,Gas,1.0,865
2019-11-20,19,Gas,1.0,861
2019-11-20,20,Gas,1.0,900
2019-11-20,21,Gas,1.0,857
2019-11-20,22,Gas,0.9999999999999999,845
2019-11-20,23,Gas,1.0,828
2019-11-21,0,Gas,1.0,815
2019-11-21,1,Gas,1.0,926
2019-11-21,2,Gas,0.9999999999999999,843
2019-11-21,3,Gas,0.9027777777777778,873
2019-11-21,3,Other,0.05555555555555556,3240
2019-11-21,3,Pumped Storage Demand,0.04166666666666667,0
2019-11-21,4,Gas,0.7083333333333334,962
2019-11-21,4,Oil,0.20833333333333331,2860
2019-11-21,4,Pumped Storage Demand,0.08333333333333333,0
2019-11-21,5,Gas,0.5833333333333333,848
2019-11-21,5,Hydro,0.08333333333333333,0
2019-11-21,5,Oil,0.125,2860
2019-11-21,5,Pumped Storage,0.20833333333333334,0
2019-11-21,6,Demand Response,0.05555555555555556,0
2019-11-21,6,Gas,0.6805555555555554,821
2019-11-21,6,Pumped Storage,0.26388888888888884,0
2019-11-21,7,Gas,0.6111111111111109,878
2019-11-21,7,Hydro,0.055555555555555546,0
2019-11-21,7,Pumped Storage,0.33333333333333326,0
2019-11-21,8,Gas,0.9583333333333333,885
2019-11-21,8,Pumped Storage,0.041666666666666664,0
2019-11-21,9,Gas,1.0,847
2019-11-21,10,Gas,0.5833333333333333,905
2019-11-21,10,Pumped Storage Demand,0.41666666666666663,0
2019-11-21,11,Gas,0.49999999999999994,880
2019-11-21,11,Pumped Storage Demand,0.5,0
2019-11-21,12,Gas,0.8333333333333335,847
2019-11-21,12,Pumped Storage Demand,0.16666666666666669,0
2019-11-21,13,Gas,0.9999999999999999,865
2019-11-21,14,Coal,0.04166666666666667,2846
2019-11-21,14,Gas,0.9583333333333334,863
2019-11-21,15,Gas,0.8013888888888889,868
2019-11-21,15,Hydro,0.16527777777777777,0
2019-11-21,15,Pumped Storage,0.03333333333333333,0
2019-11-21,16,Gas,0.6666666666666667,878
2019-11-21,16,Pumped Storage,0.33333333333333337,0
2019-11-21,17,Gas,0.6805555555555556,882
2019-11-21,17,Pumped Storage,0.3194444444444445,0
2019-11-21,18,Gas,0.9166666666666667,1031
2019-11-21,18,Pumped Storage,0.08333333333333331,0
2019-11-21,19,Gas,0.6055555555555556,873
2019-11-21,19,Pumped Storage,0.39444444444444443,0
2019-11-21,20,Gas,0.8055555555555556,869
2019-11-21,20,Pumped Storage,0.19444444444444445,0
2019-11-21,21,Gas,1.0000000000000002,889
2019-11-21,22,Gas,0.9993378931027989,878
2019-11-21,22,Wind,0.000662106897201154,0
2019-11-21,23,Gas,0.9889186116622983,844
2019-11-21,23,Hydro,0.009132728971858834,0
2019-11-21,23,Wind,0.0019486593658428022,0
2019-11-22,0,Gas,0.9986111885680677,838
2019-11-22,0,Wind,0.0013888114319322185,0
2019-11-22,1,Gas,0.9981922910390899,858
2019-11-22,1,Wind,0.0018077089609102462,0
2019-11-22,2,Gas,0.9908863928867084,836
2019-11-22,2,Hydro,0.0035134034239357338,0
2019-11-22,2,Wind,0.005600203689355773,0
2019-11-22,3,Gas,0.9847916613844684,858
2019-11-22,3,Wind,0.015208338615531647,0
2019-11-22,4,Gas,0.9988140519037267,861
2019-11-22,4,Wind,0.0011859480962732945,0
2019-11-22,5,Gas,0.8326651069766109,859
2019-11-22,5,Hydro,0.16666666666666669,0
2019-11-22,5,Wind,0.0006682263567225469,0
2019-11-22,6,Gas,0.4583333333333333,875
2019-11-22,6,Pumped Storage,0.5416666666666666,0
2019-11-22,7,Gas,0.16666666666666666,922
2019-11-22,7,Pumped Storage,0.8333333333333333,0
2019-11-22,8,Gas,0.37499999999999994,888
2019-11-22,8,Pumped Storage,0.6249999999999999,0
2019-11-22,9,Gas,0.6944444444444444,884
2019-11-22,9,Pumped Storage,0.3055555555555556,0
2019-11-22,10,Gas,0.5694444444444444,882
2019-11-22,10,Pumped Storage,0.43055555555555547,0
2019-11-22,11,Gas,0.6527777777777778,852
2019-11-22,11,Other,0.1111111111111111,3600
2019-11-22,11,Pumped Storage,0.23611111111111108,0
2019-11-22,12,Gas,0.7535172975971336,1019
2019-11-22,12,Pumped Storage,0.2333187596094847,0
2019-11-22,12,Wind,0.013163942793381607,0
2019-11-22,13,Gas,0.753302539453356,943
2019-11-22,13,Hydro,0.0034646234516289387,0
2019-11-22,13,Pumped Storage,0.23283896674012824,0
2019-11-22,13,Wind,0.010393870354886814,0
2019-11-22,14,Gas,0.9313236698313616,1024
2019-11-22,14,Hydro,0.05593927917231812,0
2019-11-22,14,Other,7.417164315608627e-05,3398
2019-11-22,14,Wind,0.012662879353164264,0
2019-11-22,15,Gas,0.9857181764451814,1015
2019-11-22,15,Hydro,0.00032007740404812015,0
2019-11-22,15,Wind,0.013961746150770338,0
2019-11-22,16,Demand Response,0.16429924373084537,0
2019-11-22,16,Gas,0.821020363439386,1083
2019-11-22,16,Hydro,0.00047585521484056945,0
2019-11-22,16,Wind,0.014204537614927959,0
2019-11-22,17,Demand Response,0.08220361455733803,0
2019-11-22,17,Gas,0.7809343382947113,998
2019-11-22,17,Pumped Storage,0.12330542183600705,0
2019-11-22,17,Wind,0.013556625311943224,0
2019-11-22,18,Gas,0.7825091387719753,864
2019-11-22,18,Pumped Storage,0.2041924022364699,0
2019-11-22,18,Wind,0.013298458991554919,0
2019-11-22,19,Gas,0.9454760978035474,871
2019-11-22,19,Hydro,0.04222567690709214,0
2019-11-22,19,Wind,0.012298225289360516,0
2019-11-22,20,Gas,0.9533608850040234,969
2019-11-22,20,Hydro,0.04145379971009841,0
2019-11-22,20,Other,7.870803522846464e-05,3398
2019-11-22,20,Wind,0.005106607250649628,0
2019-11-22,21,Gas,0.8199203066465133,1196
2019-11-22,21,Hydro,0.00037927813833835665,0
2019-11-22,21,Other,0.00015171125533534267,3398
2019-11-22,21,Pumped Storage,0.16371257965421426,0
2019-11-22,21,Wind,0.01583612430559874,0
2019-11-22,22,Gas,0.7373348456858161,1150
2019-11-22,22,Hydro,0.24597471327428672,0
2019-11-22,22,Wind,0.01669044103989732,0
2019-11-22,23,Gas,0.9832668382697543,835
2019-11-22,23,Hydro,0.00021536624301303665,0
2019-11-22,23,Wind,0.016517795487232752,0
2019-11-23,0,Gas,0.5751814044146226,843
2019-11-23,0,Pumped Storage Demand,0.4110620521429082,0
2019-11-23,0,Wind,0.013756543442468835,0
2019-11-23,1,Gas,0.9835264787422141,990
2019-11-23,1,Wind,0.016473521257785898,0
2019-11-23,2,Gas,0.900880701388256,1166
2019-11-23,2,Hydro,0.08189824558075055,0
2019-11-23,2,Wind,0.017221053030993312,0
2019-11-23,3,Gas,0.9824454412794966,1217
2019-11-23,3,Wind,0.017554558720503415,0
2019-11-23,4,Gas,0.491288007598767,1035
2019-11-23,4,Hydro,0.491288007598767,0
2019-11-23,4,Wind,0.017423984802466028,0
2019-11-23,5,Gas,0.49235489484517975,981
2019-11-23,5,Hydro,0.16432865852164538,0
2019-11-23,5,Pumped Storage,0.3280262363235344,0
2019-11-23,5,Wind,0.015290210309640293,0
2019-11-23,6,Gas,0.34236419005680563,1005
2019-11-23,6,Hydro,0.19347283801136111,0
2019-11-23,6,Other,0.24650221684090004,3602
2019-11-23,6,Pumped Storage,0.20541851403408334,0
2019-11-23,6,Wind,0.012242241056849837,0
2019-11-23,7,Gas,0.8215234760165547,1064
2019-11-23,7,Hydro,0.16430469520331095,0
2019-11-23,7,Wind,0.01417182878013451,0
2019-11-23,8,Gas,0.6021722840754742,929
2019-11-23,8,Pumped Storage,0.3832005444116653,0
2019-11-23,8,Wind,0.014627171512860632,0
2019-11-23,9,Gas,0.4289204253107761,1052
2019-11-23,9,Pumped Storage,0.5686268793220547,0
2019-11-23,9,Wind,0.002452695367169232,0
2019-11-23,10,Gas,0.9028153402862891,881
2019-11-23,10,Pumped Storage,0.08207412184420809,0
2019-11-23,10,Wind,0.015110537869503032,0
2019-11-23,11,Gas,0.49251330266691445,909
2019-11-23,11,Pumped Storage Demand,0.4925133026669145,0
2019-11-23,11,Wind,0.014973394666171033,0
2019-11-23,12,Gas,0.9911618238815516,834
2019-11-23,12,Wind,0.008838176118448504,0
2019-11-23,13,Gas,0.7499999999999998,835
2019-11-23,13,Pumped Storage Demand,0.24999999999999994,0
2019-11-23,14,Gas,0.08333333333333334,889
2019-11-23,14,Pumped Storage Demand,0.9166666666666666,0
2019-11-23,15,Gas,0.5833333333333331,899
2019-11-23,15,Pumped Storage Demand,0.4166666666666666,0
2019-11-23,16,Gas,0.9166666666666667,1037
2019-11-23,16,Pumped Storage,0.08333333333333334,0
2019-11-23,17,Gas,0.8680555555555555,972
2019-11-23,17,Pumped Storage,0.13194444444444445,0
2019-11-23,18,Gas,1.0,1125
2019-11-23,19,Coal,0.02777777777777778,3011
2019-11-23,19,Gas,0.5277777777777778,871
2019-11-23,19,Hydro,0.11111111111111112,0
2019-11-23,19,Pumped Storage,0.33333333333333337,0
2019-11-23,20,Gas,0.8888888888888888,881
2019-11-23,20,Hydro,0.1111111111111111,0
2019-11-23,21,Gas,1.0,874
2019-11-23,22,Coal,0.04166666666666667,3011
2019-11-23,22,Gas,0.8333333333333335,894
2019-11-23,22,Hydro,0.125,0
2019-11-23,23,Gas,0.875,1009
2019-11-23,23,Hydro,0.041666666666666664,0
2019-11-23,23,Other,0.08333333333333333,3602
2019-11-24,0,Gas,0.5833333333333333,804
2019-11-24,0,Pumped Storage Demand,0.4166666666666667,0
2019-11-24,1,Gas,0.25,993
2019-11-24,1,Pumped Storage Demand,0.7499999999999999,0
2019-11-24,2,Gas,0.33333333333333337,993
2019-11-24,2,Pumped Storage Demand,0.6666666666666667,0
2019-11-24,3,Pumped Storage Demand,1.0,0
2019-11-24,4,Gas,0.5,818
2019-11-24,4,Pumped Storage Demand,0.5,0
2019-11-24,5,Gas,0.33333333333333337,818
2019-11-24,5,Pumped Storage Demand,0.6666666666666667,0
2019-11-24,6,Gas,0.25000000000000006,818
2019-11-24,6,Pumped Storage Demand,0.75,0
2019-11-24,7,Gas,0.49999999999999994,881
2019-11-24,7,Pumped Storage Demand,0.5,0
2019-11-24,8,Gas,0.8333333333333334,910
2019-11-24,8,Pumped Storage Demand,0.16666666666666669,0
2019-11-24,9,Gas,0.16666666666666669,855
2019-11-24,9,Pumped Storage Demand,0.8333333333333334,0
2019-11-24,10,Gas,0.9166666666666667,875
2019-11-24,10,Pumped Storage Demand,0.08333333333333334,0
2019-11-24,11,Gas,1.0,970
2019-11-24,12,Gas,1.0,909
2019-11-24,13,Gas,0.9999999999999999,893
2019-11-24,14,Gas,1.0,929
2019-11-24,15,Gas,1.0,864
2019-11-24,16,Gas,0.9166666666666669,888
2019-11-24,16,Pumped Storage,0.08333333333333333,0
2019-11-24,17,Gas,1.0,868
2019-11-24,18,Gas,1.0,826
2019-11-24,19,Gas,1.0,817
2019-11-24,20,Gas,1.0,838
2019-11-24,21,Gas,1.0,813
2019-11-24,22,Gas,0.9999999999999999,886
2019-11-24,23,Gas,0.9985670560134339,818
2019-11-24,23,Wind,0.001432943986565887,0
2019-11-25,0,Gas,0.0830525187495063,805
2019-11-25,0,Other,0.0830525187495063,3240
2019-11-25,0,Pumped Storage Demand,0.830525187495063,0
2019-11-25,0,Wind,0.0033697750059243524,0
2019-11-25,1,Gas,0.6652963335838845,818
2019-11-25,1,Other,0.04152963335838845,3240
2019-11-25,1,Pumped Storage Demand,0.29070743350871914,0
2019-11-25,1,Wind,0.0024665995490080824,0
2019-11-25,2,Gas,0.9971406133460365,818
2019-11-25,2,Wind,0.0028593866539634834,0
2019-11-25,3,Gas,0.9991639643864687,835
2019-11-25,3,Wind,0.0008360356135312992,0
2019-11-25,4,Gas,1.0,824
2019-11-25,5,Gas,0.7486018903263587,823
2019-11-25,5,Pumped Storage Demand,0.24999999999999994,0
2019-11-25,5,Wind,0.0013981096736412212,0
2019-11-25,6,Gas,0.9166666666666666,1000
2019-11-25,6,Pumped Storage,0.08333333333333333,0
2019-11-25,7,Gas,0.3333333333333333,1115
2019-11-25,7,Pumped Storage,0.6666666666666666,0
2019-11-25,8,Gas,0.5624999999999999,1009
2019-11-25,8,Pumped Storage,0.43749999999999994,0
2019-11-25,9,Gas,0.9166666666666666,883
2019-11-25,9,Pumped Storage,0.08333333333333333,0
2019-11-25,10,Gas,0.999517193710572,960
2019-11-25,10,Wind,0.0004828062894277682,0
2019-11-25,11,Gas,1.0,907
2019-11-25,12,Gas,1.0000000000000002,968
2019-11-25,13,Gas,1.0,838
2019-11-25,14,Gas,1.0,948
2019-11-25,15,Gas,1.0,871
2019-11-25,16,Gas,0.7916666666666666,892
2019-11-25,16,Pumped Storage,0.20833333333333331,0
2019-11-25,17,Gas,0.41666666666666663,847
2019-11-25,17,Pumped Storage,0.5833333333333334,0
2019-11-25,18,Gas,0.999838932041778,864
2019-11-25,18,Wind,0.00016106795822200923,0
2019-11-25,19,Gas,1.0000000000000002,917
2019-11-25,20,Gas,0.9999999999999999,884
2019-11-25,21,Gas,0.7684967022941287,866
2019-11-25,21,Pumped Storage,0.23150329770587147,0
2019-11-25,22,Gas,1.0,829
2019-11-25,23,Gas,0.9999999999999999,996
2019-11-26,0,Gas,0.9999999999999999,860
2019-11-26,1,Gas,0.9995256818544961,806
2019-11-26,1,Wind,0.0004743181455039674,0
2019-11-26,2,Gas,1.0,805
2019-11-26,3,Gas,1.0,805
2019-11-26,4,Gas,0.9999999999999999,815
2019-11-26,5,Gas,1.0000000000000002,818
2019-11-26,6,Gas,0.7678551241953507,1001
2019-11-26,6,Pumped Storage,0.2321448758046492,0
2019-11-26,7,Gas,1.0000000000000002,968
2019-11-26,8,Gas,0.2530585305513644,854
2019-11-26,8,Pumped Storage,0.7458481046769095,0
2019-11-26,8,Wind,0.001093364771726106,0
2019-11-26,9,Gas,0.4460933253069846,878
2019-11-26,9,Pumped Storage,0.5513429652328855,0
2019-11-26,9,Wind,0.0025637094601300794,0
2019-11-26,10,Gas,0.9430931083597175,872
2019-11-26,10,Pumped Storage,0.05541330965190009,0
2019-11-26,10,Wind,0.0014935819883822687,0
2019-11-26,11,Gas,0.6666666666666666,898
2019-11-26,11,Pumped Storage,0.3333333333333333,0
2019-11-26,12,Gas,0.23333333333333336,902
2019-11-26,12,Pumped Storage,0.7666666666666667,0
2019-11-26,13,Gas,0.5666666666666668,951
2019-11-26,13,Pumped Storage,0.43333333333333335,0
2019-11-26,14,Gas,0.5833333333333333,930
2019-11-26,14,Pumped Storage,0.41666666666666663,0
2019-11-26,15,Gas,0.8888888888888891,1036
2019-11-26,15,Other,0.027777777777777783,3600
2019-11-26,15,Pumped Storage,0.08333333333333334,0
2019-11-26,16,Gas,1.0000000000000002,947
2019-11-26,17,Gas,0.7575431707141747,909
2019-11-26,17,Pumped Storage,0.24135060161900318,0
2019-11-26,17,Wind,0.0011062276668221658,0
2019-11-26,18,Gas,0.6654189148816289,890
2019-11-26,18,Pumped Storage,0.3327094574408144,0
2019-11-26,18,Wind,0.0018716276775565535,0
2019-11-26,19,Gas,0.4159382909550976,841
2019-11-26,19,Pumped Storage,0.5823136073371367,0
2019-11-26,19,Wind,0.0017481017077657741,0
2019-11-26,20,Gas,0.9982665523936642,862
2019-11-26,20,Wind,0.0017334476063356721,0
2019-11-26,21,Gas,0.9982605236945598,877
2019-11-26,21,Wind,0.0017394763054401844,0
2019-11-26,22,Gas,0.9982526163032752,822
2019-11-26,22,Wind,0.0017473836967247095,0
2019-11-26,23,Gas,0.9981948982228503,893
2019-11-26,23,Wind,0.0018051017771497147,0
2019-11-27,0,Gas,0.4990769948763941,917
2019-11-27,0,Pumped Storage Demand,0.4990769948763941,0
2019-11-27,0,Wind,0.0018460102472117612,0
2019-11-27,1,Gas,0.6653168483355185,851
2019-11-27,1,Pumped Storage Demand,0.33265842416775926,0
2019-11-27,1,Wind,0.0020247274967220663,0
2019-11-27,2,Gas,0.999310426720792,847
2019-11-27,2,Wind,0.0006895732792081078,0
2019-11-27,3,Gas,0.9979379222362252,889
2019-11-27,3,Wind,0.002062077763774773,0
2019-11-27,4,Gas,0.9984628504323569,893
2019-11-27,4,Wind,0.0015371495676429375,0
2019-11-27,5,Gas,0.6666666666666666,830
2019-11-27,5,Pumped Storage Demand,0.3333333333333333,0
2019-11-27,6,Gas,0.9999999999999999,865
2019-11-27,7,Gas,1.0000000000000002,941
2019-11-27,8,Gas,1.0,900
2019-11-27,9,Gas,1.0,846
2019-11-27,10,Gas,0.9999999999999999,885
2019-11-27,11,Gas,1.0,925
2019-11-27,12,Gas,0.9999999999999999,860
2019-11-27,13,Gas,0.49999999999999994,890
2019-11-27,13,Pumped Storage,0.5,0
2019-11-27,14,Gas,0.9985817369504486,858
2019-11-27,14,Wind,0.0014182630495514958,0
2019-11-27,15,Gas,0.9994529991844436,870
2019-11-27,15,Wind,0.0005470008155562471,0
2019-11-27,16,Gas,0.9444444444444444,889
2019-11-27,16,Pumped Storage,0.05555555555555556,0
2019-11-27,17,Gas,0.6111111111111112,855
2019-11-27,17,Pumped Storage,0.3888888888888889,0
2019-11-27,18,Gas,0.4999999999999999,841
2019-11-27,18,Pumped Storage,0.5,0
2019-11-27,19,Gas,1.0,867
2019-11-27,20,Gas,0.9999999999999999,877
2019-11-27,21,Gas,1.0,885
2019-11-27,22,Gas,0.9583333333333333,850
2019-11-27,22,Other,0.04166666666666667,3602
2019-11-27,23,Gas,0.9992705397161326,890
2019-11-27,23,Wind,0.0007294602838675364,0
2019-11-28,0,Gas,0.9993677640571039,964
2019-11-28,0,Wind,0.0006322359428961029,0
2019-11-28,1,Gas,0.9980237048739902,831
2019-11-28,1,Wind,0.0019762951260099376,0
2019-11-28,2,Gas,0.6652122984360136,849
2019-11-28,2,Pumped Storage Demand,0.3326061492180068,0
2019-11-28,2,Wind,0.0021815523459795642,0
2019-11-28,3,Gas,0.9980308006527019,841
2019-11-28,3,Wind,0.001969199347298096,0
2019-11-28,4,Gas,0.9984705696444627,856
2019-11-28,4,Hydro,0.0005098101185124724,0
2019-11-28,4,Wind,0.0010196202370249448,0
2019-11-28,5,Gas,0.748888148735567,846
2019-11-28,5,Hydro,0.000741234176288686,0
2019-11-28,5,Pumped Storage Demand,0.24962938291185566,0
2019-11-28,5,Wind,0.000741234176288686,0
2019-11-28,6,Gas,0.24962572348233464,810
2019-11-28,6,Hydro,0.0004990353568872337,0
2019-11-28,6,Pumped Storage Demand,0.7488771704470037,0
2019-11-28,6,Wind,0.0009980707137744675,0
2019-11-28,7,Gas,0.4160676123873832,842
2019-11-28,7,Hydro,0.0005990542792834275,0
2019-11-28,7,Other,0.08321352247747664,2044
2019-11-28,7,Pumped Storage Demand,0.4992811348648598,0
2019-11-28,7,Wind,0.0008386759909967985,0
2019-11-28,8,Gas,0.8737835098003252,950
2019-11-28,8,Pumped Storage,0.12482621568576074,0
2019-11-28,8,Wind,0.0013902745139138736,0
2019-11-28,9,Gas,0.6935585980063741,1099
2019-11-28,9,Pumped Storage,0.3051657831228046,0
2019-11-28,9,Wind,0.0012756188708214452,0
2019-11-28,10,Gas,0.3051905920937355,864
2019-11-28,10,Pumped Storage,0.693614982031217,0
2019-11-28,10,Wind,0.0011944258750476156,0
2019-11-28,11,Gas,0.4161549438380284,874
2019-11-28,11,Pumped Storage,0.5826169213732397,0
2019-11-28,11,Wind,0.0012281347887318844,0
2019-11-28,12,Gas,0.7005289208744506,880
2019-11-28,12,Pumped Storage,0.29824498611486505,0
2019-11-28,12,Wind,0.0012260930106844025,0
2019-11-28,13,Gas,0.9987268668914893,932
2019-11-28,13,Wind,0.0012731331085106524,0
2019-11-28,14,Gas,0.9987182458434092,851
2019-11-28,14,Wind,0.0012817541565908893,0
2019-11-28,15,Gas,0.9986668512601522,850
2019-11-28,15,Wind,0.0013331487398477164,0
2019-11-28,16,Gas,0.9154434688991218,908
2019-11-28,16,Wind,0.08455653110087823,0
2019-11-28,17,Gas,0.9149098563995708,874
2019-11-28,17,Wind,0.0850901436004291,0
2019-11-28,18,Gas,0.7484979664915059,975
2019-11-28,18,Wind,0.2515020335084941,0
2019-11-28,19,Gas,0.9980728773839663,907
2019-11-28,19,Wind,0.0019271226160337512,0
2019-11-28,20,Gas,0.8317842147329199,921
2019-11-28,20,Other,0.16635684294658395,2044
2019-11-28,20,Wind,0.0018589423204961482,0
2019-11-28,21,Gas,0.831772871607788,953
2019-11-28,21,Other,0.16635457432155762,2044
2019-11-28,21,Wind,0.0018725540706544155,0
2019-11-28,22,Gas,0.9565987837579094,915
2019-11-28,22,Other,0.04159125146773519,2044
2019-11-28,22,Wind,0.0018099647743553802,0
2019-11-28,23,Gas,0.7486595145495969,1008
2019-11-28,23,Pumped Storage Demand,0.24955317151653228,0
2019-11-28,23,Wind,0.0017873139338709103,0
2019-11-29,0,Gas,0.9149251153578537,805
2019-11-29,0,Pumped Storage Demand,0.08317501048707762,0
2019-11-29,0,Wind,0.0018998741550685912,0
2019-11-29,1,Gas,0.5823018824294084,822
2019-11-29,1,Pumped Storage Demand,0.41592991602100604,0
2019-11-29,1,Wind,0.001768201549585421,0
2019-11-29,2,Gas,0.4158238192535343,805
2019-11-29,2,Pumped Storage Demand,0.5821533469549479,0
2019-11-29,2,Wind,0.0020228337915177363,0
2019-11-29,3,Gas,0.08316505363457248,805
2019-11-29,3,Pumped Storage Demand,0.9148155899802973,0
2019-11-29,3,Wind,0.002019356385130215,0
2019-11-29,4,Pumped Storage Demand,0.9980311499091928,0
2019-11-29,4,Wind,0.001968850090807131,0
2019-11-29,5,Gas,0.33266772550898255,890
2019-11-29,5,Pumped Storage Demand,0.665335451017965,0
2019-11-29,5,Wind,0.001996823473052584,0
2019-11-29,6,Gas,0.8317493202741926,867
2019-11-29,6,Pumped Storage,0.1663498640548385,0
2019-11-29,6,Wind,0.001900815670968918,0
2019-11-29,7,Gas,0.457515194051242,834
2019-11-29,7,Pumped Storage,0.5406997747878315,0
2019-11-29,7,Wind,0.0017850311609265573,0
2019-11-29,8,Gas,0.5406459374265995,1013
2019-11-29,8,Other,0.16635259613126135,4116
2019-11-29,8,Pumped Storage,0.2911170432297074,0
2019-11-29,8,Wind,0.0018844232124317045,0
2019-11-29,9,Gas,0.9148830448596148,877
2019-11-29,9,Other,0.08317118589632862,4116
2019-11-29,9,Wind,0.0019457692440565716,0
2019-11-29,10,Gas,0.887155757367122,882
2019-11-29,10,Hydro,0.11089446967089026,0
2019-11-29,10,Wind,0.001949772961987531,0
2019-11-29,11,Gas,0.9980634013089178,875
2019-11-29,11,Wind,0.001936598691082111,0
2019-11-29,12,Gas,0.9980587365615625,839
2019-11-29,12,Wind,0.0019412634384376787,0
2019-11-29,13,Gas,0.9980393570179167,835
2019-11-29,13,Wind,0.001960642982083121,0
2019-11-29,14,Gas,0.9981470180772357,966
2019-11-29,14,Wind,0.0018529819227641412,0
2019-11-29,15,Gas,0.7902406764976342,956
2019-11-29,15,Pumped Storage,0.2079580727625353,0
2019-11-29,15,Wind,0.001801250739830573,0
2019-11-29,16,Gas,0.8940879276056323,1003
2019-11-29,16,Pumped Storage,0.10396371251228283,0
2019-11-29,16,Wind,0.0019483598820847256,0
2019-11-29,17,Gas,0.6238062291109714,884
2019-11-29,17,Pumped Storage,0.374283737466583,0
2019-11-29,17,Wind,0.0019100334224456564,0
2019-11-29,18,Gas,0.2911276505857589,843
2019-11-29,18,Pumped Storage,0.7070242942797003,0
2019-11-29,18,Wind,0.001848055134540747,0
2019-11-29,19,Gas,0.9981224526119783,963
2019-11-29,19,Wind,0.001877547388021952,0
2019-11-29,20,Gas,0.9980815642002454,917
2019-11-29,20,Wind,0.0019184357997544899,0
2019-11-29,21,Gas,0.9425718776990234,908
2019-11-29,21,Other,0.05544540457053078,4116
2019-11-29,21,Wind,0.001982717730445864,0
2019-11-29,22,Gas,0.9979416176421083,862
2019-11-29,22,Wind,0.002058382357891662,0
2019-11-29,23,Gas,0.9980629554412905,815
2019-11-29,23,Wind,0.001937044558709453,0
2019-11-30,0,Gas,0.6652517410688268,1206
2019-11-30,0,Pumped Storage Demand,0.33262587053441334,0
2019-11-30,0,Wind,0.0021223883967601284,0
2019-11-30,1,Gas,0.9146285812908095,933
2019-11-30,1,Pumped Storage Demand,0.08314805284461906,0
2019-11-30,1,Wind,0.002223365864571414,0
2019-11-30,2,Gas,0.9978429780562763,881
2019-11-30,2,Wind,0.0021570219437238008,0
2019-11-30,3,Gas,0.9981017024396276,810
2019-11-30,3,Wind,0.0018982975603724635,0
2019-11-30,4,Gas,0.9981150802717023,1011
2019-11-30,4,Hydro,0.0001570766440248083,0
2019-11-30,4,Wind,0.0017278430842728914,0
2019-11-30,5,Gas,0.33275128087000183,865
2019-11-30,5,Hydro,0.001746157389994948,0
2019-11-30,5,Pumped Storage Demand,0.6655025617400034,0
2019-11-30,6,Gas,0.9994385258235592,868
2019-11-30,6,Hydro,0.0005614741764410757,0
2019-11-30,7,Gas,1.0,870
2019-11-30,8,Gas,0.9998673616615422,839
2019-11-30,8,Hydro,0.00013263833845772528,0
2019-11-30,9,Gas,0.9991365117646873,805
2019-11-30,9,Hydro,0.0008634882353127642,0
2019-11-30,10,Gas,0.9982841367381924,805
2019-11-30,10,Hydro,0.001715863261807664,0
2019-11-30,11,Gas,0.9989352530304795,850
2019-11-30,11,Hydro,0.0010647469695205388,0
2019-11-30,12,Gas,0.9984405428229274,813
2019-11-30,12,Wind,0.001559457177072628,0
2019-11-30,13,Gas,0.9981025483299073,813
2019-11-30,13,Wind,0.001897451670092699,0
2019-11-30,14,Gas,0.9981472829703462,859
2019-11-30,14,Wind,0.0018527170296538586,0
2019-11-30,15,Gas,0.9150264434357859,885
2019-11-30,15,Hydro,0.083184222130526,0
2019-11-30,15,Wind,0.0017893344336881115,0
2019-11-30,16,Gas,0.8734595496844195,936
2019-11-30,16,Hydro,0.08318662377946855,0
2019-11-30,16,Pumped Storage,0.04159331188973427,0
2019-11-30,16,Wind,0.0017605146463775397,0
2019-11-30,17,Gas,0.12478961615877616,860
2019-11-30,17,Pumped Storage,0.8735273131114334,0
2019-11-30,17,Wind,0.0016830707297904336,0
2019-11-30,18,Gas,0.4990961934951348,1071
2019-11-30,18,Pumped Storage,0.4990961934951347,0
2019-11-30,18,Wind,0.0018076130097305987,0
2019-11-30,19,Pumped Storage,0.9998534926324861,0
2019-11-30,19,Wind,0.00014650736751383,0
2019-11-30,20,Gas,0.7833333333333333,856
2019-11-30,20,Pumped Storage,0.21666666666666665,0
2019-11-30,21,Gas,0.8583333333333334,854
2019-11-30,21,Pumped Storage,0.1416666666666667,0
2019-11-30,22,Gas,1.0,960
2019-11-30,23,Gas,0.3333333333333333,867
2019-11-30,23,Pumped Storage Demand,0.6666666666666666,0
2019-12-01,0,Gas,0.8333333333333335,931
2019-12-01,0,Pumped Storage Demand,0.1666666666666667,0
2019-12-01,1,Gas,0.6666666666666666,916
2019-12-01,1,Pumped Storage Demand,0.3333333333333333,0
2019-12-01,2,Gas,0.9999999999999999,873
2019-12-01,3,Gas,1.0,838
2019-12-01,4,Gas,0.9999999999999999,840
2019-12-01,5,Gas,0.7500000000000001,845
2019-12-01,5,Pumped Storage Demand,0.25,0
2019-12-01,6,Gas,0.16666666666666666,1087
2019-12-01,6,Pumped Storage Demand,0.8333333333333334,0
2019-12-01,7,Gas,0.9166666666666665,809
2019-12-01,7,Pumped Storage Demand,0.08333333333333333,0
2019-12-01,8,Gas,1.0,805
2019-12-01,9,Gas,1.0,815
2019-12-01,10,Gas,1.0,965
2019-12-01,11,Gas,0.7916666666666667,888
2019-12-01,11,Pumped Storage,0.20833333333333334,0
2019-12-01,12,Gas,0.7583333333333331,851
2019-12-01,12,Hydro,0.033333333333333326,0
2019-12-01,12,Pumped Storage,0.2083333333333333,0
2019-12-01,13,Gas,0.29166666666666663,847
2019-12-01,13,Pumped Storage,0.7083333333333333,0
2019-12-01,14,Gas,0.8083333333333332,866
2019-12-01,14,Pumped Storage,0.19166666666666668,0
2019-12-01,15,Gas,0.7472222222222222,875
2019-12-01,15,Hydro,0.05555555555555555,0
2019-12-01,15,Pumped Storage,0.19722222222222222,0
2019-12-01,16,Gas,0.9027777777777778,1067
2019-12-01,16,Pumped Storage,0.09722222222222222,0
2019-12-01,17,Gas,0.75,1076
2019-12-01,17,Pumped Storage,0.25,0
2019-12-01,18,Gas,0.75,904
2019-12-01,18,Pumped Storage,0.25,0
2019-12-01,19,Gas,0.5,879
2019-12-01,19,Pumped Storage,0.5,0
2019-12-01,20,Demand Response,0.125,0
2019-12-01,20,Gas,0.7083333333333333,865
2019-12-01,20,Pumped Storage,0.16666666666666666,0
2019-12-01,21,Gas,0.9166666666666666,859
2019-12-01,21,Pumped Storage,0.08333333333333333,0
2019-12-01,22,Gas,1.0,814
2019-12-01,23,Gas,1.0,837
2019-12-02,0,Gas,1.0,805
2019-12-02,1,Gas,1.0,820
2019-12-02,2,Gas,0.8333333333333333,835
2019-12-02,2,Hydro,0.16666666666666666,0
2019-12-02,3,Hydro,0.7857142857142857,0
2019-12-02,3,Wind,0.21428571428571427,0
2019-12-02,4,Gas,0.9166666666666665,816
2019-12-02,4,Hydro,0.08333333333333334,0
2019-12-02,5,Gas,0.5,816
2019-12-02,5,Pumped Storage Demand,0.5,0
2019-12-02,6,Gas,0.4159304149511696,1263
2019-12-02,6,Hydro,0.0007362517154970577,0
2019-12-02,6,Pumped Storage Demand,0.5827443319609357,0
2019-12-02,6,Wind,0.0005890013723976462,0
2019-12-02,7,Gas,0.9984308757340171,954
2019-12-02,7,Hydro,0.0007845621329914357,0
2019-12-02,7,Wind,0.0007845621329914357,0
2019-12-02,8,Gas,0.25,879
2019-12-02,8,Hydro,0.0006102895801121128,0
2019-12-02,8,Pumped Storage,0.7490845656298317,0
2019-12-02,8,Wind,0.00030514479005605647,0
2019-12-02,9,Gas,1.0,852
2019-12-02,10,Gas,1.0,877
2019-12-02,11,Gas,0.9999999999999999,871
2019-12-02,12,Demand Response,0.08333333333333334,0
2019-12-02,12,Gas,0.9166666666666667,890
2019-12-02,13,Demand Response,0.08333333333333331,0
2019-12-02,13,Gas,0.9166666666666665,887
2019-12-02,14,Gas,1.0,878
2019-12-02,15,Gas,1.0,867
2019-12-02,16,Gas,0.9997562704187684,876
2019-12-02,16,Wind,0.00024372958123156528,0
2019-12-02,17,Gas,0.9707023319195067,866
2019-12-02,17,Other,0.027734352340557336,3600
2019-12-02,17,Wind,0.0015633157399357405,0
2019-12-02,18,Gas,0.9983926415395248,899
2019-12-02,18,Wind,0.0016073584604752295,0
2019-12-02,19,Gas,0.9984175779273052,854
2019-12-02,19,Wind,0.0015824220726947545,0
2019-12-02,20,Gas,0.9984281007170313,930
2019-12-02,20,Wind,0.0015718992829687176,0
2019-12-02,21,Gas,0.998470742396189,861
2019-12-02,21,Wind,0.0015292576038109524,0
2019-12-02,22,Gas,0.9984012292830635,829
2019-12-02,22,Wind,0.00159877071693661,0
2019-12-02,23,Gas,0.9984332942749596,814
2019-12-02,23,Wind,0.0015667057250404002,0
2019-12-03,0,Gas,0.9151984541061957,809
2019-12-03,0,Pumped Storage Demand,0.08319985946419961,0
2019-12-03,0,Wind,0.0016016864296046105,0
2019-12-03,1,Gas,0.49921060943510825,805
2019-12-03,1,Pumped Storage Demand,0.49921060943510825,0
2019-12-03,1,Wind,0.0015787811297833575,0
2019-12-03,2,Pumped Storage Demand,0.9982993398951905,0
2019-12-03,2,Wind,0.001700660104809483,0
2019-12-03,3,Gas,0.998381334887491,830
2019-12-03,3,Wind,0.0016186651125091919,0
2019-12-03,4,Gas,0.9982985580067172,805
2019-12-03,4,Wind,0.00170144199328271,0
2019-12-03,5,Gas,0.9982927036649505,805
2019-12-03,5,Wind,0.0017072963350494724,0
2019-12-03,6,Gas,0.9985676744973473,900
2019-12-03,6,Wind,0.0014323255026525864,0
2019-12-03,7,Gas,0.9994731352351046,842
2019-12-03,7,Wind,0.0005268647648954705,0
2019-12-03,8,Gas,0.33278870691702733,878
2019-12-03,8,Pumped Storage,0.666258196854437,0
2019-12-03,8,Wind,0.000953096228535559,0
2019-12-03,9,Gas,0.8333333333333335,872
2019-12-03,9,Pumped Storage,0.16666666666666669,0
2019-12-03,10,Gas,0.33333333333333337,896
2019-12-03,10,Hydro,0.00040642631301143436,0
2019-12-03,10,Pumped Storage,0.6662602403536553,0
2019-12-03,11,Gas,0.7481903488988186,1045
2019-12-03,11,Hydro,0.0005606542923262999,0
2019-12-03,11,Wind,0.25124899680885504,0
2019-12-03,12,Demand Response,0.20777832333728632,0
2019-12-03,12,Gas,0.3047415408946866,870
2019-12-03,12,Other,0.055407552889943014,3600
2019-12-03,12,Wind,0.43207258287808414,0
2019-12-03,13,Gas,0.6371319763368908,868
2019-12-03,13,Pumped Storage,0.1800590367908604,0
2019-12-03,13,Wind,0.18280898687224884,0
2019-12-03,14,Gas,0.997130303667457,1084
2019-12-03,14,Wind,0.002869696332542828,0
2019-12-03,15,Gas,0.9969433506929333,1040
2019-12-03,15,Wind,0.003056649307066691,0
2019-12-03,16,Gas,0.7476368575290573,1064
2019-12-03,16,Pumped Storage,0.24921228584301908,0
2019-12-03,16,Wind,0.003150856627923479,0
2019-12-03,17,Gas,0.9970519204420399,851
2019-12-03,17,Wind,0.0029480795579599197,0
2019-12-03,18,Gas,0.4158344948951198,866
2019-12-03,18,Pumped Storage,0.5825011615617864,0
2019-12-03,18,Wind,0.0016643435430936785,0
2019-12-03,19,Gas,0.75,1056
2019-12-03,19,Pumped Storage,0.25,0
2019-12-03,20,Gas,0.3333333333333333,851
2019-12-03,20,Pumped Storage,0.6666666666666666,0
2019-12-03,21,Gas,0.8333333333333333,890
2019-12-03,21,Pumped Storage,0.16666666666666666,0
2019-12-03,22,Gas,1.0000000000000002,892
2019-12-03,23,Gas,1.0,840
2019-12-04,0,Gas,0.8333333333333333,829
2019-12-04,0,Pumped Storage Demand,0.16666666666666666,0
2019-12-04,1,Gas,0.5833333333333334,846
2019-12-04,1,Pumped Storage Demand,0.41666666666666663,0
2019-12-04,2,Gas,0.75,827
2019-12-04,2,Other,0.25,3962
2019-12-04,3,Gas,1.0,840
2019-12-04,4,Gas,1.0,1007
2019-12-04,5,Gas,1.0,967
2019-12-04,6,Gas,0.5,1195
2019-12-04,6,Hydro,0.25,0
2019-12-04,6,Pumped Storage,0.25,0
2019-12-04,7,Gas,0.33333333333333337,848
2019-12-04,7,Pumped Storage,0.6666666666666666,0
2019-12-04,8,Pumped Storage,1.0,0
2019-12-04,9,Gas,0.8263888888888888,866
2019-12-04,9,Pumped Storage,0.17361111111111113,0
2019-12-04,10,Gas,0.7361111111111112,852
2019-12-04,10,Pumped Storage,0.2638888888888889,0
2019-12-04,11,Gas,0.765277777777778,857
2019-12-04,11,Hydro,0.05555555555555556,0
2019-12-04,11,Pumped Storage,0.1791666666666667,0
2019-12-04,12,Gas,0.7055555555555555,869
2019-12-04,12,Hydro,0.1111111111111111,0
2019-12-04,12,Pumped Storage,0.18333333333333335,0
2019-12-04,13,Gas,1.0,888
2019-12-04,14,Gas,0.9722222222222223,881
2019-12-04,14,Import,0.02777777777777778,0
2019-12-04,15,Gas,1.0,890
2019-12-04,16,Gas,0.6666666666666667,885
2019-12-04,16,Other,0.08333333333333334,3600
2019-12-04,16,Pumped Storage,0.25000000000000006,0
2019-12-04,17,Gas,1.0000000000000002,930
2019-12-04,18,Gas,0.7986111111111112,895
2019-12-04,18,Pumped Storage,0.20138888888888887,0
2019-12-04,19,Gas,0.8263888888888886,896
2019-12-04,19,Other,0.0625,3600
2019-12-04,19,Pumped Storage,0.11111111111111109,0
2019-12-04,20,Gas,0.6527777777777778,973
2019-12-04,20,Hydro,0.08333333333333333,0
2019-12-04,20,Other,0.041666666666666664,3600
2019-12-04,20,Pumped Storage,0.22222222222222218,0
2019-12-04,21,Gas,0.3194444444444445,877
2019-12-04,21,Hydro,0.4166666666666667,0
2019-12-04,21,Pumped Storage,0.2638888888888889,0
2019-12-04,22,Gas,0.7638888888888888,928
2019-12-04,22,Pumped Storage,0.23611111111111113,0
2019-12-04,23,Gas,0.9999999999999998,908
2019-12-05,0,Gas,0.3333333333333333,861
2019-12-05,0,Pumped Storage Demand,0.6666666666666666,0
2019-12-05,1,Gas,0.9166666666666666,932
2019-12-05,1,Pumped Storage Demand,0.08333333333333334,0
2019-12-05,2,Gas,0.41666666666666663,958
2019-12-05,2,Pumped Storage Demand,0.5833333333333334,0
2019-12-05,3,Gas,1.0,1133
2019-12-05,4,Gas,0.49999999999999994,971
2019-12-05,4,Pumped Storage Demand,0.5,0
2019-12-05,5,Gas,0.6111111111111112,879
2019-12-05,5,Hydro,0.05555555555555555,0
2019-12-05,5,Pumped Storage Demand,0.3333333333333333,0
2019-12-05,6,Gas,0.38888888888888884,942
2019-12-05,6,Hydro,0.02777777777777778,0
2019-12-05,6,Pumped Storage,0.5833333333333334,0
2019-12-05,7,Gas,0.7500000000000001,817
2019-12-05,7,Pumped Storage,0.25,0
2019-12-05,8,Gas,0.6458333333333335,865
2019-12-05,8,Hydro,0.02777777777777778,0
2019-12-05,8,Pumped Storage,0.32638888888888884,0
2019-12-05,9,Gas,0.20833333333333334,842
2019-12-05,9,Pumped Storage,0.7916666666666667,0
2019-12-05,10,Gas,0.5555555555555554,898
2019-12-05,10,Hydro,0.361111111111111,0
2019-12-05,10,Pumped Storage,0.08333333333333331,0
2019-12-05,11,Gas,1.0,886
2019-12-05,12,Gas,1.0,895
2019-12-05,13,Gas,1.0,859
2019-12-05,14,Gas,0.9999999999999999,868
2019-12-05,15,Gas,0.9999999999999999,937
2019-12-05,16,Demand Response,0.016666666666666666,0
2019-12-05,16,Gas,0.5875000000000001,874
2019-12-05,16,Other,0.020833333333333336,3600
2019-12-05,16,Pumped Storage,0.37500000000000006,0
2019-12-05,17,Demand Response,0.016666666666666663,0
2019-12-05,17,Gas,0.9833333333333332,932
2019-12-05,18,Gas,0.7500000000000002,911
2019-12-05,18,Pumped Storage,0.25,0
2019-12-05,19,Gas,0.2916666666666667,904
2019-12-05,19,Pumped Storage,0.7083333333333335,0
2019-12-05,20,Gas,0.9444444444444444,884
2019-12-05,20,Pumped Storage,0.05555555555555554,0
2019-12-05,21,Gas,0.8333333333333333,1088
2019-12-05,21,Pumped Storage,0.16666666666666666,0
2019-12-05,22,Gas,1.0,842
2019-12-05,23,Gas,0.8333333333333334,937
2019-12-05,23,Pumped Storage Demand,0.16666666666666666,0
2019-12-06,0,Gas,1.0,871
2019-12-06,1,Gas,1.0,897
2019-12-06,2,Gas,0.9999999999999998,863
2019-12-06,3,Gas,0.9997122880507201,873
2019-12-06,3,Wind,0.00028771194927993554,0
2019-12-06,4,Gas,1.0,895
2019-12-06,5,Gas,0.41666666666666663,934
2019-12-06,5,Pumped Storage Demand,0.5833333333333334,0
2019-12-06,6,Gas,0.6666666666666667,1007
2019-12-06,6,Pumped Storage,0.16666666666666669,0
2019-12-06,6,Pumped Storage Demand,0.16666666666666669,0
2019-12-06,7,Gas,0.4166666666666667,1171
2019-12-06,7,Pumped Storage,0.5833333333333334,0
2019-12-06,8,Gas,1.0,1201
2019-12-06,9,Gas,0.25,1127
2019-12-06,9,Pumped Storage,0.75,0
2019-12-06,10,Gas,0.6944444444444445,949
2019-12-06,10,Pumped Storage,0.3055555555555555,0
2019-12-06,11,Gas,0.875,1083
2019-12-06,11,Pumped Storage,0.125,0
2019-12-06,12,Gas,0.6111111111111112,939
2019-12-06,12,Pumped Storage,0.3888888888888889,0
2019-12-06,13,Gas,0.8333333333333333,869
2019-12-06,13,Hydro,0.08333333333333333,0
2019-12-06,13,Pumped Storage,0.08333333333333334,0
2019-12-06,14,Gas,0.9999999999999999,914
2019-12-06,15,Gas,0.8750000000000001,879
2019-12-06,15,Hydro,0.125,0
2019-12-06,16,Gas,0.9166666666666667,961
2019-12-06,16,Pumped Storage,0.08333333333333334,0
2019-12-06,17,Gas,0.7500000000000002,977
2019-12-06,17,Pumped Storage,0.25000000000000006,0
2019-12-06,18,Gas,0.9583333333333333,895
2019-12-06,18,Pumped Storage,0.04166666666666666,0
2019-12-06,19,Gas,0.9999999999999999,889
2019-12-06,20,Gas,1.0,866
2019-12-06,21,Gas,0.9999999999999998,880
2019-12-06,22,Gas,1.0,849
2019-12-06,23,Gas,1.0,891
2019-12-07,0,Gas,1.0,910
2019-12-07,1,Gas,0.8333333333333331,838
2019-12-07,1,Pumped Storage Demand,0.16666666666666666,0
2019-12-07,2,Gas,0.24999999999999994,818
2019-12-07,2,Pumped Storage Demand,0.75,0
2019-12-07,3,Gas,0.9166666666666667,856
2019-12-07,3,Other,0.08333333333333334,3962
2019-12-07,4,Gas,0.08333333333333333,866
2019-12-07,4,Pumped Storage Demand,0.9166666666666667,0
2019-12-07,5,Gas,0.5,854
2019-12-07,5,Pumped Storage Demand,0.5,0
2019-12-07,6,Gas,0.33333333333333337,838
2019-12-07,6,Pumped Storage Demand,0.6666666666666667,0
2019-12-07,7,Gas,0.4166666666666666,860
2019-12-07,7,Pumped Storage Demand,0.5833333333333333,0
2019-12-07,8,Gas,0.9999999999999999,888
2019-12-07,9,Gas,1.0,913
2019-12-07,10,Gas,1.0,880
2019-12-07,11,Gas,1.0,860
2019-12-07,12,Gas,0.9999999999999999,806
2019-12-07,13,Gas,1.0,812
2019-12-07,14,Gas,1.0,855
2019-12-07,15,Gas,1.0,852
2019-12-07,16,Gas,0.9791666666666669,853
2019-12-07,16,Hydro,0.020833333333333332,0
2019-12-07,17,Gas,0.4375,834
2019-12-07,17,Hydro,0.020833333333333332,0
2019-12-07,17,Other,0.125,3602
2019-12-07,17,Pumped Storage,0.41666666666666663,0
2019-12-07,18,Gas,0.5,903
2019-12-07,18,Pumped Storage,0.5,0
2019-12-07,19,Gas,1.0,877
2019-12-07,20,Gas,1.0,863
2019-12-07,21,Gas,0.9999999999999999,1066
2019-12-07,22,Gas,1.0000000000000002,826
2019-12-07,23,Gas,1.0,864
2019-12-08,0,Gas,1.0,993
2019-12-08,1,Gas,1.0000000000000002,895
2019-12-08,2,Gas,0.9166666666666666,900
2019-12-08,2,Other,0.08333333333333333,3962
2019-12-08,3,Gas,1.0,807
2019-12-08,4,Gas,1.0,919
2019-12-08,5,Gas,1.0,928
2019-12-08,6,Gas,1.0,841
2019-12-08,7,Gas,1.0,847
2019-12-08,8,Gas,1.0,911
2019-12-08,9,Gas,1.0,885
2019-12-08,10,Gas,1.0000000000000002,864
2019-12-08,11,Gas,1.0,845
2019-12-08,12,Gas,0.9986342477837389,855
2019-12-08,12,Wind,0.0013657522162612086,0
2019-12-08,13,Gas,0.9997289292142233,856
2019-12-08,13,Wind,0.00027107078577665326,0
2019-12-08,14,Gas,1.0,859
2019-12-08,15,Gas,0.9992446908414969,878
2019-12-08,15,Wind,0.0007553091585033804,0
2019-12-08,16,Gas,0.9969476659548742,1004
2019-12-08,16,Wind,0.003052334045125953,0
2019-12-08,17,Gas,0.581478030898458,857
2019-12-08,17,Pumped Storage,0.4153414506417557,0
2019-12-08,17,Wind,0.003180518459786169,0
2019-12-08,18,Gas,0.9968613634349502,840
2019-12-08,18,Wind,0.003138636565049734,0
2019-12-08,19,Gas,0.9138336316453226,876
2019-12-08,19,Pumped Storage,0.08307578469502933,0
2019-12-08,19,Wind,0.0030905836596478503,0
2019-12-08,20,Gas,0.6646300446790154,883
2019-12-08,20,Pumped Storage,0.33231502233950766,0
2019-12-08,20,Wind,0.003054932981477075,0
2019-12-08,21,Gas,0.9964715933413212,882
2019-12-08,21,Wind,0.0035284066586789846,0
2019-12-08,22,Gas,0.9968494580505751,814
2019-12-08,22,Wind,0.0031505419494249776,0
2019-12-08,23,Gas,0.9962410572383538,819
2019-12-08,23,Wind,0.003758942761646215,0
2019-12-09,0,Gas,0.9979713918348259,845
2019-12-09,0,Wind,0.002028608165173954,0
2019-12-09,1,Gas,0.9990753793478369,820
2019-12-09,1,Hydro,0.0009246206521632984,0
2019-12-09,2,Gas,1.0,805
2019-12-09,3,Gas,1.0,835
2019-12-09,4,Gas,0.5,805
2019-12-09,4,Pumped Storage Demand,0.5,0
2019-12-09,5,Gas,0.7499999999999999,805
2019-12-09,5,Pumped Storage Demand,0.25,0
2019-12-09,6,Gas,0.9166666666666667,851
2019-12-09,6,Pumped Storage,0.08333333333333333,0
2019-12-09,7,Gas,0.41666666666666663,940
2019-12-09,7,Pumped Storage,0.5833333333333334,0
2019-12-09,8,Gas,0.666413882765185,868
2019-12-09,8,Other,0.25,4116
2019-12-09,8,Pumped Storage,0.08333333333333334,0
2019-12-09,8,Wind,0.0002527839014817202,0
2019-12-09,9,Gas,0.9139065863680426,870
2019-12-09,9,Other,0.08333333333333333,4116
2019-12-09,9,Wind,0.0027600802986241318,0
2019-12-09,10,Gas,0.9968849777456621,1166
2019-12-09,10,Wind,0.003115022254337859,0
2019-12-09,11,Gas,0.9970977617709853,917
2019-12-09,11,Wind,0.0029022382290146303,0
2019-12-09,12,Gas,0.9971758319245458,981
2019-12-09,12,Wind,0.0028241680754541596,0
2019-12-09,13,Gas,0.41543250232524853,863
2019-12-09,13,Pumped Storage,0.581605503255348,0
2019-12-09,13,Wind,0.0029619944194034056,0
2019-12-09,14,Gas,0.16618233796129672,1081
2019-12-09,14,Pumped Storage,0.8309116898064834,0
2019-12-09,14,Wind,0.0029059722322198533,0
2019-12-09,15,Gas,0.8309027743368553,957
2019-12-09,15,Pumped Storage,0.16618055486737107,0
2019-12-09,15,Wind,0.0029166707957737725,0
2019-12-09,16,Gas,0.9139904631604159,903
2019-12-09,16,Pumped Storage,0.08309004210549237,0
2019-12-09,16,Wind,0.0029194947340917886,0
2019-12-09,17,Gas,0.9969639140582504,936
2019-12-09,17,Wind,0.0030360859417496266,0
2019-12-09,18,Gas,0.7476657211942196,893
2019-12-09,18,Pumped Storage,0.24922190706473987,0
2019-12-09,18,Wind,0.003112371741040544,0
2019-12-09,19,Gas,0.9138354284150478,868
2019-12-09,19,Other,0.08307594803773163,4116
2019-12-09,19,Wind,0.003088623547220303,0
2019-12-09,20,Gas,0.9970700018287604,904
2019-12-09,20,Wind,0.0029299981712395495,0
2019-12-09,21,Gas,0.9970338351771899,826
2019-12-09,21,Wind,0.0029661648228101424,0
2019-12-09,22,Gas,0.9987368933668501,852
2019-12-09,22,Wind,0.0012631066331498413,0
2019-12-09,23,Hydro,0.33274173709674243,0
2019-12-09,23,Pumped Storage Demand,0.16637086854837121,0
2019-12-09,23,Wind,0.5008873943548864,0
2019-12-10,0,Gas,0.33272606475432887,825
2019-12-10,0,Hydro,0.08318151618858222,0
2019-12-10,0,Pumped Storage Demand,0.5822706133200755,0
2019-12-10,0,Wind,0.0018218057370133513,0
2019-12-10,1,Gas,0.415888155926892,813
2019-12-10,1,Pumped Storage Demand,0.5823991204456037,0
2019-12-10,1,Wind,0.0017127236275042243,0
2019-12-10,2,Gas,0.41595568760693635,813
2019-12-10,2,Other,0.4159556876069363,3344
2019-12-10,2,Pumped Storage Demand,0.16638227504277453,0
2019-12-10,2,Wind,0.001706349743352808,0
2019-12-10,3,Gas,0.24956557983406602,1353
2019-12-10,3,Pumped Storage Demand,0.4159426330567767,0
2019-12-10,3,Wind,0.3344917871091573,0
2019-12-10,4,Gas,0.16638161759737538,805
2019-12-10,4,Hydro,0.49914485279212617,0
2019-12-10,4,Wind,0.3344735296104985,0
2019-12-10,5,Gas,0.7486424199362994,846
2019-12-10,5,Hydro,0.16636498220806653,0
2019-12-10,5,Wind,0.08499259785563394,0
2019-12-10,6,Gas,0.8323438078886535,832
2019-12-10,6,Wind,0.1676561921113467,0
2019-12-10,7,Gas,1.0,867
2019-12-10,8,Gas,0.9986178890725963,855
2019-12-10,8,Wind,0.0013821109274037963,0
2019-12-10,9,Gas,0.8249763331294103,889
2019-12-10,9,Pumped Storage,0.1663829603866811,0
2019-12-10,9,Wind,0.008640706483908602,0
2019-12-10,10,Gas,0.9861016850147302,875
2019-12-10,10,Wind,0.013898314985269753,0
2019-12-10,11,Gas,0.9988331850107428,884
2019-12-10,11,Wind,0.001166814989257218,0
2019-12-10,12,Gas,1.0,885
2019-12-10,13,Gas,1.0000000000000002,866
2019-12-10,14,Gas,1.0,872
2019-12-10,15,Gas,1.0000000000000002,858
2019-12-10,16,Gas,0.6666666666666664,878
2019-12-10,16,Pumped Storage,0.3333333333333332,0
2019-12-10,17,Gas,0.9973471006326662,828
2019-12-10,17,Hydro,0.0009646906790304819,0
2019-12-10,17,Other,0.0016882086883033432,3398
2019-12-10,18,Gas,0.9972094513129508,888
2019-12-10,18,Hydro,0.0016278200674454278,0
2019-12-10,18,Other,0.001162728619603877,3398
2019-12-10,19,Gas,0.9983917680251703,865
2019-12-10,19,Other,0.0009064063409356147,3398
2019-12-10,19,Wind,0.00070182563389394,0
2019-12-10,20,Gas,0.9991183325431842,860
2019-12-10,20,Wind,0.0008816674568159527,0
2019-12-10,21,Gas,0.8307862335560254,947
2019-12-10,21,Hydro,0.0006807464819268559,0
2019-12-10,21,Other,0.0009076619759024745,3398
2019-12-10,21,Pumped Storage Demand,0.16593033121722947,0
2019-12-10,21,Wind,0.0016950267689156311,0
2019-12-10,22,Gas,0.8997207764046723,854
2019-12-10,22,Other,0.0005584471906553399,3240
2019-12-10,22,Pumped Storage Demand,0.09972077640467232,0
2019-12-10,23,Gas,0.42933885345193934,853
2019-12-10,23,Hydro,0.14958739361613063,0
2019-12-10,23,Other,0.1671401551976292,2364
2019-12-10,23,Wind,0.2539335977343012,0
2019-12-11,0,Gas,0.996276505973239,864
2019-12-11,0,Wind,0.0037234940267610226,0
2019-12-11,1,Gas,0.41585509357724726,1263
2019-12-11,1,Hydro,0.4990261122926968,0
2019-12-11,1,Wind,0.0851187941300559,0
2019-12-11,2,Gas,0.6631567289966,998
2019-12-11,2,Hydro,0.16631992135077073,0
2019-12-11,2,Other,0.08315996067538536,3240
2019-12-11,2,Wind,0.08736338897724366,0
2019-12-11,3,Gas,0.9981521547097195,910
2019-12-11,3,Wind,0.0018478452902804048,0
2019-12-11,4,Gas,0.7498273286781698,921
2019-12-11,4,Hydro,0.25,0
2019-12-11,4,Wind,0.00017267132183018002,0
2019-12-11,5,Gas,0.8333333333333333,843
2019-12-11,5,Pumped Storage Demand,0.16666666666666666,0
2019-12-11,6,Gas,0.9999999999999998,844
2019-12-11,7,Gas,1.0,840
2019-12-11,8,Gas,1.0,860
2019-12-11,9,Gas,0.875,884
2019-12-11,9,Other,0.125,4116
2019-12-11,10,Gas,0.4166666666666667,868
2019-12-11,10,Pumped Storage,0.5833333333333333,0
2019-12-11,11,Gas,0.4999999999999999,871
2019-12-11,11,Pumped Storage,0.5,0
2019-12-11,12,Gas,1.0,865
2019-12-11,13,Gas,1.0,850
2019-12-11,14,Gas,1.0,897
2019-12-11,15,Gas,1.0,864
2019-12-11,16,Gas,0.9583333333333334,871
2019-12-11,16,Pumped Storage,0.04166666666666667,0
2019-12-11,17,Gas,0.8749999999999999,859
2019-12-11,17,Pumped Storage,0.12499999999999999,0
2019-12-11,18,Gas,0.9583333333333334,888
2019-12-11,18,Pumped Storage,0.04166666666666667,0
2019-12-11,19,Gas,0.6041666666666666,882
2019-12-11,19,Pumped Storage,0.3958333333333333,0
2019-12-11,20,Gas,0.33253745959234415,885
2019-12-11,20,Pumped Storage,0.6658707929256774,0
2019-12-11,20,Wind,0.0015917474819784115,0
2019-12-11,21,Gas,0.9969528760600224,874
2019-12-11,21,Wind,0.0030471239399777255,0
2019-12-11,22,Gas,0.9968946968757363,921
2019-12-11,22,Wind,0.003105303124263973,0
2019-12-11,23,Gas,0.9135885907705228,973
2019-12-11,23,Other,0.0012722085735132505,3240
2019-12-11,23,Wind,0.08513920065596406,0
2019-12-12,0,Gas,0.4208022789834388,830
2019-12-12,0,Hydro,0.19871794871794862,0
2019-12-12,0,Other,0.008217620314199509,4363
2019-12-12,0,Wind,0.37226215198441276,0
2019-12-12,1,Gas,0.9937299829622068,807
2019-12-12,1,Hydro,0.0007944410517426434,0
2019-12-12,1,Other,0.0010592547356568578,3240
2019-12-12,1,Wind,0.004416321250393718,0
2019-12-12,2,Gas,0.9940382139170849,826
2019-12-12,2,Other,0.0008072502627659583,3240
2019-12-12,2,Wind,0.005154535820149292,0
2019-12-12,3,Gas,0.33090738393548547,836
2019-12-12,3,Hydro,0.0010822293091539172,0
2019-12-12,3,Other,0.0016233439637308757,3240
2019-12-12,3,Pumped Storage Demand,0.41356659058753475,0
2019-12-12,3,Wind,0.2528204522040949,0
2019-12-12,4,Hydro,0.001300884230055267,0
2019-12-12,4,Other,0.0015610610760663204,3240
2019-12-12,4,Pumped Storage Demand,0.9919407539830738,0
2019-12-12,4,Wind,0.005197300710804578,0
2019-12-12,5,Gas,0.7467751218448836,809
2019-12-12,5,Hydro,0.0007742556286172993,0
2019-12-12,5,Other,0.0018065964667736986,3240
2019-12-12,5,Pumped Storage Demand,0.08263322926793219,0
2019-12-12,5,Wind,0.16801079679179318,0
2019-12-12,6,Gas,0.45734795865812095,1034
2019-12-12,6,Pumped Storage,0.5394145167481464,0
2019-12-12,6,Wind,0.003237524593732606,0
2019-12-12,7,Gas,0.4157535284461023,889
2019-12-12,7,Pumped Storage,0.582420195112769,0
2019-12-12,7,Wind,0.0018262764411286962,0
2019-12-12,8,Gas,0.33196151802368723,901
2019-12-12,8,Pumped Storage,0.6637128988967589,0
2019-12-12,8,Wind,0.004325583079553904,0
2019-12-12,9,Gas,0.8294363780648317,1017
2019-12-12,9,Hydro,0.04147181890324158,0
2019-12-12,9,Pumped Storage,0.12441545670972474,0
2019-12-12,9,Wind,0.00467634632220203,0
2019-12-12,10,Gas,0.9124849568157489,872
2019-12-12,10,Pumped Storage,0.08295317789234083,0
2019-12-12,10,Wind,0.004561865291910148,0
2019-12-12,11,Gas,0.7770906011248057,883
2019-12-12,11,Pumped Storage,0.22146255938138637,0
2019-12-12,11,Wind,0.0014468394938079467,0
2019-12-12,12,Gas,0.8333333333333333,916
2019-12-12,12,Other,0.16666666666666666,2048
2019-12-12,13,Gas,0.5823454949492121,847
2019-12-12,13,Other,0.08333333333333334,4116
2019-12-12,13,Pumped Storage Demand,0.3327688542566926,0
2019-12-12,13,Wind,0.0015523174607619816,0
2019-12-12,14,Gas,0.7490422060219177,854
2019-12-12,14,Pumped Storage Demand,0.24972634457769077,0
2019-12-12,14,Wind,0.0012314494003913866,0
2019-12-12,15,Gas,1.0,892
2019-12-12,16,Gas,1.0,866
2019-12-12,17,Gas,1.0,877
2019-12-12,18,Gas,1.0,925
2019-12-12,19,Gas,1.0,872
2019-12-12,20,Gas,0.5,892
2019-12-12,20,Pumped Storage,0.5,0
2019-12-12,21,Gas,1.0000000000000002,855
2019-12-12,22,Gas,0.9980007219680619,961
2019-12-12,22,Wind,0.0019992780319382135,0
2019-12-12,23,Gas,0.9981199889024662,829
2019-12-12,23,Wind,0.0018800110975336248,0
2019-12-13,0,Gas,0.7477193660350838,824
2019-12-13,0,Pumped Storage Demand,0.25,0
2019-12-13,0,Wind,0.0022806339649162157,0
2019-12-13,1,Gas,0.41542582548618,839
2019-12-13,1,Pumped Storage Demand,0.581596155680652,0
2019-12-13,1,Wind,0.0029780188331679698,0
2019-12-13,2,Gas,0.9970678683974541,810
2019-12-13,2,Wind,0.002932131602546031,0
2019-12-13,3,Gas,0.9139264701403496,809
2019-12-13,3,Other,0.0830842245582136,2048
2019-12-13,3,Wind,0.002989305301437052,0
2019-12-13,4,Gas,0.5816224970073062,837
2019-12-13,4,Pumped Storage Demand,0.41544464071950443,0
2019-12-13,4,Wind,0.002932862273189328,0
2019-12-13,5,Gas,0.8307018197995261,927
2019-12-13,5,Pumped Storage Demand,0.1661403639599052,0
2019-12-13,5,Wind,0.003157816240568831,0
2019-12-13,6,Gas,0.6225864952996292,858
2019-12-13,6,Pumped Storage,0.37324125192650837,0
2019-12-13,6,Wind,0.004172252773862518,0
2019-12-13,7,Gas,0.9746547884465242,1057
2019-12-13,7,Other,0.020737335924394133,3602
2019-12-13,7,Wind,0.004607875629081677,0
2019-12-13,8,Gas,0.8296154388916074,1115
2019-12-13,8,Pumped Storage,0.16592308777832146,0
2019-12-13,8,Wind,0.004461473330071194,0
2019-12-13,9,Gas,0.822755742938218,870
2019-12-13,9,Pumped Storage,0.1745239454717432,0
2019-12-13,9,Wind,0.002720311590038925,0
2019-12-13,10,Gas,0.9808262443571805,898
2019-12-13,10,Pumped Storage,0.016624173633172548,0
2019-12-13,10,Wind,0.0025495820096468813,0
2019-12-13,11,Gas,0.8314337824362206,1020
2019-12-13,11,Hydro,0.16666666666666666,0
2019-12-13,11,Wind,0.0018995508971127381,0
2019-12-13,12,Gas,0.9986453618922337,859
2019-12-13,12,Wind,0.0013546381077665013,0
2019-12-13,13,Gas,0.8325411719498679,895
2019-12-13,13,Other,0.16666666666666666,4116
2019-12-13,13,Wind,0.0007921613834654318,0
2019-12-13,14,Gas,0.3888888888888889,893
2019-12-13,14,Other,0.6111111111111113,3833
2019-12-13,15,Gas,0.7916666666666665,854
2019-12-13,15,Other,0.2083333333333333,2462
2019-12-13,16,Gas,0.75,918
2019-12-13,16,Pumped Storage,0.25,0
2019-12-13,17,Gas,0.8577856692448076,887
2019-12-13,17,Pumped Storage,0.1414841119704914,0
2019-12-13,17,Wind,0.000730218784701008,0
2019-12-13,18,Gas,0.9331339816561355,935
2019-12-13,18,Import,0.0002491895964970428,0
2019-12-13,18,Pumped Storage,0.06661682874736724,0
2019-12-13,19,Gas,0.8865982741047107,833
2019-12-13,19,Other,0.11075870883662214,2562
2019-12-13,19,Wind,0.0026430170586673554,0
2019-12-13,20,Gas,0.9705507212912952,950
2019-12-13,20,Other,0.027694202731231427,4116
2019-12-13,20,Wind,0.001755075977473401,0
2019-12-13,21,Gas,0.75,903
2019-12-13,21,Pumped Storage Demand,0.16666666666666666,0
2019-12-13,21,Wind,0.08333333333333333,0
2019-12-13,22,Gas,0.9166666666666669,845
2019-12-13,22,Pumped Storage Demand,0.08333333333333336,0
2019-12-13,23,Gas,0.9999999999999999,841
2019-12-14,0,Gas,0.997506496929693,817
2019-12-14,0,Wind,0.002493503070306929,0
2019-12-14,1,Gas,0.9969752759194576,810
2019-12-14,1,Wind,0.0030247240805426076,0
2019-12-14,2,Gas,0.3323234120264732,818
2019-12-14,2,Pumped Storage Demand,0.581565971046328,0
2019-12-14,2,Wind,0.08611061692719874,0
2019-12-14,3,Gas,0.4985986580290789,1263
2019-12-14,3,Hydro,0.16666666666666666,0
2019-12-14,3,Pumped Storage Demand,0.08309977633817982,0
2019-12-14,3,Wind,0.25163489896607466,0
2019-12-14,4,Hydro,0.08333333333333333,0
2019-12-14,4,Pumped Storage Demand,0.9128846486332346,0
2019-12-14,4,Wind,0.0037820180334320985,0
2019-12-14,5,Gas,0.1658256368062744,845
2019-12-14,5,Pumped Storage Demand,0.8291281840313721,0
2019-12-14,5,Wind,0.0050461791623534575,0
2019-12-14,6,Gas,0.9949972305467409,818
2019-12-14,6,Wind,0.005002769453259007,0
2019-12-14,7,Gas,0.5803596321874709,805
2019-12-14,7,Pumped Storage Demand,0.4145425944196221,0
2019-12-14,7,Wind,0.005097773392906964,0
2019-12-14,8,Gas,0.16584603352799013,839
2019-12-14,8,Pumped Storage Demand,0.8292301676399506,0
2019-12-14,8,Wind,0.004923798832059188,0
2019-12-14,9,Gas,0.9951012031364461,813
2019-12-14,9,Wind,0.00489879686355381,0
2019-12-14,10,Gas,0.9951951291374548,851
2019-12-14,10,Wind,0.004804870862545324,0
2019-12-14,11,Gas,0.9962051973423962,842
2019-12-14,11,Wind,0.003794802657603902,0
2019-12-14,12,Gas,0.998179222543995,826
2019-12-14,12,Wind,0.0018207774560048526,0
2019-12-14,13,Gas,0.9981594568909693,931
2019-12-14,13,Wind,0.0018405431090307255,0
2019-12-14,14,Gas,0.9981681862468301,968
2019-12-14,14,Wind,0.0018318137531697126,0
2019-12-14,15,Gas,0.9980186707821908,849
2019-12-14,15,Wind,0.0019813292178091743,0
2019-12-14,16,Gas,0.9987427475795799,862
2019-12-14,16,Hydro,0.0006286262102099774,0
2019-12-14,16,Wind,0.0006286262102099774,0
2019-12-14,17,Gas,0.9984017773550062,859
2019-12-14,17,Wind,0.0015982226449938663,0
2019-12-14,18,Gas,0.8307088966600308,843
2019-12-14,18,Pumped Storage,0.16614177933200616,0
2019-12-14,18,Wind,0.0031493240079630606,0
2019-12-14,19,Gas,0.9138382629214696,868
2019-12-14,19,Pumped Storage,0.0830762057201336,0
2019-12-14,19,Wind,0.0030855313583967327,0
2019-12-14,20,Gas,0.9970023023522447,837
2019-12-14,20,Wind,0.002997697647755327,0
2019-12-14,21,Gas,0.99522744364712,805
2019-12-14,21,Hydro,0.00047209226905469467,0
2019-12-14,21,Wind,0.0043004640838253715,0
2019-12-14,22,Gas,0.8297698854228119,880
2019-12-14,22,Hydro,0.0004886336195439466,0
2019-12-14,22,Pumped Storage,0.16634091092030404,0
2019-12-14,22,Wind,0.003400570037340119,0
2019-12-14,23,Gas,0.8300926627744605,898
2019-12-14,23,Hydro,0.08317729727710313,0
2019-12-14,23,Pumped Storage Demand,0.08296725852753178,0
2019-12-14,23,Wind,0.003762781420904669,0
2019-12-15,0,Gas,0.24869368151861632,817
2019-12-15,0,Hydro,7.497755754634874e-05,0
2019-12-15,0,Other,0.16686552799319088,2104
2019-12-15,0,Pumped Storage Demand,0.5809251863540711,0
2019-12-15,0,Wind,0.003440626576575341,0
2019-12-15,1,Gas,0.8291841117347307,931
2019-12-15,1,Hydro,0.0001535324105242264,0
2019-12-15,1,Other,0.0002834883473973378,3240
2019-12-15,1,Wind,0.17037886750734776,0
2019-12-15,2,Gas,0.8288522965254052,850
2019-12-15,2,Hydro,0.00031906122408836574,0
2019-12-15,2,Other,0.00044257613698086174,3240
2019-12-15,2,Wind,0.17038606611352572,0
2019-12-15,3,Gas,0.332458083985277,851
2019-12-15,3,Hydro,0.24973999760780605,0
2019-12-15,3,Other,0.41563436497536005,3647
2019-12-15,3,Wind,0.0021675534315568137,0
2019-12-15,4,Gas,0.33182919589691495,848
2019-12-15,4,Hydro,0.00022555184675916574,0
2019-12-15,4,Other,0.0003007357956788877,3240
2019-12-15,4,Pumped Storage Demand,0.5800780699209837,0
2019-12-15,4,Wind,0.08756644653966329,0
2019-12-15,5,Gas,0.5802225539532102,821
2019-12-15,5,Hydro,0.0003665164322822809,0
2019-12-15,5,Other,0.00014660657291291237,3240
2019-12-15,5,Pumped Storage Demand,0.33134630715481594,0
2019-12-15,5,Wind,0.08791801588677872,0
2019-12-15,6,Gas,0.9951101502750468,840
2019-12-15,6,Wind,0.004889849724953104,0
2019-12-15,7,Gas,0.41454570452576367,845
2019-12-15,7,Pumped Storage Demand,0.5803639863360692,0
2019-12-15,7,Wind,0.0050903091381670025,0
2019-12-15,8,Gas,0.49736579208268106,852
2019-12-15,8,Pumped Storage,0.4973657920826811,0
2019-12-15,8,Wind,0.005268415834637827,0
2019-12-15,9,Gas,0.828863853546045,892
2019-12-15,9,Other,0.0828863853546045,2048
2019-12-15,9,Pumped Storage,0.0828863853546045,0
2019-12-15,9,Wind,0.005363375744745897,0
2019-12-15,10,Gas,0.9955910516746149,893
2019-12-15,10,Wind,0.004408948325385069,0
2019-12-15,11,Gas,0.747104194419994,947
2019-12-15,11,Other,0.2486435662401659,2044
2019-12-15,11,Wind,0.00425223933984033,0
2019-12-15,12,Gas,0.3592394028634821,852
2019-12-15,12,Other,0.05526760044053571,2048
2019-12-15,12,Pumped Storage,0.580996805560966,0
2019-12-15,12,Wind,0.004496191135016025,0
2019-12-15,13,Gas,0.8842634577726446,862
2019-12-15,13,Other,0.11053293222158059,2048
2019-12-15,13,Wind,0.005203610005774747,0
2019-12-15,14,Gas,0.9944204944396297,903
2019-12-15,14,Hydro,0.00040735062708751484,0
2019-12-15,14,Wind,0.005172154933282879,0
2019-12-15,15,Gas,0.9939125205993528,845
2019-12-15,15,Hydro,0.0007182428968324099,0
2019-12-15,15,Wind,0.0053692365038146735,0
2019-12-15,16,Gas,0.46489247507031056,841
2019-12-15,16,Other,0.16371293005056403,3962
2019-12-15,16,Pumped Storage,0.3547113484428887,0
2019-12-15,16,Wind,0.016683246436236716,0
2019-12-15,17,Gas,0.16474297401574567,1123
2019-12-15,17,Pumped Storage,0.8185463418001598,0
2019-12-15,17,Wind,0.01671068418409434,0
2019-12-15,18,Gas,0.5593624974655657,848
2019-12-15,18,Pumped Storage,0.4229326200349399,0
2019-12-15,18,Wind,0.01770488249949423,0
2019-12-15,19,Gas,0.06140587807573024,860
2019-12-15,19,Other,0.00029570178038111806,3240
2019-12-15,19,Pumped Storage,0.9207924693555725,0
2019-12-15,19,Wind,0.01750595078831598,0
2019-12-15,20,Hydro,0.000606278910604162,0
2019-12-15,20,Pumped Storage,0.9819241679888786,0
2019-12-15,20,Wind,0.017469553100517368,0
2019-12-15,21,Gas,0.5385991208361871,847
2019-12-15,21,Hydro,0.00029249567855042205,0
2019-12-15,21,Other,0.12445241493986409,2050
2019-12-15,21,Pumped Storage,0.3304297521844185,0
2019-12-15,21,Wind,0.006226216360979995,0
2019-12-15,22,Gas,0.994370483267989,829
2019-12-15,22,Other,0.0004302091901443415,3240
2019-12-15,22,Wind,0.005199307541866566,0
2019-12-15,23,Gas,0.7378184106938915,941
2019-12-15,23,Hydro,0.0001947676565082746,0
2019-12-15,23,Other,0.00025969020867769944,3240
2019-12-15,23,Pumped Storage Demand,0.24549471986907773,0
2019-12-15,23,Wind,0.016232411571844872,0
2019-12-16,0,Gas,0.41008699599846943,908
2019-12-16,0,Hydro,0.0002079047095403299,0
2019-12-16,0,Other,0.00013860313969355328,3240
2019-12-16,0,Pumped Storage Demand,0.5746971070630502,0
2019-12-16,0,Wind,0.014869389089246648,0
2019-12-16,1,Gas,0.8317298803245603,817
2019-12-16,1,Other,0.00012860887045392392,3240
2019-12-16,1,Pumped Storage Demand,0.1640794298494274,0
2019-12-16,1,Wind,0.004062080955558386,0
2019-12-16,2,Gas,0.49891858022281954,834
2019-12-16,2,Hydro,0.000365231310975395,0
2019-12-16,2,Pumped Storage Demand,0.4988455339606245,0
2019-12-16,2,Wind,0.0018706545055806475,0
2019-12-16,3,Gas,0.16622909720812098,858
2019-12-16,3,Hydro,0.00019552799695071857,0
2019-12-16,3,Other,0.0005865839908521556,3240
2019-12-16,3,Pumped Storage Demand,0.831145486040605,0
2019-12-16,3,Wind,0.0018433047634710176,0
2019-12-16,4,Gas,0.33250650345831395,959
2019-12-16,4,Hydro,0.00021859236418861227,0
2019-12-16,4,Other,0.0004371847283772245,3240
2019-12-16,4,Pumped Storage Demand,0.6650130069166279,0
2019-12-16,4,Wind,0.0018247125324923092,0
2019-12-16,5,Gas,0.9978839240613696,995
2019-12-16,5,Other,0.00013652353269145198,3240
2019-12-16,5,Wind,0.001979552405938818,0
2019-12-16,6,Gas,0.24933524486883987,1145
2019-12-16,6,Hydro,0.166321810580346,0
2019-12-16,6,Other,0.00014747100167913544,3240
2019-12-16,6,Pumped Storage,0.5821263370312111,0
2019-12-16,6,Wind,0.00206913651792386,0
2019-12-16,7,Gas,0.08307701536715738,845
2019-12-16,7,Pumped Storage,0.914784667286905,0
2019-12-16,7,Wind,0.002138317345937528,0
2019-12-16,8,Gas,0.5830033680653256,821
2019-12-16,8,Pumped Storage,0.4158417534966474,0
2019-12-16,8,Wind,0.0011548784380269372,0
2019-12-16,9,Gas,0.2773959478198638,841
2019-12-16,9,Pumped Storage,0.721916758255891,0
2019-12-16,9,Wind,0.0006872939242451748,0
2019-12-16,10,Gas,0.6657974581808054,871
2019-12-16,10,Pumped Storage,0.33289872909040263,0
2019-12-16,10,Wind,0.0013038127287920219,0
2019-12-16,11,Gas,0.776963900574281,889
2019-12-16,11,Pumped Storage,0.22196178151710325,0
2019-12-16,11,Wind,0.001074317908615739,0
2019-12-16,12,Gas,0.9152121160386337,1026
2019-12-16,12,Hydro,0.08333333333333333,0
2019-12-16,12,Wind,0.0014545506280328898,0
2019-12-16,13,Gas,0.9985682057421157,848
2019-12-16,13,Wind,0.0014317942578842187,0
2019-12-16,14,Gas,0.998432602155045,862
2019-12-16,14,Wind,0.001567397844954754,0
2019-12-16,15,Gas,0.75,1066
2019-12-16,15,Pumped Storage,0.25,0
2019-12-16,16,Gas,0.29114598581165,932
2019-12-16,16,Pumped Storage,0.708110184395469,0
2019-12-16,16,Wind,0.000743829792880986,0
2019-12-16,17,Gas,0.8318525710862408,1071
2019-12-16,17,Pumped Storage,0.16637051421724816,0
2019-12-16,17,Wind,0.0017769146965109749,0
2019-12-16,18,Gas,0.346596197261957,978
2019-12-16,18,Pumped Storage,0.6516008508524791,0
2019-12-16,18,Wind,0.0018029518855638032,0
2019-12-16,19,Gas,0.5822694435702636,959
2019-12-16,19,Pumped Storage,0.4159067454073312,0
2019-12-16,19,Wind,0.0018238110224052053,0
2019-12-16,20,Gas,0.6377542857222873,1088
2019-12-16,20,Pumped Storage,0.3604698136691189,0
2019-12-16,20,Wind,0.0017759006085938292,0
2019-12-16,21,Gas,0.5,845
2019-12-16,21,Pumped Storage,0.4998626021263972,0
2019-12-16,21,Wind,0.00013739787360275287,0
2019-12-16,22,Gas,0.9999999999999999,850
2019-12-16,23,Gas,0.5833333333333335,872
2019-12-16,23,Pumped Storage Demand,0.4166666666666667,0
2019-12-17,0,Pumped Storage Demand,1.0,0
2019-12-17,1,Gas,0.5,805
2019-12-17,1,Pumped Storage Demand,0.5,0
2019-12-17,2,Gas,0.25,1353
2019-12-17,2,Pumped Storage Demand,0.75,0
2019-12-17,3,Pumped Storage Demand,1.0,0
2019-12-17,4,Gas,0.6666666666666667,825
2019-12-17,4,Pumped Storage Demand,0.33333333333333337,0
2019-12-17,5,Gas,0.749692955714279,871
2019-12-17,5,Pumped Storage Demand,0.24953943357141836,0
2019-12-17,5,Wind,0.0007676107143027006,0
2019-12-17,6,Gas,0.7777777777777779,847
2019-12-17,6,Pumped Storage,0.05555555555555555,0
2019-12-17,6,Pumped Storage Demand,0.16666666666666669,0
2019-12-17,7,Gas,0.6944444444444444,811
2019-12-17,7,Pumped Storage,0.3055555555555556,0
2019-12-17,8,Gas,1.0,826
2019-12-17,9,Demand Response,0.020833333333333332,0
2019-12-17,9,Gas,0.8680555555555556,1049
2019-12-17,9,Hydro,0.1111111111111111,0
2019-12-17,10,Demand Response,0.08333333333333333,0
2019-12-17,10,Gas,0.8888888888888888,970
2019-12-17,10,Hydro,0.027777777777777776,0
2019-12-17,11,Demand Response,0.04166666666666666,0
2019-12-17,11,Gas,0.9583333333333331,1001
2019-12-17,12,Gas,1.0,890
2019-12-17,13,Gas,0.8833333333333333,869
2019-12-17,13,Pumped Storage,0.11666666666666668,0
2019-12-17,14,Gas,0.6458333333333331,831
2019-12-17,14,Pumped Storage,0.35416666666666663,0
2019-12-17,15,Gas,0.6805555555555557,846
2019-12-17,15,Pumped Storage,0.3194444444444445,0
2019-12-17,16,Gas,0.916666666666667,1119
2019-12-17,16,Pumped Storage,0.08333333333333334,0
2019-12-17,17,Gas,0.6111111111111112,993
2019-12-17,17,Pumped Storage,0.3888888888888889,0
2019-12-17,18,Gas,0.08333333333333333,837
2019-12-17,18,Pumped Storage,0.9166666666666666,0
2019-12-17,19,Gas,0.9166666666666667,881
2019-12-17,19,Pumped Storage,0.08333333333333334,0
2019-12-17,20,Demand Response,0.04166666666666666,0
2019-12-17,20,Gas,0.9583333333333331,874
2019-12-17,21,Gas,0.9999999999999994,855
2019-12-17,22,Gas,0.8333333333333331,871
2019-12-17,22,Pumped Storage Demand,0.16666666666666666,0
2019-12-17,23,Gas,0.6666666666666666,850
2019-12-17,23,Pumped Storage Demand,0.3333333333333333,0
2019-12-18,0,Gas,0.75,821
2019-12-18,0,Pumped Storage Demand,0.25,0
2019-12-18,1,Gas,0.9999999999999998,820
2019-12-18,2,Gas,1.0,831
2019-12-18,3,Gas,0.6666666666666667,875
2019-12-18,3,Pumped Storage Demand,0.33333333333333337,0
2019-12-18,4,Gas,0.75,840
2019-12-18,4,Pumped Storage Demand,0.25,0
2019-12-18,5,Gas,0.3333333333333333,805
2019-12-18,5,Pumped Storage Demand,0.6666666666666666,0
2019-12-18,6,Gas,0.75,786
2019-12-18,6,Pumped Storage Demand,0.25,0
2019-12-18,7,Gas,1.0,752
2019-12-18,8,Gas,0.9999999999999999,823
2019-12-18,9,Gas,0.9166666666666665,864
2019-12-18,9,Pumped Storage,0.08333333333333333,0
2019-12-18,10,Gas,0.8333333333333331,865
2019-12-18,10,Hydro,0.16666666666666663,0
2019-12-18,11,Gas,1.0,832
2019-12-18,12,Gas,1.0,827
2019-12-18,13,Gas,0.16666666666666669,858
2019-12-18,13,Pumped Storage Demand,0.8333333333333333,0
2019-12-18,14,Gas,0.986111111111111,870
2019-12-18,14,Hydro,0.01388888888888889,0
2019-12-18,15,Gas,0.7972222222222223,851
2019-12-18,15,Hydro,0.11944444444444446,0
2019-12-18,15,Pumped Storage,0.08333333333333334,0
2019-12-18,16,Gas,0.8472222222222219,885
2019-12-18,16,Pumped Storage,0.15277777777777776,0
2019-12-18,17,Demand Response,0.1661977473803868,0
2019-12-18,17,Gas,0.8151661249505712,846
2019-12-18,17,Pumped Storage,0.016666666666666666,0
2019-12-18,17,Wind,0.001969461002375277,0
2019-12-18,18,Demand Response,0.5260577107835818,0
2019-12-18,18,Gas,0.4706832149116259,858
2019-12-18,18,Wind,0.003259074304792238,0
2019-12-18,19,Gas,0.9966115170212576,880
2019-12-18,19,Wind,0.003388482978742441,0
2019-12-18,20,Gas,0.9141205248346864,893
2019-12-18,20,Hydro,0.08305138804726335,0
2019-12-18,20,Other,0.0002905795434203861,3398
2019-12-18,20,Wind,0.0025375075746298225,0
2019-12-18,21,Gas,0.9984333877686848,855
2019-12-18,21,Other,0.00048192641912898584,3398
2019-12-18,21,Wind,0.0010846858121861757,0
2019-12-18,22,Gas,0.9982590406036995,874
2019-12-18,22,Hydro,0.0002390613116250363,0
2019-12-18,22,Other,0.000717183934875109,3240
2019-12-18,22,Wind,0.0007847141498003406,0
2019-12-18,23,Gas,0.9992716135214919,890
2019-12-18,23,Other,0.0007283864785083454,3240
2019-12-19,0,Demand Response,0.24916703159345244,0
2019-12-19,0,Gas,0.7471399201926626,845
2019-12-19,0,Hydro,7.985384040132077e-05,0
2019-12-19,0,Other,0.0005589768828092453,3240
2019-12-19,0,Wind,0.0030542174906743737,0
2019-12-19,1,Gas,0.5812053534356423,831
2019-12-19,1,Other,0.0001532138634728558,3240
2019-12-19,1,Pumped Storage Demand,0.4152561194993679,0
2019-12-19,1,Wind,0.0033853132015168575,0
2019-12-19,2,Pumped Storage Demand,0.9967555410522785,0
2019-12-19,2,Wind,0.0032444589477214855,0
2019-12-19,3,Pumped Storage Demand,0.9966096383645014,0
2019-12-19,3,Wind,0.003390361635498451,0
2019-12-19,4,Gas,1.0,841
2019-12-19,5,Gas,0.9999999999999999,856
2019-12-19,6,Gas,0.9984941280559282,882
2019-12-19,6,Wind,0.0015058719440717606,0
2019-12-19,7,Gas,0.9155372028419835,882
2019-12-19,7,Pumped Storage,0.08328989241699936,0
2019-12-19,7,Wind,0.0011729047410171866,0
2019-12-19,8,Gas,0.873994034313162,893
2019-12-19,8,Oil,0.124856290616166,894
2019-12-19,8,Wind,0.001149675070671869,0
2019-12-19,9,Gas,0.9572963857912977,873
2019-12-19,9,Oil,0.04162158199092599,894
2019-12-19,9,Wind,0.0010820322177764678,0
2019-12-19,10,Gas,0.9988925151850772,834
2019-12-19,10,Wind,0.0011074848149229303,0
2019-12-19,11,Gas,0.7490703513414314,890
2019-12-19,11,Hydro,0.08323003903793683,0
2019-12-19,11,Oil,0.16646007807587365,894
2019-12-19,11,Wind,0.0012395315447580532,0
2019-12-19,12,Gas,0.9868997605697833,837
2019-12-19,12,Wind,0.013100239430216572,0
2019-12-19,13,Gas,0.9857744897561639,847
2019-12-19,13,Wind,0.014225510243835929,0
2019-12-19,14,Gas,0.7475714381742354,837
2019-12-19,14,Hydro,0.2495319688130218,0
2019-12-19,14,Wind,0.0028965930127425763,0
2019-12-19,15,Gas,0.9978680244844564,866
2019-12-19,15,Wind,0.0021319755155435245,0
2019-12-19,16,Gas,0.6647030674889047,844
2019-12-19,16,Oil,0.24956328714523382,1730
2019-12-19,16,Pumped Storage,0.0831877623817446,0
2019-12-19,16,Wind,0.002545882984116695,0
2019-12-19,17,Gas,0.9990218726623376,905
2019-12-19,17,Wind,0.0009781273376624573,0
2019-12-19,18,Gas,0.687070950485254,868
2019-12-19,18,Oil,0.31207095048525396,1618
2019-12-19,18,Wind,0.0008580990294920185,0
2019-12-19,19,Gas,0.9762093197673838,872
2019-12-19,19,Oil,0.020833333333333322,1730
2019-12-19,19,Wind,0.0029573468992826852,0
2019-12-19,20,Gas,0.6647718642619034,1019
2019-12-19,20,Pumped Storage,0.3333333333333333,0
2019-12-19,20,Wind,0.0018948024047632092,0
2019-12-19,21,Gas,0.8316672204494809,852
2019-12-19,21,Oil,0.16666666666666663,1312
2019-12-19,21,Wind,0.0016661128838522249,0
2019-12-19,22,Gas,0.9855521418990137,845
2019-12-19,22,Wind,0.014447858100986264,0
2019-12-19,23,Gas,0.532942536034759,867
2019-12-19,23,Hydro,0.32780834103861706,0
2019-12-19,23,Oil,0.12292812788948139,891
2019-12-19,23,Wind,0.01632099503714272,0
2019-12-20,0,Gas,0.9314632770496364,885
2019-12-20,0,Hydro,0.05479195747350802,0
2019-12-20,0,Wind,0.013744765476855643,0
2019-12-20,1,Gas,0.9932696540157592,863
2019-12-20,1,Wind,0.006730345984240652,0
2019-12-20,2,Demand Response,0.2466046857184703,0
2019-12-20,2,Gas,0.7398140571554109,859
2019-12-20,2,Wind,0.013581257126118703,0
2019-12-20,3,Gas,0.9881085144381004,933
2019-12-20,3,Wind,0.011891485561899489,0
2019-12-20,4,Gas,0.9867559193626003,847
2019-12-20,4,Wind,0.013244080637399592,0
2019-12-20,5,Gas,0.6666666666666666,856
2019-12-20,5,Pumped Storage,0.3333333333333334,0
2019-12-20,6,Gas,0.3541666666666667,869
2019-12-20,6,Pumped Storage,0.6458333333333333,0
2019-12-20,7,Gas,0.18055555555555552,1263
2019-12-20,7,Oil,0.7777777777777778,1607
2019-12-20,7,Pumped Storage,0.041666666666666664,0
2019-12-20,8,Gas,0.16666666666666666,1218
2019-12-20,8,Oil,0.8333333333333334,1524
2019-12-20,9,Gas,0.08333333333333334,874
2019-12-20,9,Hydro,0.5,0
2019-12-20,9,Oil,0.41666666666666674,1371
2019-12-20,10,Demand Response,0.02083333333333333,0
2019-12-20,10,Gas,0.7304000080145628,871
2019-12-20,10,Oil,0.2487666586521039,1428
2019-12-20,11,Gas,0.8212003644812671,871
2019-12-20,11,Hydro,0.16666666666666669,0
2019-12-20,11,Import,0.001213296885206633,0
2019-12-20,11,Wind,0.010919671966859699,0
2019-12-20,12,Gas,0.9851713325670239,876
2019-12-20,12,Wind,0.014828667432975947,0
2019-12-20,13,Gas,0.9853121229924029,849
2019-12-20,13,Wind,0.014687877007597187,0
2019-12-20,14,Gas,0.41068616345766473,844
2019-12-20,14,Pumped Storage Demand,0.5749606288407305,0
2019-12-20,14,Wind,0.014353207701604677,0
2019-12-20,15,Gas,0.75,876
2019-12-20,15,Pumped Storage Demand,0.24643644647833188,0
2019-12-20,15,Wind,0.0035635535216681233,0
2019-12-20,16,Gas,0.9383874061277997,878
2019-12-20,16,Pumped Storage,0.0616125938722004,0
2019-12-20,17,Gas,0.09026715439806439,828
2019-12-20,17,Oil,0.8217769648921149,1565
2019-12-20,17,Pumped Storage,0.08217769648921149,0
2019-12-20,17,Wind,0.005778184220609219,0
2019-12-20,18,Gas,0.5890886305210853,879
2019-12-20,18,Oil,0.4109113694789147,1279
2019-12-20,19,Demand Response,0.09860607823437342,0
2019-12-20,19,Gas,0.8575689981059054,910
2019-12-20,19,Pumped Storage,0.043824923659721515,0
2019-12-20,20,Gas,0.9096195190818386,989
2019-12-20,20,Pumped Storage,0.09038048091816131,0
2019-12-20,21,Gas,0.812334812497367,916
2019-12-20,21,Hydro,0.16666666666666669,0
2019-12-20,21,Pumped Storage,0.016438674341966678,0
2019-12-20,21,Wind,0.004559846493999869,0
2019-12-20,22,Gas,1.0,818
2019-12-20,23,Gas,1.0,822
2019-12-21,0,Gas,1.0000000000000002,846
2019-12-21,1,Gas,1.0,854
2019-12-21,2,Gas,1.0,805
2019-12-21,3,Gas,0.8333333333333334,828
2019-12-21,3,Pumped Storage,0.16666666666666669,0
2019-12-21,4,Gas,0.9166666666666667,853
2019-12-21,4,Pumped Storage,0.08333333333333334,0
2019-12-21,5,Gas,0.75,805
2019-12-21,5,Pumped Storage Demand,0.25,0
2019-12-21,6,Gas,1.0,812
2019-12-21,7,Gas,1.0,805
2019-12-21,8,Gas,1.0,804
2019-12-21,9,Gas,1.0,1200
2019-12-21,10,Gas,0.9999999999999999,934
2019-12-21,11,Gas,1.0,908
2019-12-21,12,Gas,1.0,825
2019-12-21,13,Gas,1.0,894
2019-12-21,14,Gas,1.0,897
2019-12-21,15,Gas,0.5,844
2019-12-21,15,Pumped Storage Demand,0.5,0
2019-12-21,16,Gas,0.9999999999999998,864
2019-12-21,17,Gas,1.0,943
2019-12-21,18,Gas,0.9983248649357173,866
2019-12-21,18,Wind,0.0016751350642828585,0
2019-12-21,19,Gas,0.9980520732896205,876
2019-12-21,19,Wind,0.0019479267103793406,0
2019-12-21,20,Gas,0.5830765501701091,969
2019-12-21,20,Pumped Storage Demand,0.41666666666666663,0
2019-12-21,20,Wind,0.0002567831632241652,0
2019-12-21,21,Gas,1.0,847
2019-12-21,22,Gas,1.0,833
2019-12-21,23,Gas,0.9999999999999999,999
2019-12-22,0,Gas,1.0,1029
2019-12-22,1,Gas,1.0,759
2019-12-22,2,Gas,1.0,805
2019-12-22,3,Gas,1.0,805
2019-12-22,4,Gas,1.0,820
2019-12-22,5,Demand Response,0.125,0
2019-12-22,5,Gas,0.875,898
2019-12-22,6,Gas,0.25,831
2019-12-22,6,Pumped Storage,0.7499999999999999,0
2019-12-22,7,Demand Response,0.027777777777777776,0
2019-12-22,7,Gas,0.2222222222222222,769
2019-12-22,7,Pumped Storage,0.75,0
2019-12-22,8,Gas,0.6666666666666667,820
2019-12-22,8,Pumped Storage,0.33333333333333337,0
2019-12-22,9,Demand Response,0.08333333333333333,0
2019-12-22,9,Gas,0.75,856
2019-12-22,9,Pumped Storage,0.16666666666666666,0
2019-12-22,10,Gas,1.0000000000000002,870
2019-12-22,11,Gas,1.0,862
2019-12-22,12,Gas,1.0,838
2019-12-22,13,Gas,1.0,864
2019-12-22,14,Gas,1.0,862
2019-12-22,15,Gas,0.9027777777777778,893
2019-12-22,15,Pumped Storage,0.09722222222222224,0
2019-12-22,16,Gas,0.3958333333333333,942
2019-12-22,16,Hydro,0.08333333333333331,0
2019-12-22,16,Pumped Storage,0.5208333333333333,0
2019-12-22,17,Gas,0.6041666666666665,1154
2019-12-22,17,Pumped Storage,0.3958333333333333,0
2019-12-22,18,Demand Response,0.08333333333333333,0
2019-12-22,18,Gas,0.8044374228439948,1042
2019-12-22,18,Pumped Storage,0.11088748456879896,0
2019-12-22,18,Wind,0.0013417592538728577,0
2019-12-22,19,Gas,0.5407300270797416,1108
2019-12-22,19,Pumped Storage,0.4581995276780584,0
2019-12-22,19,Wind,0.00107044524219994,0
2019-12-22,20,Gas,0.6666666666666665,1104
2019-12-22,20,Pumped Storage,0.33333333333333326,0
2019-12-22,21,Gas,1.0000000000000002,827
2019-12-22,22,Gas,0.7500000000000002,861
2019-12-22,22,Pumped Storage Demand,0.25000000000000006,0
2019-12-22,23,Demand Response,0.08333333333333334,0
2019-12-22,23,Gas,0.9166666666666667,958
2019-12-23,0,Coal,0.08333333333333333,2375
2019-12-23,0,Gas,0.9166666666666667,866
2019-12-23,1,Gas,0.9999999999999999,835
2019-12-23,2,Gas,1.0000000000000002,836
2019-12-23,3,Gas,1.0,810
2019-12-23,4,Gas,1.0,819
2019-12-23,5,Gas,1.0,814
2019-12-23,6,Gas,0.7499999999999999,858
2019-12-23,6,Other,0.16666666666666666,3602
2019-12-23,6,Pumped Storage,0.08333333333333333,0
2019-12-23,7,Gas,0.6916666666666665,863
2019-12-23,7,Pumped Storage,0.3083333333333333,0
2019-12-23,8,Gas,0.5833333333333333,845
2019-12-23,8,Pumped Storage,0.4166666666666667,0
2019-12-23,9,Gas,0.7291666666666666,858
2019-12-23,9,Pumped Storage,0.27083333333333337,0
2019-12-23,10,Gas,0.9999999999999999,851
2019-12-23,11,Gas,1.0,876
2019-12-23,12,Gas,1.0,875
2019-12-23,13,Gas,1.0,853
2019-12-23,14,Gas,1.0,905
2019-12-23,15,Gas,1.0,870
2019-12-23,16,Coal,0.16611217993198668,2334
2019-12-23,16,Gas,0.8333333333333336,855
2019-12-23,16,Wind,0.0005544867346800632,0
2019-12-23,17,Coal,0.7475095882447162,2334
2019-12-23,17,Gas,0.24916986274823877,898
2019-12-23,17,Wind,0.003320549007044937,0
2019-12-23,18,Coal,0.0830464402973237,2334
2019-12-23,18,Gas,0.912663741745039,883
2019-12-23,18,Wind,0.004289817957637194,0
2019-12-23,19,Gas,0.9955424257127332,922
2019-12-23,19,Wind,0.004457574287266825,0
2019-12-23,20,Gas,0.9954980059180405,856
2019-12-23,20,Wind,0.004501994081959158,0
2019-12-23,21,Gas,0.9953434004792189,881
2019-12-23,21,Wind,0.004656599520780986,0
2019-12-23,22,Gas,0.9123829759383303,853
2019-12-23,22,Other,0.08294390690348456,2048
2019-12-23,22,Wind,0.004673117158185266,0
2019-12-23,23,Gas,0.6655820349305834,903
2019-12-23,23,Other,0.1663872764450043,2048
2019-12-23,23,Pumped Storage Demand,0.1663872764450043,0
2019-12-23,23,Wind,0.0016434121794078236,0
2019-12-24,0,Gas,0.5803493812031476,844
2019-12-24,0,Other,0.1663829667046387,3240
2019-12-24,0,Pumped Storage Demand,0.1657192992836094,0
2019-12-24,0,Wind,0.08754835280860422,0
2019-12-24,1,Gas,0.4979802579135153,940
2019-12-24,1,Wind,0.5020197420864847,0
2019-12-24,2,Gas,0.16633520538808574,993
2019-12-24,2,Wind,0.8336647946119143,0
2019-12-24,3,Gas,0.9972642826935556,949
2019-12-24,3,Wind,0.002735717306444435,0
2019-12-24,4,Gas,0.995319608374563,863
2019-12-24,4,Wind,0.004680391625437121,0
2019-12-24,5,Gas,0.16578750456424401,1087
2019-12-24,5,Pumped Storage Demand,0.82893752282122,0
2019-12-24,5,Wind,0.005274972614536011,0
2019-12-24,6,Gas,0.2486831146603103,809
2019-12-24,6,Other,0.16578874310687353,2048
2019-12-24,6,Pumped Storage Demand,0.5802606008740574,0
2019-12-24,6,Wind,0.005267541358758858,0
2019-12-24,7,Gas,0.9949986962775251,939
2019-12-24,7,Wind,0.005001303722474928,0
2019-12-24,8,Gas,0.9143812290738291,836
2019-12-24,8,Hydro,0.001264908882420858,0
2019-12-24,8,Other,0.08317521972303071,2048
2019-12-24,8,Wind,0.0011786423207192731,0
2019-12-24,9,Gas,0.9976945829658332,883
2019-12-24,9,Hydro,0.001540339450099469,0
2019-12-24,9,Wind,0.0007650775840672325,0
2019-12-24,10,Gas,0.5988316419936208,921
2019-12-24,10,Hydro,0.051335266293004785,0
2019-12-24,10,Pumped Storage Demand,0.2496661834267488,0
2019-12-24,10,Wind,0.10016690828662561,0
2019-12-24,11,Gas,0.5159673537565285,951
2019-12-24,11,Hydro,0.3166666666666669,0
2019-12-24,11,Pumped Storage Demand,0.08333333333333338,0
2019-12-24,11,Wind,0.0840326462434719,0
2019-12-24,12,Gas,0.5828174593213143,972
2019-12-24,12,Hydro,0.33264550131730813,0
2019-12-24,12,Wind,0.08453703936137741,0
2019-12-24,13,Gas,0.8181818181818181,941
2019-12-24,13,Wind,0.18181818181818182,0
2019-12-24,14,Gas,1.0,874
2019-12-24,15,Gas,1.0000000000000002,872
2019-12-24,16,Gas,1.0000000000000002,882
2019-12-24,17,Gas,1.0,916
2019-12-24,18,Gas,1.0,875
2019-12-24,19,Gas,1.0,877
2019-12-24,20,Gas,0.9999999999999999,953
2019-12-24,21,Gas,0.9999999999999999,883
2019-12-24,22,Gas,1.0,828
2019-12-24,23,Gas,0.5937499999999999,928
2019-12-24,23,Hydro,0.3645833333333333,0
2019-12-24,23,Wind,0.041666666666666664,0
2019-12-25,0,Gas,0.5833333333333334,969
2019-12-25,0,Hydro,0.09226190476190477,0
2019-12-25,0,Wind,0.3244047619047619,0
2019-12-25,1,Hydro,0.5075757575757578,0
2019-12-25,1,Other,0.28463203463203474,3405
2019-12-25,1,Wind,0.2077922077922079,0
2019-12-25,2,Gas,0.7500000000000001,993
2019-12-25,2,Pumped Storage Demand,0.16666666666666666,0
2019-12-25,2,Wind,0.08333333333333333,0
2019-12-25,3,Gas,0.5833333333333333,821
2019-12-25,3,Pumped Storage Demand,0.41666666666666663,0
2019-12-25,4,Gas,0.6851851851851852,870
2019-12-25,4,Hydro,0.20370370370370375,0
2019-12-25,4,Wind,0.11111111111111113,0
2019-12-25,5,Gas,0.5,906
2019-12-25,5,Hydro,0.25,0
2019-12-25,5,Wind,0.25,0
2019-12-25,6,Gas,0.9166666666666667,823
2019-12-25,6,Other,0.08333333333333334,3500
2019-12-25,7,Gas,1.0,824
2019-12-25,8,Gas,1.0,823
2019-12-25,9,Gas,1.0,1039
2019-12-25,10,Gas,1.0,981
2019-12-25,11,Gas,1.0,956
2019-12-25,12,Gas,0.75,978
2019-12-25,12,Hydro,0.25,0
2019-12-25,13,Gas,1.0,943
2019-12-25,14,Gas,1.0,834
2019-12-25,15,Gas,1.0,825
2019-12-25,16,Gas,0.9999999999999999,866
2019-12-25,17,Gas,0.9999999999999999,946
2019-12-25,18,Gas,0.9166666666666666,863
2019-12-25,18,Other,0.08333333333333333,2044
2019-12-25,19,Gas,0.9999999999999999,865
2019-12-25,20,Gas,1.0,859
2019-12-25,21,Gas,1.0,830
2019-12-25,22,Gas,0.7499999999999998,817
2019-12-25,22,Hydro,0.08333333333333331,0
2019-12-25,22,Other,0.16666666666666663,3500
2019-12-25,23,Gas,0.4166666666666667,993
2019-12-25,23,Hydro,0.5666666666666667,0
2019-12-25,23,Other,0.016666666666666666,4598
2019-12-26,0,Gas,0.4166666666666667,818
2019-12-26,0,Hydro,0.4166666666666667,0
2019-12-26,0,Wind,0.16666666666666666,0
2019-12-26,1,Gas,0.08333333333333333,818
2019-12-26,1,Hydro,0.5,0
2019-12-26,1,Other,0.16666666666666666,2048
2019-12-26,1,Wind,0.25,0
2019-12-26,2,Hydro,0.3333333333333333,0
2019-12-26,2,Pumped Storage Demand,0.4166666666666667,0
2019-12-26,2,Wind,0.25,0
2019-12-26,3,Pumped Storage Demand,1.0,0
2019-12-26,4,Gas,0.5833333333333334,859
2019-12-26,4,Hydro,0.16666666666666669,0
2019-12-26,4,Pumped Storage Demand,0.16666666666666669,0
2019-12-26,4,Wind,0.08333333333333334,0
2019-12-26,5,Gas,1.0,918
2019-12-26,6,Gas,0.9999999999999999,862
2019-12-26,7,Gas,1.0,835
2019-12-26,8,Gas,1.0,861
2019-12-26,9,Gas,1.0000000000000002,838
2019-12-26,10,Gas,1.0000000000000002,841
2019-12-26,11,Gas,1.0,846
2019-12-26,12,Gas,1.0,841
2019-12-26,13,Gas,1.0,832
2019-12-26,14,Gas,1.0,821
2019-12-26,15,Gas,1.0,821
2019-12-26,16,Gas,0.8333333333333334,855
2019-12-26,16,Other,0.16666666666666669,2044
2019-12-26,17,Gas,0.7499999999999999,851
2019-12-26,17,Pumped Storage,0.25,0
2019-12-26,18,Gas,1.0,843
2019-12-26,19,Gas,0.9142531200070076,844
2019-12-26,19,Pumped Storage,0.0830651614822601,0
2019-12-26,19,Wind,0.002681718510732432,0
2019-12-26,20,Gas,0.9968248050958752,852
2019-12-26,20,Wind,0.0031751949041249196,0
2019-12-26,21,Gas,0.996799254014745,857
2019-12-26,21,Wind,0.003200745985255022,0
2019-12-26,22,Gas,0.9968305942483854,1085
2019-12-26,22,Wind,0.003169405751614508,0
2019-12-26,23,Gas,0.9968960727318164,838
2019-12-26,23,Wind,0.003103927268183393,0
2019-12-27,0,Gas,0.999751672154439,820
2019-12-27,0,Wind,0.00024832784556068463,0
2019-12-27,1,Gas,0.8333333333333333,834
2019-12-27,1,Other,0.16666666666666666,2044
2019-12-27,2,Gas,0.9967469213278122,928
2019-12-27,2,Wind,0.0032530786721877477,0
2019-12-27,3,Gas,0.9969867540283502,896
2019-12-27,3,Wind,0.003013245971649807,0
2019-12-27,4,Gas,0.9973663834157468,881
2019-12-27,4,Wind,0.002633616584253136,0
2019-12-27,5,Gas,0.7494674874201595,859
2019-12-27,5,Pumped Storage Demand,0.25,0
2019-12-27,5,Wind,0.0005325125798404703,0
2019-12-27,6,Gas,0.9990034445297162,841
2019-12-27,6,Wind,0.0009965554702839566,0
2019-12-27,7,Gas,0.41666666666666663,836
2019-12-27,7,Pumped Storage,0.5833333333333334,0
2019-12-27,8,Gas,0.4166666666666667,873
2019-12-27,8,Pumped Storage,0.5833333333333334,0
2019-12-27,9,Demand Response,0.10416666666666666,0
2019-12-27,9,Gas,0.8958333333333333,885
2019-12-27,10,Gas,0.9375000000000001,967
2019-12-27,10,Pumped Storage,0.0625,0
2019-12-27,11,Gas,0.9991871633369055,1061
2019-12-27,11,Wind,0.0008128366630944851,0
2019-12-27,12,Gas,0.8611111111111107,908
2019-12-27,12,Hydro,0.13888888888888887,0
2019-12-27,13,Gas,0.972222222222222,935
2019-12-27,13,Hydro,0.027777777777777776,0
2019-12-27,14,Gas,0.7500000000000001,881
2019-12-27,14,Pumped Storage,0.25,0
2019-12-27,15,Gas,0.8312932924259411,881
2019-12-27,15,Pumped Storage,0.16637523225132492,0
2019-12-27,15,Wind,0.0023314753227342356,0
2019-12-27,16,Gas,0.8328167084117023,867
2019-12-27,16,Pumped Storage,0.16666666666666669,0
2019-12-27,16,Wind,0.0005166249216309853,0
2019-12-27,17,Gas,1.0,1018
2019-12-27,18,Gas,0.9375,971
2019-12-27,18,Pumped Storage,0.06249999999999999,0
2019-12-27,19,Gas,0.9583333333333333,856
2019-12-27,19,Other,0.041666666666666664,2044
2019-12-27,20,Gas,0.8750000000000002,858
2019-12-27,20,Other,0.12500000000000006,3080
2019-12-27,21,Gas,1.0,877
2019-12-27,22,Gas,0.37500000000000006,838
2019-12-27,22,Other,0.12500000000000003,2048
2019-12-27,22,Pumped Storage Demand,0.49991079086737955,0
2019-12-27,22,Wind,8.920913262050483e-05,0
2019-12-27,23,Gas,0.08333333333333333,851
2019-12-27,23,Pumped Storage Demand,0.9166666666666666,0
2019-12-28,0,Gas,0.49999999999999994,1018
2019-12-28,0,Pumped Storage Demand,0.4999999999999999,0
2019-12-28,1,Gas,1.0,1048
2019-12-28,2,Gas,1.0,822
2019-12-28,3,Gas,1.0,847
2019-12-28,4,Gas,0.5,834
2019-12-28,4,Pumped Storage Demand,0.5,0
2019-12-28,5,Gas,0.5,975
2019-12-28,5,Pumped Storage Demand,0.5,0
2019-12-28,6,Gas,0.41666666666666674,845
2019-12-28,6,Pumped Storage Demand,0.5833333333333334,0
2019-12-28,7,Gas,0.3333333333333333,845
2019-12-28,7,Pumped Storage Demand,0.6666666666666666,0
2019-12-28,8,Gas,0.6663747099596604,859
2019-12-28,8,Pumped Storage Demand,0.3324574632123144,0
2019-12-28,8,Wind,0.0011678268280252717,0
2019-12-28,9,Gas,0.41522253359940925,857
2019-12-28,9,Pumped Storage Demand,0.5818892002660759,0
2019-12-28,9,Wind,0.002888266134514682,0
2019-12-28,10,Gas,0.9967522648703333,837
2019-12-28,10,Wind,0.0032477351296666943,0
2019-12-28,11,Gas,0.33246720233969973,857
2019-12-28,11,Pumped Storage Demand,0.6666666666666667,0
2019-12-28,11,Wind,0.0008661309936336247,0
2019-12-28,12,Gas,0.08333333333333336,851
2019-12-28,12,Pumped Storage Demand,0.9159706406665038,0
2019-12-28,12,Wind,0.0006960260001628474,0
2019-12-28,13,Gas,0.749597261167074,990
2019-12-28,13,Pumped Storage Demand,0.25,0
2019-12-28,13,Wind,0.0004027388329259753,0
2019-12-28,14,Gas,0.8331343989752511,847
2019-12-28,14,Other,0.1664677323085845,2044
2019-12-28,14,Wind,0.0003978687161643348,0
2019-12-28,15,Gas,0.9998057875493102,837
2019-12-28,15,Wind,0.00019421245068971076,0
2019-12-28,16,Gas,0.9988838380378048,836
2019-12-28,16,Wind,0.0011161619621952877,0
2019-12-28,17,Gas,0.4162475588195849,848
2019-12-28,17,Pumped Storage,0.5827465823474188,0
2019-12-28,17,Wind,0.0010058588329963354,0
2019-12-28,18,Gas,0.9156881832762219,862
2019-12-28,18,Pumped Storage,0.08324438029783836,0
2019-12-28,18,Wind,0.0010674364259398536,0
2019-12-28,19,Gas,0.943484408039164,848
2019-12-28,19,Other,0.05549908282583318,2048
2019-12-28,19,Wind,0.0010165091350029939,0
2019-12-28,20,Gas,1.0,829
2019-12-28,21,Gas,1.0,827
2019-12-28,22,Gas,0.997661336401432,805
2019-12-28,22,Wind,0.00233866359856796,0
2019-12-28,23,Gas,0.9968736485630871,853
2019-12-28,23,Wind,0.0031263514369129454,0
2019-12-29,0,Gas,0.9137527376819475,893
2019-12-29,0,Other,0.08306843069835886,2048
2019-12-29,0,Wind,0.0031788316196934598,0
2019-12-29,1,Gas,0.9166666666666667,912
2019-12-29,1,Other,0.0830660887895116,3962
2019-12-29,1,Wind,0.00026724454382170813,0
2019-12-29,2,Gas,0.9305555555555555,846
2019-12-29,2,Other,0.06944444444444445,2048
2019-12-29,3,Gas,1.0,894
2019-12-29,4,Gas,1.0,919
2019-12-29,5,Gas,0.9999999999999999,965
2019-12-29,6,Gas,0.8194444444444444,876
2019-12-29,6,Other,0.18055555555555558,2342
2019-12-29,7,Gas,0.9444444444444445,1021
2019-12-29,7,Other,0.05555555555555555,3005
2019-12-29,8,Gas,0.9999999999999999,847
2019-12-29,9,Gas,0.8333333333333333,848
2019-12-29,9,Pumped Storage Demand,0.16666666666666669,0
2019-12-29,10,Gas,1.0,968
2019-12-29,11,Gas,1.0,827
2019-12-29,12,Gas,1.0,830
2019-12-29,13,Gas,1.0,831
2019-12-29,14,Gas,1.0,823
2019-12-29,15,Gas,1.0000000000000002,860
2019-12-29,16,Gas,0.49999999999999994,876
2019-12-29,16,Pumped Storage,0.5,0
2019-12-29,17,Gas,0.9999999999999999,930
2019-12-29,18,Gas,1.0,837
2019-12-29,19,Gas,0.5833333333333335,893
2019-12-29,19,Other,0.33333333333333337,3484
2019-12-29,19,Pumped Storage,0.08333333333333334,0
2019-12-29,20,Gas,0.9166666666666666,838
2019-12-29,20,Other,0.08333333333333333,2048
2019-12-29,21,Gas,0.8333333333333333,821
2019-12-29,21,Pumped Storage Demand,0.16666666666666666,0
2019-12-29,22,Gas,0.8333333333333331,814
2019-12-29,22,Pumped Storage Demand,0.16666666666666663,0
2019-12-29,23,Gas,0.16666666666666669,820
2019-12-29,23,Pumped Storage Demand,0.8333333333333334,0
2019-12-30,0,Gas,0.5833333333333333,827
2019-12-30,0,Pumped Storage Demand,0.41666666666666663,0
2019-12-30,1,Gas,1.0,877
2019-12-30,2,Gas,1.0,881
2019-12-30,3,Gas,1.0,843
2019-12-30,4,Gas,0.9166666666666667,917
2019-12-30,4,Other,0.08333333333333334,2044
2019-12-30,5,Gas,0.41666666666666663,837
2019-12-30,5,Pumped Storage Demand,0.5833333333333334,0
2019-12-30,6,Gas,1.0,878
2019-12-30,7,Gas,1.0,846
2019-12-30,8,Gas,0.9999999999999999,863
2019-12-30,9,Gas,0.8333333333333335,941
2019-12-30,9,Pumped Storage,0.16666666666666669,0
2019-12-30,10,Gas,0.7083333333333334,889
2019-12-30,10,Pumped Storage,0.2916666666666667,0
2019-12-30,11,Gas,0.9583333333333333,1162
2019-12-30,11,Pumped Storage,0.041666666666666664,0
2019-12-30,12,Gas,0.9375000000000001,883
2019-12-30,12,Pumped Storage,0.0625,0
2019-12-30,13,Gas,0.7500000000000002,881
2019-12-30,13,Pumped Storage,0.25000000000000006,0
2019-12-30,14,Gas,0.75,1032
2019-12-30,14,Pumped Storage,0.25,0
2019-12-30,15,Gas,0.24999999999999997,986
2019-12-30,15,Pumped Storage,0.7500000000000001,0
2019-12-30,16,Gas,0.2776761797240072,909
2019-12-30,16,Pumped Storage,0.7219428275743532,0
2019-12-30,16,Wind,0.0003809927016397532,0
2019-12-30,17,Gas,0.4718128514435292,875
2019-12-30,17,Pumped Storage,0.5273202457310031,0
2019-12-30,17,Wind,0.000866902825467519,0
2019-12-30,18,Gas,0.8328278111944196,968
2019-12-30,18,Hydro,0.0005777395873298913,0
2019-12-30,18,Pumped Storage,0.1665222317698342,0
2019-12-30,18,Wind,7.221744841623641e-05,0
2019-12-30,19,Gas,0.9158534883847536,858
2019-12-30,19,Hydro,0.000813178281913257,0
2019-12-30,19,Pumped Storage,0.0832594080349776,0
2019-12-30,19,Wind,7.392529835575064e-05,0
2019-12-30,20,Gas,0.8742461260846844,848
2019-12-30,20,Hydro,0.00021539254723301375,0
2019-12-30,20,Other,0.1248923037263835,2044
2019-12-30,20,Wind,0.0006461776416990411,0
2019-12-30,21,Gas,0.9996208992043525,839
2019-12-30,21,Hydro,0.00037910079564742994,0
2019-12-30,22,Gas,1.0,831
2019-12-30,23,Gas,1.0,835
2019-12-31,0,Gas,1.0,869
2019-12-31,1,Gas,0.8333333333333334,815
2019-12-31,1,Other,0.16666666666666669,3240
2019-12-31,2,Gas,0.8329526059047483,1027
2019-12-31,2,Hydro,0.16666666666666666,0
2019-12-31,2,Wind,0.00038072742858499776,0
2019-12-31,3,Gas,0.3329413474982094,823
2019-12-31,3,Hydro,0.24980400708243805,0
2019-12-31,3,Pumped Storage Demand,0.41617668437276173,0
2019-12-31,3,Wind,0.0010779610465909974,0
2019-12-31,4,Gas,0.7492068032599336,1008
2019-12-31,4,Hydro,0.0009694626823031702,0
2019-12-31,4,Pumped Storage Demand,0.24973560108664458,0
2019-12-31,4,Wind,8.813297111847001e-05,0
2019-12-31,5,Gas,0.9988854777176379,911
2019-12-31,5,Hydro,0.0011145222823620417,0
2019-12-31,6,Gas,0.9989602830417534,815
2019-12-31,6,Hydro,0.00017328615970776964,0
2019-12-31,6,Wind,0.0008664307985388482,0
2019-12-31,7,Gas,0.9989756778505694,805
2019-12-31,7,Wind,0.0010243221494306213,0
2019-12-31,8,Gas,0.999011344244308,851
2019-12-31,8,Wind,0.000988655755691913,0
2019-12-31,9,Gas,0.8325406760540406,866
2019-12-31,9,Hydro,7.926572792927745e-05,0
2019-12-31,9,Pumped Storage,0.1665081352108081,0
2019-12-31,9,Wind,0.0008719230072220522,0
2019-12-31,10,Gas,0.6451812729730501,866
2019-12-31,10,Other,0.3329967860506065,2044
2019-12-31,10,Pumped Storage,0.020812299128162907,0
2019-12-31,10,Wind,0.0010096418481804848,0
2019-12-31,11,Gas,0.9199869191223347,863
2019-12-31,11,Pumped Storage,0.07909389802409213,0
2019-12-31,11,Wind,0.0009191828535731034,0
2019-12-31,12,Gas,0.9990859049867636,861
2019-12-31,12,Wind,0.0009140950132362781,0
2019-12-31,13,Gas,0.999547866789684,982
2019-12-31,13,Wind,0.0004521332103160387,0
2019-12-31,14,Gas,0.7493171183584415,1064
2019-12-31,14,Other,0.24977237278614717,2044
2019-12-31,14,Wind,0.0009105088554112878,0
2019-12-31,15,Gas,0.7493091106751502,841
2019-12-31,15,Other,0.08325656785279448,2044
2019-12-31,15,Pumped Storage,0.16666666666666666,0
2019-12-31,15,Wind,0.0007676548053886377,0
2019-12-31,16,Gas,0.7777777777777777,859
2019-12-31,16,Other,0.055555555555555546,2048
2019-12-31,16,Pumped Storage,0.16666666666666663,0
2019-12-31,17,Gas,1.0000000000000002,903
2019-12-31,18,Gas,0.9990962663048144,872
2019-12-31,18,Wind,0.0009037336951857302,0
2019-12-31,19,Gas,0.9992793793532442,879
2019-12-31,19,Wind,0.0007206206467558169,0
2019-12-31,20,Gas,0.9999999999999999,882
2019-12-31,21,Gas,1.0,835
2019-12-31,22,Gas,0.9722222222222223,834
2019-12-31,22,Other,0.02777777777777778,2048
2019-12-31,23,Gas,0.6250000000000001,878
2019-12-31,23,Other,0.3750000000000001,3005
